,CO,Convolutional
0,213.1315789473684,228.08463
1,214.07894736842104,229.75832
2,219.28947368421058,224.4667
3,200.78947368421046,229.52933
4,198.38461538461536,208.9103
5,219.05263157894743,218.30212
6,236.42105263157904,233.61946
7,227.56410256410248,237.18654
8,224.92105263157893,230.84688
9,257.3333333333333,233.56096
10,272.52631578947364,262.592
11,239.974358974359,266.8649
12,221.13157894736847,233.22
13,228.4102564102565,238.12425
14,233.3947368421053,232.83852
15,220.56410256410257,236.15195
16,261.1578947368422,222.14876
17,232.28947368421052,226.24304
18,241.948717948718,226.91154
19,215.94736842105254,227.34666
20,230.38461538461536,215.7751
21,210.5263157894736,216.05457
22,210.41025641025635,212.38948
23,209.73684210526324,214.17444
24,223.9230769230769,216.96394
25,257.15789473684214,217.92511
26,220.2105263157895,262.99985
27,204.87179487179486,262.28723
28,208.4210526315789,208.57791
29,204.2051282051283,209.79062
30,208.7105263157895,210.53668
31,208.48717948717945,211.14775
32,213.55263157894728,214.35161
33,263.578947368421,215.63078
34,298.1282051282052,274.56595
35,307.6052631578948,272.90793
36,231.6666666666666,305.37732
37,214.57894736842098,292.15707
38,208.78947368421055,208.76964
39,216.10526315789468,211.00005
40,208.66666666666666,214.66222
41,208.47368421052641,216.31487
42,208.6578947368422,206.47397
43,243.69230769230757,208.94472
44,248.34210526315795,247.1452
45,256.921052631579,244.39253
46,278.8157894736843,253.9859
47,326.2368421052631,251.86884
48,312.6315789473685,342.63992
49,288.57894736842104,326.14832
50,296.34210526315786,279.6333
51,294.21052631578937,271.47055
52,247.60526315789468,290.13812
53,227.73684210526324,280.52298
54,228.2631578947368,222.34665
55,261.07894736842115,217.62814
56,300.55263157894746,259.85513
57,314.23684210526307,260.76907
58,318.6923076923077,304.68768
59,307.1578947368421,298.2423
60,310.5526315789472,300.97437
61,363.60526315789457,299.61853
62,275.1538461538462,322.86053
63,228.13157894736833,282.18176
64,212.55263157894743,213.25584
65,203.9736842105264,210.7934
66,205.6842105263157,204.64513
67,203.9736842105264,202.09962
68,191.47368421052636,209.18437
69,187.89473684210535,206.03378
70,189.23076923076914,195.72066
71,189.08108108108118,194.2865
72,187.73684210526324,199.64685
73,178.1794871794872,199.11136
74,176.7631578947368,187.1831
75,178.89473684210532,196.42857
76,187.71052631578948,189.54709
77,175.42105263157904,199.05142
78,170.35135135135138,181.63042
79,211.36842105263156,190.68517
80,210.10526315789465,236.83774
81,245.10526315789477,241.86653
82,261.73684210526324,254.60202
83,345.07894736842087,256.34332
84,252.05263157894734,314.7744
85,206.94736842105257,283.86642
86,198.3947368421052,189.77893
87,204.7368421052632,187.73558
88,206.08108108108104,206.6417
89,197.4736842105264,201.47206
90,219.07894736842113,198.83974
91,233.76315789473693,194.17899
92,217.1578947368422,234.34003
93,214.02631578947359,223.48326
94,201.52631578947364,222.59535
95,198.3684210526316,214.30844
96,190.7368421052631,203.2995
97,183.00000000000003,204.83072
98,183.59459459459458,190.95337
99,234.26315789473682,196.33354
100,240.02631578947376,252.85971
101,276.8421052631578,249.60518
102,288.0526315789472,269.69827
103,264.15789473684197,274.9289
104,216.57894736842104,252.10297
105,201.28947368421055,253.72656
106,190.62162162162167,204.47365
107,263.7948717948719,208.40474
108,307.10810810810807,281.0391
109,310.9736842105262,275.95364
110,297.1315789473683,301.39474
111,252.05263157894734,294.35788
112,251.55263157894728,240.38162
113,232.578947368421,236.60072
114,226.86486486486484,230.15627
115,242.36842105263165,230.91635
116,218.921052631579,240.31903
117,224.94736842105266,238.98322
118,239.4736842105264,229.6075
119,239.76315789473676,227.14311
120,221.86842105263156,239.59482
121,222.15789473684208,239.08862
122,213.44736842105266,229.94917
123,200.13157894736844,231.52855
124,202.2051282051283,211.11598
125,185.2631578947369,217.80714
126,194.578947368421,197.2354
127,253.97368421052647,206.38269
128,292.3421052631579,272.80743
129,261.0263157894736,278.41638
130,301.91891891891885,251.62943
131,276.41025641025635,250.76016
132,236.35135135135144,267.25174
133,210.49999999999994,263.7851
134,202.23684210526324,212.47417
135,216.28947368421044,212.32587
136,242.10526315789468,223.68086
137,229.84210526315798,220.55872
138,220.9210526315789,227.07942
139,225.49999999999997,224.65779
140,227.63157894736847,230.49988
141,233.76315789473693,231.57172
142,226.74358974358984,237.40488
143,233.78947368421055,242.08492
144,250.81578947368428,239.3807
145,269.4210526315789,245.46785
146,243.84210526315798,273.3155
147,213.8421052631578,276.25146
148,209.82051282051282,218.02934
149,216.89473684210523,223.60968
150,224.26315789473685,225.58894
151,256.4736842105263,229.15955
152,274.13157894736844,263.8964
153,277.57894736842104,268.47052
154,245.05263157894734,274.0005
155,242.1315789473684,272.00903
156,256.2307692307691,241.02289
157,234.68421052631584,241.13539
158,234.1052631578947,231.3653
159,269.58974358974353,233.39995
160,241.2105263157894,267.6227
161,224.89473684210526,270.85757
162,243.38461538461533,221.92151
163,259.657894736842,221.95976
164,242.89473684210517,264.3266
165,247.1794871794871,261.45074
166,222.00000000000006,249.44664
167,238.1025641025641,246.25063
168,268.2105263157896,245.22981
169,246.17948717948718,243.62897
170,204.5263157894737,240.74187
171,193.57894736842104,238.11517
172,195.1578947368422,200.10716
173,209.97435897435906,205.38219
174,215.2368421052632,220.30206
175,209.34210526315786,223.53876
176,229.84210526315798,212.15956
177,286.4615384615385,216.85765
178,305.5789473684211,295.27707
179,281.68421052631567,295.61725
180,244.65789473684202,273.55304
181,306.3333333333332,267.90936
182,311.42105263157885,312.82498
183,297.8157894736841,305.70117
184,251.47368421052641,280.2578
185,230.42105263157896,263.55994
186,218.2368421052632,220.23442
187,207.65789473684208,216.3243
188,201.8157894736842,197.93854
189,203.9736842105264,203.51398
190,232.2368421052632,202.60582
191,254.45945945945954,210.24251
192,276.0526315789473,262.10413
193,305.108108108108,260.1833
194,315.4999999999999,312.65335
195,280.81578947368433,301.52097
196,302.2631578947368,270.5507
197,273.7631578947368,264.9605
198,286.3783783783785,263.60287
199,265.9444444444445,258.58047
200,309.16216216216213,256.8691
201,304.1081081081082,251.33182
202,314.9166666666667,295.1047
203,289.81578947368416,287.10367
204,295.578947368421,279.9623
205,296.6842105263157,275.0842
206,270.4473684210527,292.23837
207,235.76923076923075,285.63034
208,194.6052631578948,231.96432
209,190.07894736842113,229.82849
210,183.65789473684208,195.50789
211,176.52631578947367,197.45833
212,174.65789473684214,182.55673
213,174.41025641025644,188.78256
214,170.02631578947364,179.42986
215,172.92105263157893,184.95795
216,177.65789473684214,181.10231
217,177.44736842105257,188.59866
218,162.76315789473685,183.32469
219,179.83783783783775,190.003
220,171.52631578947367,191.89412
221,171.23684210526315,198.40837
222,163.71052631578942,176.33258
223,211.89473684210532,182.6839
224,213.78947368421052,232.08531
225,278.8947368421053,228.9607
226,276.7567567567569,277.6272
227,240.86842105263167,279.3745
228,267.3157894736843,235.48662
229,278.5263157894738,234.29042
230,232.89473684210535,267.5967
231,204.23684210526315,259.86868
232,200.71052631578954,204.59714
233,189.8378378378378,208.35098
234,180.8157894736843,191.45486
235,175.3421052631579,190.46826
236,182.63157894736847,178.83612
237,179.91891891891888,179.91992
238,181.94736842105266,185.8736
239,214.92105263157896,187.90054
240,296.4210526315791,232.94878
241,309.5000000000001,233.59102
242,312.6315789473685,302.9901
243,312.07894736842104,300.0054
244,313.4210526315789,306.89786
245,262.83783783783775,303.86108
246,303.5526315789472,251.32986
247,316.7105263157895,251.52048
248,317.02631578947376,311.84723
249,313.9473684210527,301.0862
250,310.9736842105262,309.6015
251,311.63157894736855,300.97684
252,313.4210526315789,311.25943
253,308.7368421052632,304.4343
254,272.3157894736842,307.5761
255,245.55263157894746,301.42755
256,227.1351351351351,244.59245
257,209.34210526315786,240.6133
258,202.7368421052632,210.42458
259,186.3947368421053,215.09406
260,173.7105263157895,190.64267
261,175.0526315789474,197.15517
262,185.42105263157896,183.12782
263,183.39473684210523,190.55344
264,185.4473684210526,188.82494
265,177.5526315789474,194.27066
266,187.60526315789468,186.4775
267,199.8421052631579,195.2016
268,200.65789473684214,213.33124
269,194.81578947368422,219.59474
270,217.078947368421,208.1009
271,200.55263157894743,216.51913
272,218.02631578947359,203.47742
273,224.99999999999994,208.29407
274,268.71052631578937,229.936
275,262.32432432432427,230.20255
276,224.47368421052627,253.49026
277,279.4473684210528,251.09634
278,226.52631578947367,280.0718
279,218.72972972972974,281.3409
280,206.92105263157904,225.19954
281,229.0789473684211,222.18
282,250.97368421052636,234.30473
283,234.68421052631584,226.25456
284,223.51351351351352,234.81795
285,227.6666666666666,232.0063
286,198.94736842105266,232.0087
287,186.21052631578945,228.91982
288,218.52631578947376,189.31151
289,210.36842105263167,187.47609
290,166.97368421052636,207.9568
291,148.6052631578948,204.46913
292,199.26315789473676,152.95273
293,242.6315789473685,162.43506
294,190.10526315789468,241.21364
295,200.65789473684214,229.95828
296,211.15789473684214,203.23712
297,176.5526315789473,190.88821
298,164.73684210526312,175.32753
299,162.5789473684211,171.80814
300,162.81578947368425,165.99677
301,164.28947368421055,164.892
302,164.81578947368428,170.55713
303,164.71052631578945,169.95436
304,161.84210526315795,170.89143
305,156.78947368421052,176.82736
306,155.13157894736835,160.71405
307,164.02631578947367,170.23633
308,165.52631578947367,171.84987
309,171.8717948717948,180.28635
310,175.78947368421055,181.95377
311,182.0,190.05182
312,182.4473684210526,193.203
313,180.55263157894743,201.0623
314,184.50000000000003,189.05368
315,186.3157894736842,197.24237
316,187.57894736842104,197.831
317,191.4473684210526,207.12997
318,197.0263157894737,206.35223
319,205.28947368421046,216.35028
320,203.7894736842106,213.5517
321,193.40540540540542,222.64388
322,202.21052631578945,196.5594
323,256.55263157894734,207.7603
324,264.7105263157896,274.55646
325,286.84210526315803,278.64172
326,240.81578947368416,292.79483
327,227.89473684210523,280.59802
328,210.18421052631578,220.29645
329,211.31578947368416,218.20941
330,242.921052631579,208.73973
331,229.68421052631584,209.52408
332,209.4864864864864,222.04805
333,210.78947368421044,219.04305
334,204.55263157894734,206.62578
335,190.70270270270274,208.09746
336,189.60526315789474,190.79999
337,191.42105263157904,196.19397
338,192.76315789473688,196.64519
339,194.28947368421058,202.16026
340,201.36842105263167,202.66609
341,198.86842105263165,206.9643
342,193.44736842105272,206.84592
343,269.4210526315789,211.36241
344,323.421052631579,297.38293
345,335.3513513513513,302.61612
346,317.4210526315789,328.29764
347,317.0789473684209,309.13248
348,319.9210526315789,306.55978
349,270.7894736842104,292.74994
350,341.7631578947369,252.36844
351,327.948717948718,250.52481
352,313.78947368421046,317.82288
353,266.2631578947368,293.55063
354,238.5526315789473,248.20009
355,220.42105263157904,239.30853
356,235.71052631578942,216.15082
357,228.44736842105272,208.3843
358,220.81578947368413,227.06409
359,225.40540540540542,219.53377
360,220.81578947368413,224.4834
361,203.86842105263162,215.72826
362,204.7894736842105,207.88693
363,209.5526315789474,213.18454
364,215.3421052631579,215.41562
365,285.49999999999994,217.46005
366,261.52631578947364,292.5883
367,229.3157894736843,299.3376
368,279.6842105263157,233.21144
369,283.89473684210526,236.92577
370,309.1578947368421,281.1939
371,349.02631578947364,272.12387
372,316.4594594594595,318.95154
373,253.63157894736838,282.8388
374,257.26315789473676,237.03212
375,243.23684210526315,233.75342
376,237.15789473684217,236.34554
377,239.15789473684202,225.19093
378,247.7027027027026,239.26656
379,254.92105263157896,231.5853
380,279.5263157894736,252.34515
381,271.921052631579,248.28314
382,269.2631578947368,266.4116
383,252.26315789473693,261.39246
384,245.70270270270268,245.6365
385,244.28947368421046,247.56392
386,246.50000000000006,243.6867
387,234.23684210526304,248.24931
388,243.18421052631567,236.94917
389,302.1842105263157,243.01337
390,301.0789473684209,298.93918
391,326.73684210526307,309.46143
392,337.3684210526316,322.90778
393,340.4864864864864,316.91342
394,340.5526315789472,336.65833
395,332.8684210526316,321.78125
396,339.4473684210528,329.9977
397,331.94736842105266,320.82657
398,288.57894736842104,330.87527
399,270.07894736842104,320.70926
400,288.3513513513513,260.54132
401,301.2105263157895,254.17914
402,305.26315789473676,295.90405
403,300.55263157894746,288.31467
404,305.3421052631578,292.27994
405,296.97368421052636,286.79047
406,312.0526315789473,290.971
407,303.7631578947369,286.04044
408,322.21052631578965,298.29715
409,277.7692307692307,291.00867
410,246.5263157894736,266.62537
411,273.97368421052636,261.45874
412,299.8684210526317,270.5007
413,315.3421052631578,269.2198
414,338.58974358974353,312.2765
415,330.4054054054053,304.61624
416,322.0263157894737,328.52853
417,289.7894736842106,317.65292
418,246.3846153846153,282.20267
419,243.36842105263167,279.07776
420,272.57894736842104,239.29742
421,276.0789473684209,236.18694
422,249.42105263157904,270.48846
423,221.49999999999994,267.35013
424,203.18918918918922,224.65414
425,181.6052631578947,229.44734
426,192.21052631578956,184.20949
427,179.15789473684214,187.91794
428,165.84210526315795,176.79997
429,162.73684210526312,177.33353
430,156.78378378378378,164.3283
431,152.73684210526312,169.3437
432,151.2631578947369,156.00758
433,159.34210526315795,164.68091
434,161.8684210526316,164.68425
435,170.99999999999994,171.69753
436,156.5526315789474,175.7555
437,196.07894736842104,180.34383
438,246.5263157894736,224.96616
439,277.1842105263157,229.17897
440,253.28947368421046,264.98273
441,210.08108108108104,265.34128
442,173.6052631578948,208.12471
443,168.3947368421053,213.538
444,165.78947368421058,175.30582
445,166.21052631578948,180.19478
446,163.65789473684214,171.70168
447,170.21052631578956,175.62823
448,168.6052631578947,177.60062
449,164.92105263157902,182.09499
450,166.23684210526312,176.54173
451,165.34210526315786,185.00366
452,167.36842105263165,169.61195
453,166.31578947368425,176.59354
454,184.0,175.46367
455,191.73684210526315,184.14056
456,185.18421052631575,196.61978
457,179.52631578947364,201.37267
458,166.76315789473685,184.37553
459,153.13157894736838,188.05975
460,147.28947368421052,158.93433
461,142.97368421052636,165.7568
462,142.86842105263165,145.9805
463,145.4324324324324,154.80716
464,144.57894736842104,151.26547
465,146.10526315789468,160.50781
466,177.68421052631584,149.24736
467,209.26315789473682,158.2228
468,205.84210526315783,209.88797
469,209.70270270270265,202.80675
470,176.94736842105257,214.77325
471,155.89473684210523,211.20967
472,151.13157894736835,160.87231
473,158.4054054054054,165.40239
474,159.52631578947367,169.4413
475,162.13157894736835,171.79338
476,158.3783783783784,167.39363
477,148.8974358974359,168.31032
478,148.67567567567565,143.50017
479,156.5526315789474,147.68924
480,152.73684210526312,163.68156
481,153.07894736842107,171.02501
482,173.34210526315786,160.24521
483,177.28947368421058,168.93597
484,183.05263157894734,182.4805
485,172.84210526315786,183.1859
486,181.30769230769238,178.1643
487,193.15789473684214,180.4637
488,266.1315789473684,200.3729
489,248.5526315789474,199.77664
490,290.657894736842,240.35956
491,278.39473684210526,233.89886
492,313.3076923076923,269.74207
493,313.86842105263156,261.05734
494,318.51351351351354,303.4255
495,268.31578947368433,291.11166
496,217.78947368421058,253.53271
497,208.1842105263158,251.2208
498,201.42105263157887,205.8941
499,205.39473684210523,200.45084
500,195.84210526315792,205.37239
501,187.3421052631578,201.433
502,174.10526315789477,187.84277
503,192.26315789473682,189.36208
504,195.0,202.21953
505,180.39473684210523,204.9344
506,178.21052631578948,178.88503
507,178.84210526315783,184.48186
508,170.57894736842098,182.4033
509,174.8684210526316,189.32166
510,238.54054054054063,189.13649
511,238.23684210526315,200.38313
512,260.78947368421046,235.81718
513,286.5526315789473,243.01172
514,213.0263157894737,272.6377
515,176.73684210526312,277.63858
516,172.89189189189193,170.58855
517,167.60526315789468,174.68701
518,165.50000000000006,164.72609
519,167.84210526315795,165.58359
520,171.28947368421052,166.67259
521,178.44736842105257,167.51447
522,177.945945945946,178.4539
523,178.71052631578948,178.27994
524,179.6315789473684,180.07007
525,174.0,181.9284
526,166.13157894736847,175.24248
527,163.13157894736838,182.15623
528,161.3947368421052,167.93463
529,160.07894736842104,177.06316
530,154.86842105263156,166.33336
531,158.65789473684208,176.11276
532,195.4594594594594,167.79036
533,167.15789473684217,177.85538
534,227.84210526315786,162.35724
535,279.8947368421052,167.25526
536,300.842105263158,261.2925
537,304.9736842105262,254.02808
538,307.44736842105254,293.94125
539,308.2631578947367,277.66428
540,308.5263157894736,302.0449
541,294.5526315789473,286.01944
542,216.76315789473693,283.04092
543,182.08108108108107,269.29944
544,178.15789473684208,174.11824
545,175.6052631578947,174.26894
546,182.64864864864862,174.87442
547,200.0789473684211,175.63916
548,201.7894736842105,206.38492
549,187.73684210526324,202.70033
550,180.89473684210517,181.46436
551,180.1842105263157,180.63431
552,188.57894736842104,186.13481
553,188.18421052631572,190.26207
554,187.63157894736838,200.95944
555,174.8684210526316,209.35448
556,176.71052631578954,179.96902
557,170.28947368421058,187.95253
558,248.57894736842098,179.08296
559,262.55263157894746,189.27695
560,245.34210526315786,254.371
561,275.02631578947364,250.57132
562,215.99999999999997,268.85846
563,176.52631578947367,268.03232
564,167.81578947368425,173.3505
565,163.05128205128204,174.07436
566,159.56756756756752,161.89546
567,154.65789473684214,163.19019
568,152.52631578947373,153.1386
569,162.6315789473684,156.57948
570,163.7631578947368,167.99318
571,158.62162162162156,173.26979
572,148.81578947368428,158.86568
573,145.49999999999994,164.62344
574,147.86842105263162,148.44107
575,148.00000000000006,160.1052
576,153.89473684210523,154.00612
577,154.83783783783787,165.12627
578,150.44736842105263,160.18892
579,159.36842105263165,168.22748
580,203.49999999999991,174.51866
581,205.63157894736844,184.38342
582,184.26315789473693,205.06218
583,164.4210526315789,203.87314
584,162.421052631579,170.53963
585,165.97368421052633,177.25014
586,164.23684210526318,174.10716
587,161.0526315789473,180.10661
588,163.42105263157887,170.90399
589,176.84210526315792,180.2318
590,205.50000000000009,186.69128
591,210.84210526315786,191.42671
592,223.84210526315783,213.83707
593,188.25641025641033,216.58789
594,176.3947368421053,189.8285
595,179.57894736842104,197.7448
596,173.52631578947367,188.46686
597,166.89473684210523,193.73154
598,160.47368421052627,172.56773
599,154.2631578947369,178.99625
600,155.65789473684217,159.32928
601,153.49999999999994,169.51694
602,153.81578947368416,157.7194
603,155.99999999999994,168.31157
604,153.47368421052633,160.69926
605,152.60526315789474,170.22078
606,153.34210526315786,159.24142
607,153.92105263157902,169.8464
608,153.49999999999994,160.63013
609,159.8947368421052,170.6373
610,165.39473684210532,167.85783
611,185.15789473684208,175.97482
612,210.86842105263162,201.26016
613,223.97368421052636,207.99446
614,241.40540540540553,226.79485
615,220.8684210526316,229.65747
616,222.18421052631584,213.41982
617,200.66666666666666,216.02641
618,198.5263157894736,192.55283
619,189.15789473684214,198.25618
620,180.21621621621622,192.706
621,169.71052631578954,200.06827
622,183.76315789473685,169.43303
623,187.1842105263158,176.4159
624,182.15789473684214,193.24432
625,197.81081081081078,196.428
626,249.18421052631572,207.98854
627,225.18421052631578,208.14859
628,215.39473684210523,213.27612
629,213.5263157894736,208.79306
630,202.56410256410257,208.45575
631,191.6052631578947,209.2366
632,216.86842105263165,194.01584
633,250.6578947368422,193.98694
634,238.02631578947373,259.6397
635,298.8157894736843,256.01038
636,298.66666666666674,304.87854
637,309.02631578947364,295.41196
638,305.9210526315791,306.27972
639,300.4736842105264,292.2677
640,273.02631578947376,295.0111
641,220.57894736842107,284.16238
642,210.31578947368422,217.6144
643,196.54054054054055,215.2839
644,185.9473684210527,196.5738
645,180.68421052631572,195.31427
646,181.23684210526318,181.50055
647,182.05263157894743,183.8847
648,185.2894736842105,190.09117
649,190.05263157894728,196.46931
650,188.6052631578948,198.26428
651,176.36842105263165,203.85704
652,170.92105263157893,175.18802
653,172.9736842105264,181.65002
654,175.18421052631575,179.52292
655,194.1052631578947,188.32819
656,179.84210526315795,202.81293
657,239.86842105263162,208.10959
658,252.76315789473693,263.7038
659,272.73684210526307,260.34085
660,202.15789473684208,261.73822
661,169.68421052631578,265.7174
662,160.64864864864862,168.32587
663,156.3421052631579,173.43999
664,160.1315789473684,156.96724
665,163.0,161.98798
666,159.28947368421046,161.78983
667,161.24324324324334,163.02286
668,162.02564102564097,160.63394
669,159.36842105263165,163.82346
670,156.10526315789474,160.33029
671,154.6052631578947,165.31218
672,158.00000000000006,158.98822
673,164.48648648648648,168.18951
674,160.00000000000006,177.87256
675,243.86842105263162,187.08604
676,252.3421052631578,282.799
677,276.7105263157894,275.8683
678,277.32432432432444,259.20688
679,303.3947368421054,259.2329
680,296.2894736842104,284.86218
681,300.05263157894746,280.1816
682,301.0263157894737,286.1867
683,299.43243243243234,277.76694
684,299.0263157894737,289.13525
685,266.2631578947368,281.66745
686,190.57894736842096,252.00772
687,175.027027027027,248.14943
688,172.4615384615384,174.25871
689,166.1081081081081,176.84464
690,163.34210526315783,167.32501
691,161.3157894736843,171.67532
692,161.42105263157902,165.90617
693,156.3421052631579,172.6564
694,164.60526315789474,159.34926
695,168.23684210526312,166.58911
696,177.5263157894737,177.75633
697,179.28947368421046,184.1043
698,178.71052631578948,190.02113
699,171.0526315789473,197.3679
700,161.9210526315789,182.50577
701,168.13157894736847,191.31773
702,173.7105263157895,179.21344
703,230.7368421052632,186.97374
704,250.3947368421052,253.56119
705,210.1282051282051,250.91412
706,175.52631578947364,204.96147
707,159.73684210526312,207.71056
708,157.84210526315795,160.43439
709,147.86842105263162,168.9767
710,143.0526315789474,148.37119
711,141.2894736842105,159.06203
712,152.42105263157896,142.407
713,166.50000000000006,153.46335
714,162.31578947368425,163.49977
715,159.71052631578942,163.87813
716,162.6315789473684,160.14758
717,153.421052631579,164.62444
718,153.57894736842098,157.7993
719,148.3684210526316,166.07677
720,146.47368421052636,153.20746
721,141.9736842105263,161.74854
722,145.23684210526312,145.95976
723,151.10526315789468,155.89676
724,143.55263157894734,159.9467
725,202.15789473684208,169.07417
726,224.18421052631587,239.2165
727,221.35135135135138,235.72313
728,179.0526315789474,210.02094
729,174.8684210526316,204.62183
730,174.36842105263162,182.6428
731,161.84210526315795,187.43024
732,154.76315789473688,165.75919
733,152.13157894736835,172.12738
734,153.99999999999994,154.82796
735,154.28947368421055,163.18913
736,156.921052631579,157.0358
737,156.48717948717947,165.47816
738,160.6052631578948,161.87617
739,168.0526315789474,170.86823
740,167.5526315789474,178.39612
741,166.13157894736847,186.09479
742,167.5526315789474,173.20407
743,166.31578947368425,180.80643
744,159.4736842105264,174.09789
745,161.81578947368425,182.01302
746,156.39473684210523,170.46144
747,152.10256410256414,179.75475
748,148.2368421052631,158.23297
749,152.13157894736835,169.17447
750,150.6486486486486,157.63138
751,156.76923076923072,167.60442
752,160.05263157894734,162.92198
753,176.05263157894746,171.0175
754,243.1891891891892,195.33136
755,229.7631578947369,203.17477
756,264.9473684210526,218.70743
757,285.07894736842115,216.83269
758,238.3684210526316,272.63293
759,208.6578947368422,260.30185
760,191.0540540540541,203.40869
761,176.5526315789473,198.41432
762,174.55263157894737,175.14096
763,168.6052631578947,174.39363
764,166.1081081081081,167.25792
765,218.36842105263167,167.5858
766,202.60526315789465,247.6238
767,193.08108108108112,245.75592
768,186.34210526315786,187.85571
769,191.921052631579,187.16515
770,185.16216216216225,198.26973
771,177.26315789473688,203.50418
772,187.36842105263156,179.7775
773,190.9473684210526,185.0801
774,201.71052631578942,194.15341
775,209.2894736842105,195.92802
776,228.31578947368413,212.17764
777,246.00000000000003,211.61339
778,281.7368421052633,249.18819
779,232.36842105263153,251.14697
780,221.10256410256414,219.06538
781,205.97297297297294,217.08379
782,221.55263157894737,207.5599
783,224.18421052631587,211.19807
784,212.35897435897436,224.86212
785,204.84210526315795,225.26945
786,190.13157894736844,207.90967
787,200.18421052631584,208.95056
788,197.4210526315789,210.46019
789,188.50000000000009,211.837
790,190.1282051282051,192.3139
791,186.3947368421053,197.18723
792,207.81578947368425,192.68419
793,192.5263157894736,196.6219
794,195.21052631578948,191.14224
795,194.5,193.96434
796,184.68421052631587,203.38713
797,192.23684210526315,207.80475
798,196.84210526315795,201.63298
799,268.6315789473683,205.21904
800,325.44736842105254,289.50873
801,338.92307692307685,291.5851
802,342.7894736842106,327.64426
803,282.2894736842106,306.5634
804,270.94736842105254,261.58417
805,242.921052631579,259.1947
806,219.71052631578956,231.21457
807,198.86842105263165,228.80266
808,204.36842105263153,197.05232
809,205.99999999999997,199.86465
810,176.10526315789474,211.58328
811,162.18421052631575,212.13147
812,158.21052631578942,158.62224
813,150.44736842105263,163.49251
814,143.47368421052627,146.85738
815,138.0,154.77527
816,140.71052631578954,136.5707
817,155.3783783783784,146.8325
818,166.53846153846155,158.37227
819,178.97368421052633,164.84953
820,274.47368421052624,192.27513
821,315.7435897435897,199.0522
822,322.6842105263159,295.47897
823,331.42105263157885,283.5896
824,312.39473684210515,314.0968
825,293.1315789473684,298.9113
826,273.28205128205127,278.4861
827,273.92105263157896,269.31558
828,254.34210526315786,266.25317
829,206.42105263157893,260.64618
830,196.9473684210527,200.03133
831,225.57894736842107,197.5243
832,203.92105263157887,242.11092
833,196.07894736842104,242.65837
834,181.3947368421052,199.22975
835,156.2631578947369,200.09251
836,152.68421052631575,150.37956
837,168.13157894736847,156.71356
838,184.2564102564103,168.31432
839,189.5,171.64948
840,184.73684210526312,196.42047
841,193.1842105263158,201.00504
842,167.86842105263165,201.24178
843,136.84210526315783,206.56822
844,132.74358974358972,131.07222
845,138.31578947368422,141.61583
846,251.55263157894728,148.0782
847,258.15789473684214,164.58832
848,275.921052631579,240.14137
849,261.07894736842115,228.42767
850,224.0789473684211,238.29207
851,215.79487179487177,226.1062
852,175.18421052631575,205.42249
853,152.63157894736838,195.41539
854,146.9473684210526,142.87523
855,140.41025641025638,140.03734
856,144.57894736842104,136.40382
857,151.84210526315792,137.18336
858,159.49999999999997,151.24274
859,167.921052631579,157.10391
860,167.5641025641026,170.6993
861,159.49999999999997,174.03195
862,149.05263157894743,158.96611
863,144.68421052631578,165.11656
864,157.07894736842098,146.02356
865,166.2631578947369,155.49622
866,165.5526315789474,176.72913
867,192.97368421052641,182.09148
868,283.8421052631578,213.39001
869,301.2894736842105,218.19016
870,313.21052631578937,285.31653
871,304.2894736842106,275.91293
872,229.81578947368425,288.41376
873,180.0263157894736,282.8384
874,169.02702702702706,167.6598
875,171.7631578947369,168.28488
876,165.10526315789474,169.69179
877,159.84210526315795,171.78601
878,150.52631578947373,155.36273
879,145.23684210526312,159.3427
880,153.3684210526316,142.6478
881,148.21052631578945,150.97755
882,147.3684210526316,147.66652
883,147.4736842105264,155.22124
884,146.68421052631584,150.93219
885,148.05263157894734,160.01485
886,144.81578947368425,154.0725
887,145.8947368421052,163.15508
888,148.47368421052627,150.66028
889,154.7368421052632,159.18172
890,156.23684210526318,161.94174
891,150.65789473684205,168.33751
892,149.6052631578948,155.53009
893,151.9736842105264,163.93832
894,141.10526315789477,158.98523
895,141.1538461538462,167.5244
896,140.2368421052632,145.51913
897,138.4473684210527,155.15712
898,145.65789473684208,142.7053
899,245.47368421052627,152.77963
900,212.0789473684211,287.53696
901,221.34210526315783,267.77368
902,172.36842105263156,207.5148
903,157.5384615384616,191.54471
904,145.23684210526312,158.31374
905,142.23684210526318,158.74019
906,142.1842105263158,143.38388
907,153.39473684210526,147.40538
908,143.65789473684214,162.32103
909,128.73684210526318,165.53345
910,129.63157894736844,124.592865
911,127.21052631578951,130.70982
912,129.68421052631578,127.21121
913,126.92105263157896,135.64444
914,124.21052631578945,128.54227
915,127.1052631578948,137.00719
916,131.10256410256417,129.3293
917,129.7105263157895,136.64392
918,129.40540540540547,133.66185
919,139.60526315789477,140.57845
920,227.4615384615384,156.90883
921,275.7894736842105,166.49483
922,298.2631578947367,256.94232
923,311.5,238.69484
924,310.842105263158,293.9378
925,299.3243243243244,273.75815
926,255.41025641025635,277.2754
927,259.6052631578948,257.43362
928,170.44736842105263,251.48401
929,162.37837837837836,239.06581
930,157.5263157894737,152.75465
931,171.18421052631575,142.11694
932,163.18421052631572,176.85648
933,164.0526315789473,177.7805
934,152.52631578947373,166.16638
935,152.34210526315792,169.38509
936,170.28947368421058,152.02144
937,175.00000000000006,157.78423
938,158.02631578947373,170.87076
939,155.94736842105257,169.26762
940,162.3947368421052,157.02274
941,150.2631578947368,162.92795
942,144.71052631578945,150.31314
943,165.81578947368425,157.83163
944,247.73684210526324,186.99574
945,271.2631578947368,196.0411
946,291.578947368421,255.05759
947,181.00000000000003,253.48172
948,160.52631578947367,158.34813
949,153.0689655172413,156.5928
950,152.26315789473688,147.31256
951,146.39473684210532,151.01309
952,141.7368421052631,142.50171
953,141.71052631578948,147.3957
954,142.3421052631579,139.85738
955,146.83783783783787,144.36314
956,153.421052631579,147.99734
957,146.05263157894734,153.07973
958,142.63157894736847,145.90907
959,145.84210526315783,151.71304
960,153.84210526315792,150.81139
961,159.07894736842107,157.96645
962,163.23684210526318,166.76978
963,153.92105263157902,171.25417
964,206.6315789473684,158.02783
965,306.108108108108,163.70291
966,320.68421052631584,310.23752
967,328.5789473684211,293.28033
968,324.2631578947369,302.49942
969,294.3157894736841,276.22266
970,267.7105263157896,270.69577
971,259.657894736842,259.37915
972,215.05405405405403,248.24701
973,186.3947368421053,238.21228
974,175.9473684210527,172.0277
975,187.68421052631575,163.16937
976,166.18421052631575,189.41528
977,151.2631578947369,187.31036
978,141.57894736842098,143.58168
979,144.9736842105263,147.70837
980,142.07894736842107,142.09785
981,148.8108108108108,144.13547
982,160.81578947368422,148.78831
983,161.57894736842098,150.77197
984,176.078947368421,161.99709
985,183.00000000000003,163.4685
986,163.97368421052633,184.91643
987,163.1351351351352,183.0437
988,181.3947368421052,167.75731
989,267.421052631579,170.6454
990,270.921052631579,278.38193
991,186.34210526315786,257.26047
992,167.44736842105263,157.91486
993,171.54054054054052,150.01788
994,169.25641025641022,171.8786
995,169.13157894736838,170.96736
996,164.4736842105264,165.86084
997,166.78947368421055,164.55724
998,170.73684210526318,163.67728
999,170.49999999999994,162.9563
1000,168.31578947368425,167.40628
1001,175.8684210526316,168.1934
1002,168.71052631578942,173.34674
1003,165.3684210526316,172.89441
1004,162.60526315789468,170.42029
1005,159.26315789473688,175.57333
1006,161.44736842105266,163.18245
1007,166.4210526315789,167.89407
1008,169.92105263157902,172.5387
1009,160.02631578947367,176.41129
1010,231.7105263157894,162.53284
1011,286.102564102564,167.14485
1012,301.4473684210526,278.34668
1013,262.3421052631579,265.20944
1014,204.02631578947373,242.79535
1015,199.34210526315798,231.23029
1016,187.84210526315786,192.77129
1017,186.0526315789474,181.50903
1018,174.05405405405403,185.60216
1019,173.92105263157887,177.92851
1020,169.36842105263156,174.25253
1021,165.60526315789468,168.40834
1022,160.31578947368416,164.75826
1023,157.47368421052633,167.88295
1024,154.68421052631575,158.95314
1025,144.57894736842104,164.31976
1026,146.57894736842104,149.1706
1027,180.89473684210517,158.30025
1028,233.8421052631579,191.75327
1029,264.07894736842115,192.25255
1030,188.21052631578954,257.29904
1031,171.52631578947367,254.93912
1032,164.71052631578945,163.89474
1033,151.578947368421,159.40184
1034,158.78947368421046,148.97258
1035,179.7631578947369,150.81775
1036,182.94736842105266,193.64174
1037,161.42105263157902,191.18692
1038,150.55263157894743,149.25319
1039,147.84210526315783,146.52281
1040,153.34210526315786,144.76694
1041,150.6052631578947,146.30319
1042,196.921052631579,150.49168
1043,283.3947368421054,154.27689
1044,289.1052631578947,287.3682
1045,218.44736842105263,266.17178
1046,167.52631578947373,198.46094
1047,159.68421052631584,188.00755
1048,154.23684210526315,154.0058
1049,153.5263157894737,149.53781
1050,150.84210526315783,152.96509
1051,162.1052631578948,150.42982
1052,223.24324324324323,164.97887
1053,222.65789473684205,161.6462
1054,195.26315789473685,210.17351
1055,204.1842105263157,201.76451
1056,176.44736842105257,203.87764
1057,173.86842105263156,196.34712
1058,201.71052631578942,172.12068
1059,208.47368421052641,168.82758
1060,190.64864864864873,201.94658
1061,184.36842105263162,195.41728
1062,204.7368421052632,182.81136
1063,221.34210526315783,182.13167
1064,275.52631578947376,223.44958
1065,310.18421052631584,222.47267
1066,307.55263157894734,288.9694
1067,327.60526315789474,276.13092
1068,290.8684210526317,316.19806
1069,238.31578947368413,300.215
1070,245.7837837837838,219.82637
1071,250.71052631578948,202.3735
1072,260.5263157894737,244.50789
1073,264.8684210526316,236.7662
1074,233.26315789473682,260.26553
1075,207.2631578947369,250.59381
1076,220.47368421052624,197.93047
1077,221.49999999999994,195.13791
1078,208.7368421052632,221.80568
1079,197.1315789473684,217.87929
1080,213.05263157894734,189.23254
1081,226.26315789473685,186.3617
1082,219.92105263157887,231.02065
1083,247.73684210526324,230.04358
1084,295.18421052631567,249.33011
1085,293.7105263157896,247.39156
1086,270.1052631578947,295.19403
1087,242.07894736842093,289.2052
1088,232.6315789473685,236.95287
1089,304.05263157894734,232.91597
1090,322.5263157894736,304.37686
1091,331.63157894736855,307.8714
1092,335.1842105263159,324.39337
1093,322.94736842105266,310.62274
1094,306.05263157894734,316.17288
1095,270.9459459459459,306.05243
1096,227.94736842105272,257.88147
1097,211.6153846153846,255.24103
1098,217.78947368421058,207.72003
1099,241.55263157894728,205.50458
1100,237.44736842105252,245.59114
1101,256.31578947368433,242.42502
1102,247.07894736842115,250.94977
1103,248.65789473684217,252.23785
1104,233.78947368421055,239.84921
1105,231.76315789473693,238.08664
1106,238.94594594594588,225.01428
1107,240.3157894736842,228.14456
1108,242.99999999999994,242.53151
1109,302.52631578947376,249.91602
1110,308.65789473684197,304.68634
1111,320.31578947368416,310.3852
1112,306.0540540540541,314.56323
1113,291.4473684210526,304.01715
1114,279.7631578947368,285.5615
1115,251.34210526315798,279.37888
1116,237.34210526315795,241.9813
1117,223.8947368421052,237.3906
1118,209.47368421052633,219.06364
1119,214.71052631578956,216.89355
1120,197.86842105263162,213.36458
1121,192.07894736842107,211.37256
1122,189.81578947368422,187.39923
1123,177.18421052631578,188.44518
1124,190.7368421052631,173.8153
1125,182.3157894736842,178.62303
1126,172.10526315789474,181.57307
1127,155.47368421052636,185.75233
1128,154.7894736842105,153.28467
1129,151.10526315789468,157.74977
1130,147.84210526315783,152.74799
1131,145.8947368421052,156.68346
1132,146.0,148.72641
1133,146.99999999999997,152.68677
1134,255.05263157894734,157.16576
1135,223.55263157894734,165.78728
1136,267.10526315789474,218.00531
1137,243.2631578947369,210.512
1138,205.50000000000009,229.19139
1139,176.92105263157887,212.13116
1140,159.31578947368416,165.94429
1141,155.5641025641025,154.7726
1142,155.86486486486496,153.6451
1143,156.13157894736835,145.95427
1144,175.36842105263165,157.07997
1145,170.94736842105257,149.94447
1146,140.5526315789473,169.27466
1147,134.8421052631579,168.35039
1148,136.1315789473684,138.36845
1149,137.97368421052636,140.28944
1150,142.07894736842107,140.95299
1151,156.31578947368422,143.44423
1152,171.7631578947369,161.70735
1153,230.92105263157902,161.60088
1154,285.3947368421053,249.69987
1155,299.1842105263157,239.23262
1156,274.8947368421053,285.9498
1157,219.44736842105254,275.36957
1158,181.94736842105266,200.12862
1159,160.86842105263153,189.08066
1160,149.13157894736835,155.21378
1161,144.94594594594594,156.09328
1162,145.94736842105263,146.13509
1163,152.92105263157896,151.91757
1164,150.8717948717949,155.01187
1165,142.35135135135133,159.08989
1166,138.39473684210523,144.14328
1167,131.42105263157893,150.83876
1168,128.05263157894737,131.85814
1169,115.05263157894734,137.82562
1170,106.84210526315793,116.378174
1171,102.55263157894737,120.190704
1172,99.52631578947364,106.17176
1173,98.07894736842103,104.68353
1174,101.47368421052632,101.72817
1175,101.42105263157897,101.01069
1176,101.2368421052632,107.05472
1177,100.28947368421049,110.97375
1178,105.15789473684214,106.31247
1179,102.7894736842105,112.58494
1180,104.55263157894738,110.42547
1181,106.36842105263155,117.98136
1182,106.65789473684215,114.55575
1183,104.34210526315792,121.13532
1184,103.6315789473684,111.62722
1185,104.55263157894738,117.99301
1186,170.68421052631584,111.8165
1187,237.1315789473684,119.0585
1188,236.13157894736844,238.07768
1189,242.43243243243242,189.45776
1190,180.23076923076925,229.69751
1191,148.0270270270271,201.23506
1192,135.7105263157895,148.14023
1193,132.5526315789474,126.78136
1194,134.34210526315795,137.0911
1195,149.7105263157895,121.88683
1196,153.84210526315792,156.85912
1197,158.51282051282047,137.57224
1198,146.92105263157896,158.32768
1199,144.35135135135135,158.93616
1200,154.0526315789473,143.87212
1201,158.68421052631575,147.72398
1202,182.21052631578945,163.01868
1203,234.63157894736844,165.15817
1204,266.89473684210515,255.7872
1205,295.7105263157895,247.84082
1206,236.36842105263165,276.24475
1207,263.2368421052633,268.84692
1208,280.0789473684211,247.07207
1209,303.7368421052632,239.39804
1210,283.0263157894737,287.4612
1211,267.43243243243245,276.98297
1212,276.7105263157894,252.31339
1213,269.65789473684214,242.12595
1214,214.3947368421053,257.69495
1215,176.23684210526324,248.81732
1216,259.3157894736843,174.16815
1217,308.28947368421063,180.36612
1218,313.76315789473693,290.56235
1219,312.4210526315789,282.92184
1220,311.55263157894734,304.34964
1221,276.42105263157896,283.2534
1222,198.8157894736842,260.68246
1223,167.5,246.87038
1224,170.72972972972974,158.00328
1225,160.31578947368416,154.50443
1226,158.39473684210523,152.7308
1227,166.21052631578948,147.81879
1228,166.3947368421053,168.98738
1229,160.76315789473682,170.90096
1230,219.73684210526307,157.49394
1231,246.3157894736841,160.63062
1232,301.34210526315786,232.05704
1233,240.84210526315795,222.84894
1234,216.10526315789468,221.22421
1235,185.18421052631575,212.44646
1236,214.47368421052641,177.17851
1237,217.52631578947376,176.06223
1238,176.86842105263153,204.12749
1239,183.1315789473684,188.44229
1240,159.13513513513516,185.6092
1241,157.46153846153845,177.84459
1242,154.7894736842105,155.29689
1243,150.578947368421,155.09674
1244,148.31578947368425,149.30354
1245,173.6052631578948,151.7766
1246,174.0263157894736,180.07521
1247,153.99999999999994,178.88803
1248,149.44736842105257,153.54442
1249,150.2105263157895,159.90184
1250,146.2368421052631,153.68994
1251,142.7894736842105,159.9426
1252,144.94594594594594,145.50641
1253,209.10526315789474,152.76054
1254,220.4615384615385,245.79027
1255,272.7567567567567,239.20189
1256,221.86842105263156,261.7663
1257,214.2051282051283,254.27283
1258,207.94594594594602,204.44666
1259,236.47368421052641,198.92796
1260,245.73684210526307,236.00131
1261,257.5526315789474,231.20879
1262,189.8684210526315,236.61447
1263,182.79487179487185,226.12482
1264,183.18421052631575,175.18085
1265,209.0789473684211,170.09328
1266,212.13157894736838,213.34807
1267,209.10526315789474,203.94951
1268,211.2894736842105,206.35829
1269,221.13157894736847,207.50725
1270,231.97368421052627,220.18555
1271,216.78947368421055,219.40024
1272,189.31578947368425,215.12337
1273,154.81578947368422,219.87915
1274,140.10526315789468,147.0508
1275,150.55263157894743,155.67229
1276,158.31578947368416,153.84804
1277,196.84210526315795,160.21191
1278,303.3684210526317,225.95926
1279,306.57894736842115,231.32089
1280,313.64102564102575,287.1548
1281,239.3243243243243,277.98868
1282,245.47368421052627,211.57043
1283,177.57894736842096,205.65479
1284,170.99999999999994,155.47488
1285,185.73684210526318,152.07593
1286,173.421052631579,192.59998
1287,157.44736842105263,192.75809
1288,153.07692307692304,145.69234
1289,144.2894736842105,146.76147
1290,160.23684210526315,139.28757
1291,182.5,145.5106
1292,157.83783783783778,186.13774
1293,143.7368421052632,184.00017
1294,141.2894736842105,139.01949
1295,132.35897435897436,143.19545
1296,131.68421052631575,130.3221
1297,128.83783783783787,136.0836
1298,136.42105263157893,128.94409
1299,168.02631578947364,135.26268
1300,278.2631578947369,190.06528
1301,295.15789473684214,190.80627
1302,249.5263157894736,272.6272
1303,203.23684210526312,254.93951
1304,201.9736842105263,182.87862
1305,218.26315789473676,170.27348
1306,242.02564102564105,217.6244
1307,209.36842105263156,209.50764
1308,188.18421052631572,192.9504
1309,177.48648648648646,187.32281
1310,163.43589743589743,170.4351
1311,151.29729729729735,169.6679
1312,143.921052631579,147.51895
1313,145.51282051282047,154.76216
1314,144.9210526315789,145.73718
1315,140.4736842105264,152.63593
1316,139.39473684210526,141.99622
1317,141.4210526315789,149.5332
1318,152.31578947368416,146.05705
1319,155.5526315789474,154.479
1320,152.3947368421052,161.7747
1321,153.4473684210527,166.98393
1322,155.28947368421046,157.68867
1323,147.18421052631575,161.97835
1324,150.44736842105263,152.48154
1325,173.81578947368422,159.73209
1326,162.86842105263156,181.42725
1327,203.3684210526315,181.73979
1328,166.35897435897434,203.27196
1329,167.2105263157895,195.6594
1330,259.6842105263158,183.6393
1331,277.6052631578947,189.15527
1332,257.5789473684211,251.03394
1333,274.54054054054046,239.5262
1334,252.28205128205133,253.02454
1335,225.49999999999997,237.14897
1336,246.10526315789477,211.63072
1337,276.1842105263159,202.38142
1338,238.89473684210523,265.27463
1339,239.84210526315783,248.17609
1340,254.68421052631578,224.64569
1341,228.15789473684217,212.19223
1342,243.36842105263167,220.9812
1343,235.1578947368421,214.95839
1344,225.36842105263162,224.61906
1345,233.99999999999997,217.07263
1346,243.40540540540533,228.44836
1347,240.68421052631587,223.35757
1348,241.4736842105263,234.48033
1349,204.23684210526315,233.26826
1350,180.7105263157895,193.88626
1351,295.68421052631567,200.41974
1352,292.28947368421063,337.49033
1353,313.5675675675675,312.77283
1354,300.4210526315791,293.9342
1355,300.078947368421,278.64948
1356,271.97368421052624,289.47897
1357,278.34210526315786,273.36023
1358,254.63157894736833,262.3479
1359,199.07894736842113,248.32716
1360,195.81578947368428,183.90707
1361,201.60526315789465,179.44507
1362,182.81578947368416,196.65102
1363,192.99999999999997,187.30309
1364,184.078947368421,193.15598
1365,199.02631578947359,188.20564
1366,235.97368421052627,204.18028
1367,195.63157894736835,201.07741
1368,156.1842105263158,178.6196
1369,142.13157894736835,180.71835
1370,168.59459459459455,139.44171
1371,186.1842105263157,145.59877
1372,219.05263157894743,188.17868
1373,204.60526315789468,183.90851
1374,238.842105263158,201.77144
1375,262.6052631578947,203.53348
1376,261.3684210526315,249.58104
1377,274.6578947368422,243.7105
1378,212.13157894736838,260.23395
1379,169.57894736842098,249.4435
1380,136.02631578947367,160.31212
1381,143.76315789473682,158.43773
1382,162.3947368421052,141.35028
1383,174.13157894736844,143.82138
1384,181.18918918918914,174.32965
1385,184.921052631579,170.44983
1386,151.65789473684217,188.82623
1387,132.4871794871795,189.22398
1388,136.8684210526316,126.9344
1389,141.99999999999994,131.87201
1390,129.10526315789477,141.91606
1391,138.07894736842098,146.89827
1392,153.02702702702706,139.87971
1393,163.97368421052633,143.8173
1394,243.2631578947369,169.4905
1395,295.657894736842,169.20036
1396,301.6578947368421,271.49356
1397,334.157894736842,257.57587
1398,297.3157894736842,305.88135
1399,205.81578947368425,283.08945
1400,199.40540540540542,177.62932
1401,204.76315789473682,159.5554
1402,190.42105263157904,200.4663
1403,174.78947368421055,188.7562
1404,170.65789473684205,165.15965
1405,166.47368421052633,160.0649
1406,175.71052631578942,161.7132
1407,164.73684210526312,162.60074
1408,145.1351351351351,159.50693
1409,141.81578947368428,161.55003
1410,130.97368421052627,140.53694
1411,123.94736842105257,145.04988
1412,117.8421052631579,124.86354
1413,114.65789473684211,126.44754
1414,116.05263157894737,117.39353
1415,119.2894736842105,116.73629
1416,115.81578947368425,121.81909
1417,113.92105263157893,121.8286
1418,116.02631578947368,119.78735
1419,115.63157894736847,123.72769
1420,113.68421052631575,121.541176
1421,135.1578947368421,127.16553
1422,215.3421052631579,154.88017
1423,224.65789473684214,160.57721
1424,195.2894736842105,215.90721
1425,138.05263157894743,189.78221
1426,124.28947368421058,137.0529
1427,121.50000000000006,127.31827
1428,120.94594594594595,123.34589
1429,123.52631578947367,122.961975
1430,123.89473684210523,125.83716
1431,116.05263157894737,125.189545
1432,117.39473684210525,119.498405
1433,125.18421052631581,119.60179
1434,122.23684210526318,129.1961
1435,116.97368421052633,132.31648
1436,113.60526315789477,120.578445
1437,117.97368421052636,125.68053
1438,117.44736842105264,124.27884
1439,116.60526315789477,130.88873
1440,118.44736842105257,121.51344
1441,125.61538461538467,127.38556
1442,123.84210526315792,131.25974
1443,122.55263157894734,135.2288
1444,117.8421052631579,128.35301
1445,117.21052631578945,133.31473
1446,113.65789473684212,122.83566
1447,112.00000000000004,129.3353
1448,113.21052631578944,116.6786
1449,116.3421052631579,123.23912
1450,112.76315789473686,122.10124
1451,109.47368421052632,128.56439
1452,101.8684210526316,114.181366
1453,98.47368421052629,119.90732
1454,104.81578947368419,103.76983
1455,109.10526315789471,109.64829
1456,108.15789473684207,115.88048
1457,105.71052631578945,122.29257
1458,109.31578947368422,111.72412
1459,118.13157894736837,118.34205
1460,125.78947368421055,126.03816
1461,123.31578947368419,129.28879
1462,137.578947368421,131.41743
1463,117.52631578947373,129.82224
1464,110.3513513513514,125.85324
1465,106.39473684210527,126.58238
1466,101.39473684210527,110.75179
1467,98.84210526315792,116.46906
1468,99.27027027027025,102.74506
1469,100.89743589743593,106.776024
1470,97.56756756756752,106.24217
1471,98.97368421052632,111.736855
1472,102.71052631578947,103.18807
1473,115.60526315789471,108.0825
1474,186.47368421052636,135.3577
1475,187.3947368421052,144.68327
1476,167.36842105263165,151.53754
1477,122.89473684210529,111.05494
1478,116.94736842105257,126.69287
1479,109.17948717948718,117.07815
1480,104.50000000000004,113.34269
1481,102.45945945945941,112.90815
1482,99.9210526315789,106.97415
1483,99.13157894736844,108.703445
1484,97.42105263157897,103.33458
1485,94.7368421052632,105.73626
1486,92.76315789473684,98.33106
1487,91.55263157894737,102.27985
1488,90.60526315789473,95.996216
1489,91.9487179487179,102.26111
1490,95.64864864864866,97.63858
1491,97.47368421052633,105.52084
1492,101.28205128205126,104.82263
1493,108.37837837837837,113.17191
1494,109.78947368421052,117.13344
1495,196.13157894736838,121.106834
1496,220.1025641025641,278.82828
1497,152.21621621621625,225.63719
1498,155.76315789473682,138.12387
1499,143.4210526315789,108.219604
1500,132.3157894736842,153.68599
1501,131.15789473684214,139.79701
1502,117.1842105263158,135.78879
1503,109.1842105263158,131.40479
1504,105.02631578947364,110.74512
1505,104.02631578947367,110.917656
1506,105.26315789473679,106.95621
1507,106.13513513513517,105.428185
1508,103.3157894736842,110.65324
1509,101.43589743589745,115.01917
1510,99.47368421052633,106.53135
1511,104.78947368421053,112.42593
1512,107.89473684210526,111.68371
1513,110.60526315789471,119.57455
1514,111.60526315789474,117.801956
1515,111.10526315789477,123.50667
1516,116.13157894736845,118.02814
1517,123.63157894736844,122.72807
1518,213.44736842105266,131.39462
1519,320.94871794871796,131.81036
1520,268.55263157894734,320.57184
1521,232.13157894736835,266.38315
1522,218.8461538461538,219.87505
1523,205.4324324324324,187.03062
1524,198.076923076923,195.14836
1525,181.05263157894737,166.07225
1526,175.89473684210526,173.38847
1527,165.3157894736842,149.27281
1528,150.99999999999994,163.07549
1529,165.1315789473684,143.70068
1530,145.5526315789473,166.54584
1531,141.1842105263158,167.94989
1532,152.5526315789474,140.62354
1533,151.44736842105266,145.8969
1534,170.7631578947369,152.60817
1535,176.48717948717945,156.7797
1536,195.13157894736838,179.28148
1537,201.99999999999997,177.86432
1538,206.50000000000006,209.2396
1539,233.15789473684208,206.30707
1540,288.8684210526315,241.70229
1541,345.44736842105283,238.70256
1542,326.73684210526307,329.12085
1543,262.56410256410254,300.39554
1544,234.34210526315786,240.05185
1545,240.86842105263167,237.31874
1546,238.30769230769235,243.48212
1547,205.9736842105263,239.41594
1548,175.26315789473685,204.80772
1549,164.38461538461533,201.25266
1550,151.21621621621625,160.51463
1551,154.63157894736847,161.09009
1552,149.65789473684217,152.92393
1553,151.73684210526315,157.49208
1554,144.2894736842105,152.06668
1555,167.69230769230774,158.22302
1556,185.55263157894743,176.15843
1557,171.63157894736838,180.36584
1558,150.1578947368421,172.02728
1559,142.3947368421053,176.54059
1560,137.1578947368421,141.6866
1561,129.86842105263165,149.7485
1562,127.4210526315789,130.08673
1563,122.99999999999997,138.59663
1564,121.74358974358971,123.59598
1565,174.8421052631579,130.07388
1566,186.97368421052641,219.94592
1567,217.5526315789473,220.62906
1568,176.71052631578954,208.54742
1569,169.35897435897434,199.0091
1570,152.36842105263156,170.3743
1571,140.0,168.41666
1572,138.38461538461542,140.49782
1573,138.4473684210527,142.7321
1574,136.7631578947368,140.38364
1575,129.23684210526318,143.68842
1576,125.97435897435892,128.91211
1577,125.84210526315792,133.42053
1578,129.2894736842105,128.91719
1579,142.97368421052636,135.55472
1580,143.3846153846154,150.72878
1581,143.4473684210527,155.65833
1582,143.36842105263162,148.91318
1583,133.6923076923077,152.46626
1584,143.63157894736838,138.15445
1585,159.18421052631572,144.3856
1586,173.02631578947376,174.32965
1587,176.79487179487177,175.74573
1588,208.13157894736847,186.2325
1589,272.6842105263159,182.82089
1590,265.5263157894737,263.2828
1591,257.9736842105262,255.71085
1592,185.94871794871796,246.31836
1593,136.26315789473688,237.93575
1594,136.25641025641025,128.4039
1595,143.5263157894736,131.83618
1596,149.8947368421052,138.98167
1597,130.61538461538458,139.94923
1598,120.921052631579,127.604324
1599,115.60526315789471,130.16794
1600,115.3684210526316,116.05805
1601,145.1315789473684,118.76093
1602,155.39473684210523,146.68909
1603,131.76923076923077,147.3169
1604,129.0789473684211,132.1494
1605,124.36842105263156,135.31557
1606,128.69230769230765,127.27684
1607,128.6052631578947,133.08905
1608,144.2894736842105,129.4683
1609,168.34210526315792,132.75128
1610,144.68421052631578,169.54724
1611,176.56410256410263,160.86493
1612,169.0526315789473,181.09695
1613,162.9473684210527,172.24191
1614,157.07894736842098,163.39975
1615,187.10526315789465,158.40172
1616,227.53846153846158,190.22878
1617,206.8684210526316,179.7574
1618,244.26315789473693,193.22969
1619,279.2368421052631,193.05469
1620,278.79487179487165,261.80624
1621,184.23684210526324,250.42883
1622,156.1578947368421,161.20613
1623,143.3846153846154,158.6308
1624,168.86842105263153,140.86368
1625,173.15789473684208,143.29692
1626,139.82051282051285,164.36818
1627,131.7894736842105,155.6597
1628,120.71052631578954,131.51465
1629,122.23684210526318,129.15414
1630,132.3157894736842,124.06091
1631,128.39473684210523,124.17409
1632,124.3947368421052,130.2959
1633,126.65789473684214,132.74248
1634,128.73684210526318,130.99538
1635,129.2972972972973,135.34468
1636,137.63157894736835,134.4785
1637,147.5526315789474,139.00766
1638,155.25641025641025,156.15767
1639,191.21052631578956,155.19493
1640,304.1842105263158,222.29414
1641,327.28947368421063,217.977
1642,338.0263157894736,298.09494
1643,334.76315789473693,271.75848
1644,307.2368421052632,303.6837
1645,305.5263157894736,283.86642
1646,245.02631578947356,286.91864
1647,182.63157894736847,278.07007
1648,182.2631578947369,162.6321
1649,191.52631578947367,159.27263
1650,193.63157894736844,184.08145
1651,215.2631578947368,178.35393
1652,197.89473684210523,214.94008
1653,187.21052631578945,213.01039
1654,184.1578947368422,186.85011
1655,177.5263157894737,190.24962
1656,186.91891891891885,176.2117
1657,202.7368421052632,180.57054
1658,213.0263157894737,199.5595
1659,227.65789473684205,197.33437
1660,228.8684210526316,229.35205
1661,211.945945945946,229.28394
1662,278.1315789473684,209.04898
1663,278.7631578947369,214.16539
1664,302.6052631578947,275.9905
1665,322.0263157894737,271.2017
1666,295.50000000000006,315.8549
1667,247.8421052631578,302.1504
1668,223.76315789473688,237.22272
1669,216.3157894736843,234.95485
1670,190.3684210526316,215.95271
1671,198.23684210526312,209.30292
1672,184.36842105263162,201.15099
1673,201.23684210526324,193.02507
1674,197.86842105263162,208.95015
1675,202.0526315789474,207.049
1676,212.56756756756764,199.01953
1677,214.94736842105272,195.33424
1678,210.3947368421052,215.43294
1679,206.47368421052627,217.64095
1680,207.31578947368416,206.959
1681,211.39473684210523,210.86081
1682,236.55263157894728,216.71138
1683,319.7105263157896,221.38254
1684,320.0526315789474,324.4507
1685,332.9473684210526,332.0707
1686,313.9473684210527,322.76587
1687,273.5405405405405,309.5213
1688,258.79487179487165,256.6249
1689,252.76315789473693,255.27979
1690,269.3421052631579,245.9478
1691,289.842105263158,240.65164
1692,272.02631578947364,282.1599
1693,275.78378378378386,274.98944
1694,253.34210526315792,270.96176
1695,246.921052631579,260.9694
1696,228.3421052631579,246.62451
1697,223.15789473684217,244.26408
1698,206.50000000000006,232.02469
1699,209.05263157894743,234.8417
1700,205.55263157894743,213.07536
1701,218.2894736842105,211.38573
1702,211.39473684210523,224.99933
1703,200.26315789473688,224.21332
1704,210.7631578947369,199.68832
1705,216.21052631578945,202.07521
1706,220.42105263157904,225.31953
1707,224.26315789473685,228.57014
1708,224.81578947368428,229.12007
1709,233.4736842105264,231.92905
1710,238.89473684210523,240.53665
1711,278.34210526315786,246.8378
1712,306.7631578947367,281.35065
1713,311.3421052631578,291.073
1714,321.3684210526317,307.91467
1715,289.15789473684197,302.3925
1716,253.68421052631584,282.73013
1717,241.4736842105263,283.41287
1718,239.86842105263162,240.5223
1719,239.18421052631572,242.65587
1720,233.54054054054058,242.63312
1721,228.55263157894746,243.93697
1722,232.71052631578948,229.03871
1723,238.74358974358967,227.7255
1724,230.3684210526316,246.18967
1725,215.94594594594597,252.6094
1726,219.31578947368413,212.14426
1727,208.86842105263165,213.61421
1728,216.36842105263167,207.80496
1729,219.97368421052636,213.15904
1730,227.36842105263165,223.33339
1731,224.027027027027,228.36957
1732,264.8421052631578,229.63638
1733,334.7105263157895,238.78879
1734,343.6315789473683,329.0437
1735,331.2368421052631,328.17825
1736,315.63157894736844,317.63547
1737,275.76315789473693,303.89267
1738,271.6842105263159,261.36722
1739,264.7894736842106,259.8403
1740,178.13157894736844,260.8683
1741,148.3684210526316,256.80392
1742,129.26315789473682,134.96158
1743,121.1842105263158,136.70006
1744,115.76315789473682,115.18895
1745,115.73684210526318,115.845924
1746,116.81578947368425,115.138626
1747,112.86842105263153,115.78783
1748,111.49999999999999,113.89741
1749,110.26315789473684,116.72897
1750,109.47368421052632,112.92663
1751,109.84210526315792,118.19829
1752,110.18421052631578,113.81161
1753,106.2894736842105,121.141335
1754,105.94736842105259,110.52282
1755,102.68421052631577,118.07411
1756,102.63157894736847,107.22169
1757,103.94871794871798,114.73755
1758,101.71052631578951,109.59234
1759,103.18421052631578,117.48317
1760,113.86486486486491,109.0334
1761,193.87179487179495,116.82042
1762,249.26315789473676,235.63222
1763,303.89473684210526,194.33427
1764,239.86842105263162,274.7374
1765,168.6052631578947,252.91418
1766,157.86842105263162,148.51775
1767,134.81578947368422,128.16025
1768,117.60526315789468,135.25938
1769,114.28947368421055,127.76866
1770,108.92105263157892,117.42548
1771,108.34210526315793,115.434975
1772,107.18421052631582,111.05248
1773,107.9230769230769,111.42424
1774,115.34210526315786,111.67901
1775,123.71052631578948,115.93821
1776,126.76315789473682,128.57774
1777,128.3421052631579,131.93875
1778,128.07894736842098,134.04619
1779,123.55263157894734,134.88617
1780,118.02631578947363,130.00888
1781,109.47368421052632,132.73912
1782,110.64102564102568,114.6189
1783,172.21052631578956,121.243034
1784,166.28947368421055,179.34502
1785,124.60526315789477,156.42473
1786,115.60526315789471,123.94115
1787,111.0526315789474,121.69385
1788,107.36842105263162,113.96167
1789,109.92105263157892,118.87883
1790,108.3947368421053,113.44699
1791,103.56410256410253,119.385826
1792,102.31578947368423,106.25951
1793,101.1315789473684,112.18381
1794,101.2368421052632,104.687485
1795,107.23684210526312,111.75512
1796,112.50000000000003,112.631775
1797,109.65789473684211,121.36195
1798,110.97368421052636,116.01336
1799,115.31578947368426,122.063736
1800,110.60526315789471,121.89909
1801,103.47368421052636,126.47609
1802,105.36842105263162,108.50218
1803,102.2631578947368,115.333435
1804,104.35897435897441,107.31371
1805,106.36842105263155,114.55351
1806,145.5526315789473,114.62154
1807,162.36842105263156,123.526535
1808,131.15789473684214,165.33855
1809,107.50000000000001,144.29527
1810,99.73684210526314,112.04475
1811,95.86842105263153,113.56735
1812,95.34210526315788,99.42357
1813,89.99999999999999,103.41688
1814,85.52631578947371,93.31576
1815,84.68421052631581,97.24782
1816,84.72972972972971,88.8356
1817,85.51282051282051,93.23622
1818,95.76315789473685,90.879616
1819,89.45945945945941,99.388374
1820,84.63157894736842,95.39312
1821,82.39473684210526,103.0464
1822,80.28947368421052,87.70844
1823,76.52631578947368,97.092125
1824,75.36842105263156,82.37793
1825,75.23684210526318,92.7345
1826,88.3684210526316,81.70296
1827,166.81578947368428,92.5778
1828,189.55263157894737,212.39449
1829,125.26315789473676,163.63474
1830,101.65789473684207,123.80751
1831,108.18918918918918,92.98108
1832,100.78947368421055,113.563805
1833,93.89473684210523,106.87281
1834,92.28947368421056,97.68272
1835,99.57894736842103,95.66539
1836,98.94736842105264,101.614975
1837,97.39473684210522,100.23344
1838,102.8918918918919,98.781815
1839,103.15789473684215,98.98882
1840,90.57894736842104,106.5629
1841,90.97368421052632,109.34032
1842,95.81578947368418,96.2327
1843,106.8947368421053,102.676544
1844,114.97368421052633,110.68734
1845,93.26315789473679,113.32801
1846,83.18421052631577,99.643166
1847,82.48648648648646,102.91238
1848,83.64102564102566,87.419426
1849,83.51351351351349,95.749535
1850,83.10526315789477,89.0813
1851,87.81578947368423,98.66652
1852,89.28947368421049,94.20654
1853,91.10526315789475,104.50913
1854,93.21052631578952,97.435715
1855,94.89473684210529,105.8169
1856,95.5789473684211,101.244865
1857,90.4736842105263,107.453865
1858,89.18421052631581,96.5347
1859,102.59459459459461,102.50318
1860,155.38461538461533,108.16651
1861,135.21052631578948,112.872604
1862,119.94736842105262,138.22574
1863,122.34210526315783,117.40089
1864,121.63157894736848,128.87268
1865,109.31578947368422,123.1174
1866,110.2972972972973,113.93725
1867,116.15384615384616,111.98955
1868,104.35135135135134,121.11156
1869,101.68421052631578,120.51359
1870,106.86842105263163,105.43616
1871,102.44736842105266,106.68584
1872,99.87179487179485,107.59898
1873,110.15789473684207,114.15816
1874,112.92105263157893,114.35869
1875,130.86842105263162,119.12261
1876,236.7894736842106,136.60046
1877,317.0526315789474,133.85593
1878,218.63157894736833,296.33563
1879,162.18421052631575,252.4701
1880,170.51282051282058,153.10287
1881,182.13157894736844,131.27832
1882,178.3589743589743,187.98813
1883,135.7105263157895,161.57289
1884,124.63157894736844,129.66255
1885,107.64102564102559,118.21268
1886,113.63157894736841,108.81843
1887,108.78947368421056,101.16517
1888,103.60526315789471,109.164406
1889,95.0789473684211,100.47809
1890,114.47368421052637,98.70879
1891,101.47368421052632,96.75246
1892,110.5128205128205,104.48131
1893,100.71052631578952,103.27026
1894,102.3421052631579,105.82629
1895,102.99999999999997,107.801544
1896,100.28947368421049,104.986145
1897,97.00000000000001,105.31719
1898,93.6578947368421,102.447784
1899,96.48717948717946,106.58094
1900,102.10526315789473,103.02554
1901,109.42105263157896,111.41942
1902,121.34210526315788,118.36398
1903,123.25641025641028,123.437225
1904,128.97368421052633,137.84004
1905,215.7105263157895,132.41763
1906,333.58974358974365,286.28857
1907,355.9736842105264,236.71527
1908,348.05263157894717,295.3042
1909,341.05128205128204,251.23773
1910,300.0,290.80664
1911,216.44736842105257,264.61807
1912,163.0,183.81299
1913,156.52631578947364,171.2956
1914,159.21052631578954,144.8123
1915,143.9736842105263,140.64996
1916,138.66666666666666,132.3002
1917,137.94736842105266,134.73999
1918,140.26315789473682,136.40843
1919,135.1578947368421,139.37488
1920,129.68421052631578,134.89116
1921,128.68421052631575,139.29565
1922,125.02631578947373,130.08731
1923,118.71052631578951,134.65459
1924,113.82051282051285,124.88388
1925,105.3157894736842,134.21297
1926,100.76315789473686,109.19863
1927,102.92307692307696,117.82179
1928,104.28947368421048,107.60462
1929,169.42105263157893,115.551926
1930,286.78947368421046,229.80948
1931,293.26315789473676,214.33986
1932,245.13157894736838,265.06982
1933,170.68421052631584,242.23944
1934,160.3947368421052,157.93025
1935,137.2368421052632,140.36201
1936,139.7179487179487,135.83206
1937,156.21052631578945,128.22545
1938,152.05263157894743,157.67656
1939,127.36842105263156,151.1534
1940,114.39473684210525,121.51289
1941,116.17948717948717,126.3129
1942,113.50000000000003,115.45819
1943,118.92105263157897,116.87725
1944,121.1842105263158,120.25933
1945,122.07894736842101,124.11229
1946,125.89473684210532,124.57094
1947,129.3684210526316,129.41367
1948,134.28947368421055,133.63704
1949,120.81578947368423,136.8753
1950,125.69230769230762,124.54144
1951,235.9473684210527,129.12276
1952,315.421052631579,315.46576
1953,316.82051282051293,271.9397
1954,320.28947368421046,281.0717
1955,303.15789473684197,261.17618
1956,183.92105263157887,273.114
1957,137.13157894736844,259.838
1958,122.57894736842107,121.47605
1959,120.17948717948724,117.50397
1960,117.68421052631584,116.6624
1961,120.23684210526321,114.31799
1962,123.68421052631578,119.83721
1963,120.28947368421056,116.483604
1964,122.30769230769229,122.30316
1965,124.10526315789474,122.97188
1966,140.10526315789468,127.21399
1967,132.94736842105266,130.42973
1968,125.31578947368428,138.6985
1969,127.94736842105263,140.4997
1970,207.71052631578948,136.85643
1971,286.66666666666663,142.44833
1972,318.6052631578948,286.32816
1973,336.6842105263158,252.5792
1974,320.7368421052631,298.14572
1975,293.92105263157885,259.37787
1976,260.1578947368422,270.33237
1977,230.97368421052636,252.16501
1978,192.8205128205129,214.96642
1979,182.94736842105266,197.61932
1980,191.81578947368416,177.50127
1981,172.10526315789474,163.58595
1982,165.2631578947369,163.04285
1983,164.3157894736842,162.93254
1984,168.6052631578947,166.68059
1985,163.23684210526318,172.58817
1986,152.3947368421052,164.6101
1987,146.50000000000003,171.0586
1988,150.63157894736844,145.93471
1989,189.51282051282047,155.06932
1990,255.26315789473693,204.19304
1991,184.65789473684214,203.44246
1992,140.4736842105264,166.04337
1993,130.55263157894737,165.822
1994,131.1282051282052,126.760086
1995,128.8421052631579,129.89848
1996,122.34210526315783,128.1504
1997,213.78947368421052,130.56348
1998,156.73684210526315,247.98334
1999,147.35897435897442,220.31006
2000,170.84210526315795,146.26085
2001,155.71052631578945,140.98187
2002,165.07894736842098,153.48851
2003,122.3947368421052,146.5658
2004,116.44736842105262,116.873436
2005,109.6315789473684,115.20398
2006,109.71794871794874,110.05205
2007,109.07894736842108,111.522995
2008,104.94736842105259,109.64532
2009,100.6842105263158,110.49771
2010,99.05263157894733,103.69392
2011,99.55263157894734,107.53687
2012,113.34210526315788,103.93788
2013,232.60526315789468,110.67867
2014,285.7179487179486,286.7282
2015,308.2631578947367,224.24107
2016,319.5135135135135,273.88837
2017,277.4210526315791,252.91107
2018,206.58974358974362,231.48099
2019,154.10526315789474,213.49486
2020,242.39473684210515,143.97276
2021,265.78947368421063,138.19542
2022,203.3684210526315,226.89378
2023,164.57894736842113,200.91345
2024,153.23684210526318,153.52777
2025,150.02631578947364,148.17229
2026,174.58974358974356,145.73799
2027,229.52631578947378,134.98946
2028,314.1052631578947,238.64503
2029,334.078947368421,213.94223
2030,303.1315789473683,308.13867
2031,296.02631578947376,275.36578
2032,320.65789473684214,280.11176
2033,324.9210526315791,259.52612
2034,290.9230769230769,313.33813
2035,257.60526315789474,293.63263
2036,240.49999999999991,236.37259
2037,221.05128205128196,219.1884
2038,222.8684210526316,211.14
2039,292.00000000000006,213.86505
2040,293.8684210526317,295.5796
2041,262.66666666666674,284.68073
2042,275.5789473684211,243.3123
2043,297.47368421052624,228.7937
2044,311.7948717948717,285.9236
2045,326.9736842105264,277.25363
2046,331.55263157894746,313.15503
2047,323.7894736842104,295.2364
2048,310.10526315789485,311.95547
2049,246.3846153846153,293.68292
2050,167.6842105263158,223.15163
2051,154.9736842105263,210.58098
2052,154.6052631578947,142.29694
2053,162.6315789473684,136.26448
2054,180.7105263157895,161.0176
2055,183.18421052631575,156.19331
2056,191.20512820512818,183.662
2057,171.9736842105263,182.77715
2058,166.2631578947369,164.72136
2059,156.6052631578947,165.36208
2060,152.5526315789474,153.67555
2061,151.79487179487177,156.3748
2062,158.28947368421052,155.09206
2063,141.99999999999994,159.90152
2064,128.36842105263156,144.72215
2065,129.76315789473685,149.68488
2066,137.28947368421055,132.67944
2067,140.0526315789474,132.6844
2068,149.5641025641025,143.7386
2069,160.5,144.20665
2070,198.0263157894737,167.3523
2071,301.1842105263158,165.88101
2072,311.02564102564105,308.06784
2073,259.76315789473676,274.2793
2074,207.5526315789474,232.73604
2075,196.44736842105263,212.53343
2076,191.84210526315783,186.63516
2077,206.81578947368416,177.73242
2078,210.28947368421055,204.38918
2079,189.17948717948715,195.71198
2080,201.99999999999997,176.32451
2081,168.921052631579,176.41269
2082,183.76315789473685,155.82776
2083,154.02631578947373,159.05188
2084,147.12820512820517,149.94298
2085,154.6052631578947,153.06631
2086,158.31578947368416,154.01808
2087,156.21052631578945,151.7882
2088,162.421052631579,157.66142
2089,143.94736842105263,157.70427
2090,145.05263157894734,147.31711
2091,164.18421052631578,149.53609
2092,174.8421052631579,171.07085
2093,189.6410256410257,170.99454
2094,180.0263157894736,192.30484
2095,312.26315789473676,186.17522
2096,320.1315789473685,342.16614
2097,323.34210526315775,301.50647
2098,324.3947368421052,291.56448
2099,283.33333333333337,267.9164
2100,211.39473684210523,255.2677
2101,181.7631578947369,242.02847
2102,175.3421052631579,168.09749
2103,153.4473684210527,161.95215
2104,171.51282051282047,141.6661
2105,148.1578947368421,142.27756
2106,146.21052631578954,136.18256
2107,161.78947368421046,137.13962
2108,185.2894736842105,156.9405
2109,170.5526315789474,156.53514
2110,140.0,161.47736
2111,132.15789473684214,162.83058
2112,133.8157894736842,131.22949
2113,150.52631578947373,134.33765
2114,289.89743589743586,158.0977
2115,284.26315789473676,163.66449
2116,310.6842105263159,262.34213
2117,263.86842105263156,245.00961
2118,174.23076923076923,238.8377
2119,150.86842105263156,224.23087
2120,151.94736842105263,141.69153
2121,147.84210526315783,131.8876
2122,152.26315789473688,145.91211
2123,162.69230769230776,137.96335
2124,192.6842105263157,162.76538
2125,207.78947368421046,151.47716
2126,197.3421052631579,205.9855
2127,188.4102564102565,203.66129
2128,176.68421052631575,181.05307
2129,161.81578947368425,180.60681
2130,157.89473684210532,161.27338
2131,151.5,165.89339
2132,146.15789473684208,155.32219
2133,146.078947368421,160.99141
2134,142.4736842105263,149.21523
2135,150.6842105263158,154.0116
2136,169.43589743589746,155.73589
2137,141.0263157894736,159.87416
2138,142.57894736842107,146.26782
2139,161.78571428571425,154.79605
