,CO,DLinear
0,213.13165,221.94684
1,214.07895,223.71078
2,219.28955,214.97168
3,200.78946,216.57053
4,198.3847,196.95822
5,219.05264,198.68552
6,236.42105,227.71182
7,227.56412,228.86359
8,224.92111,225.76877
9,257.33334,226.07367
10,272.52628,265.39633
11,239.97433,261.48975
12,221.13165,229.64929
13,228.41019,227.99722
14,233.39468,230.01242
15,220.56415,228.81778
16,261.15793,218.00455
17,232.28943,218.74554
18,241.94867,226.01895
19,215.94745,226.56339
20,230.38458,209.82037
21,210.52628,210.04523
22,210.41031,208.38397
23,209.73682,211.53003
24,223.92307,212.1727
25,257.15793,214.7363
26,220.21057,269.90518
27,204.87183,268.6061
28,208.42114,200.03714
29,204.20511,201.94211
30,208.71054,206.76865
31,208.48715,209.27737
32,213.55258,211.60162
33,263.57892,214.76266
34,298.12823,278.51086
35,307.60526,274.51422
36,231.66663,304.0511
37,214.57901,296.27908
38,208.78943,204.97269
39,216.1052,202.64886
40,208.66672,221.34637
41,208.47375,222.96695
42,208.65787,209.67746
43,243.69223,212.56168
44,248.3421,253.85373
45,256.921,251.142
46,278.8158,257.5429
47,326.2369,256.8864
48,312.63153,335.74033
49,288.57892,324.812
50,296.3421,273.53494
51,294.21057,265.4043
52,247.60522,288.60294
53,227.73688,280.14352
54,228.26318,219.35123
55,261.07898,218.36563
56,300.55264,272.33786
57,314.23685,270.69632
58,318.6923,315.5332
59,307.1579,310.18832
60,310.5527,297.64655
61,363.60538,289.0674
62,275.15396,373.12564
63,228.13165,359.871
64,212.55261,210.02814
65,203.97366,208.86578
66,205.68423,204.52466
67,203.97366,206.607
68,191.47366,208.92679
69,187.89468,215.15527
70,189.23077,189.39728
71,189.08109,194.00388
72,187.73679,192.73038
73,178.17949,198.42484
74,176.7632,179.79721
75,178.89473,185.59369
76,187.71051,183.0505
77,175.42108,187.15567
78,170.35133,175.32196
79,211.36844,179.9822
80,210.10522,226.75952
81,245.10529,227.89435
82,261.73688,254.36151
83,345.079,252.37665
84,252.0527,364.26678
85,206.94733,349.55972
86,198.39474,187.64426
87,204.73688,184.7562
88,206.08115,208.96182
89,197.47375,209.76642
90,219.07898,196.66241
91,233.76312,200.05173
92,217.15787,237.6521
93,214.02625,235.90155
94,201.52625,211.67596
95,198.36844,213.19754
96,190.73691,199.72299
97,183.0,202.65842
98,183.59457,183.61462
99,234.26321,187.58191
100,240.02634,253.16727
101,276.84213,253.05032
102,288.05255,284.0117
103,264.15796,279.38983
104,216.57889,252.11044
105,201.28949,246.34854
106,190.62167,195.63333
107,263.79483,195.38126
108,307.10806,289.5848
109,310.97372,287.26843
110,297.13165,304.48517
111,252.0527,296.41403
112,251.5527,233.79474
113,232.57901,227.58832
114,226.86493,229.24701
115,242.36847,229.92197
116,218.92102,247.33655
117,224.94736,247.64734
118,239.4736,224.51633
119,239.76315,223.44781
120,221.86844,242.28574
121,222.1579,243.69284
122,213.44739,223.69806
123,200.1315,225.4259
124,202.20517,198.07126
125,185.26321,200.74316
126,194.57898,183.39908
127,253.97379,187.69128
128,292.34216,276.08466
129,261.02628,274.7013
130,301.91885,249.3432
131,276.41034,246.88525
132,236.35135,266.3738
133,210.50006,259.47217
134,202.23688,202.73245
135,216.28955,202.82349
136,242.10532,222.95471
137,229.84216,224.91898
138,220.92102,227.9465
139,225.49994,228.9277
140,227.63159,228.42676
141,233.76312,228.78668
142,226.74362,237.56683
143,233.78943,239.31677
144,250.81583,235.80078
145,269.42108,235.89789
146,243.84213,273.73523
147,213.84207,269.08774
148,209.8205,203.92267
149,216.89478,204.3175
150,224.26321,221.01746
151,256.47363,221.80637
152,274.1315,267.23346
153,277.57898,266.65704
154,245.05261,274.42096
155,242.13156,268.84082
156,256.23083,237.83551
157,234.6843,235.10202
158,234.10526,230.23691
159,269.58978,230.61389
160,241.21057,279.31573
161,224.89474,275.44305
162,243.38461,217.4148
163,259.6579,216.5412
164,242.89474,265.70917
165,247.17947,264.527
166,222.0,247.23755
167,238.1026,245.86746
168,268.21048,241.46088
169,246.1795,240.16437
170,204.52637,240.14722
171,193.57895,239.82837
172,195.15787,190.59879
173,209.97443,192.2403
174,215.23679,217.98898
175,209.34213,221.20688
176,229.84216,209.15753
177,286.46158,212.55411
178,305.57898,304.104
179,281.68423,297.57776
180,244.6579,270.0997
181,306.33334,265.66473
182,311.42108,318.60312
183,297.8158,306.97726
184,251.47363,287.90973
185,230.42108,280.8847
186,218.23679,220.59894
187,207.65793,217.89606
188,201.8158,206.90347
189,203.97366,208.89578
190,232.23682,207.94345
191,254.45953,213.27133
192,276.05255,262.18857
193,305.1082,260.91846
194,315.49997,310.63034
195,280.81583,304.97974
196,302.26318,265.97034
197,273.76324,259.63663
198,286.3783,263.83194
199,265.9444,258.58917
200,309.1621,258.8923
201,304.1082,254.93686
202,314.91666,300.4645
203,289.81583,293.8212
204,295.57895,279.39117
205,296.68423,274.1617
206,270.44745,296.3185
207,235.76926,291.41855
208,194.60532,226.45969
209,190.07898,227.4433
210,183.65784,192.25937
211,176.52635,196.56635
212,174.65784,180.86365
213,174.41022,188.79492
214,170.02628,179.90396
215,172.921,186.9812
216,177.65787,178.34644
217,177.44739,184.58911
218,162.76314,181.68286
219,179.83783,187.63535
220,171.52635,187.42145
221,171.2369,190.98193
222,163.71054,173.47699
223,211.89471,177.55678
224,213.78946,229.25504
225,278.8948,230.0759
226,276.7568,296.06754
227,240.86847,289.62314
228,267.31583,224.33969
229,278.52625,219.55057
230,232.89478,278.5976
231,204.23679,270.13074
232,200.71054,193.12698
233,189.83789,192.89484
234,180.81573,187.63406
235,175.34209,189.35284
236,182.63162,177.53961
237,179.91896,183.16678
238,181.94733,184.37881
239,214.92102,189.98904
240,296.42096,228.41238
241,309.5,231.69684
242,312.63153,312.83618
243,312.07895,306.399
244,313.42102,301.83612
245,262.83777,289.40424
246,303.55267,244.52533
247,316.7104,237.95224
248,317.02628,318.59576
249,313.94748,310.131
250,310.97372,305.79535
251,311.6316,295.1421
252,313.42102,306.5425
253,308.7368,298.71747
254,272.31577,305.0889
255,245.5527,299.7665
256,227.1351,237.27988
257,209.34213,236.49316
258,202.73685,207.10889
259,186.39474,210.56781
260,173.7105,186.79327
261,175.0526,193.341
262,185.42111,180.43155
263,183.39474,187.07626
264,185.44742,188.25531
265,177.55269,195.10513
266,187.60529,179.34119
267,199.84213,184.79599
268,200.65793,207.30417
269,194.81583,210.34955
270,217.07889,194.5676
271,200.55267,197.25488
272,218.02628,197.7587
273,225.00003,198.78494
274,268.71045,228.65982
275,262.32437,228.36374
276,224.47375,259.52045
277,279.44742,255.56882
278,226.52634,290.91333
279,218.7298,283.03778
280,206.92102,213.74911
281,229.07895,213.21725
282,250.97372,237.65985
283,234.6843,238.11533
284,223.51349,231.11285
285,227.66663,230.78635
286,198.94733,227.37747
287,186.21048,226.73697
288,218.52637,182.63516
289,210.36838,185.7634
290,166.97372,212.28827
291,148.60524,215.69156
292,199.26321,145.26721
293,242.63162,150.20065
294,190.10522,264.06927
295,200.65793,266.2865
296,211.15793,201.08884
297,176.55261,203.07861
298,164.73688,169.59131
299,162.57898,171.81819
300,162.81573,166.77408
301,164.28949,173.32442
302,164.81575,168.92413
303,164.71048,173.37341
304,161.84216,167.1245
305,156.78943,172.55486
306,155.13153,159.21248
307,164.02635,164.2864
308,165.52632,171.45094
309,171.87181,177.27438
310,175.78954,176.58078
311,181.99997,180.54453
312,182.44742,185.75912
313,180.55258,188.26224
314,184.50003,181.6658
315,186.3158,184.15036
316,187.57889,188.70517
317,191.44739,190.86105
318,197.02628,193.74408
319,205.28946,195.36353
320,203.78949,208.56262
321,193.40536,209.20349
322,202.21045,191.05273
323,256.55258,192.58267
324,264.71054,274.6665
325,286.84204,271.24246
326,240.8157,287.5348
327,227.89478,280.59436
328,210.18423,218.72458
329,211.31583,214.7973
330,242.92105,212.90134
331,229.6843,213.77316
332,209.48654,227.87537
333,210.78955,228.90121
334,204.55258,209.43265
335,190.70267,208.83466
336,189.60526,188.99966
337,191.42102,193.11621
338,192.76315,195.79086
339,194.28946,200.49832
340,201.36844,197.77527
341,198.86841,200.73138
342,193.44736,200.6315
343,269.42108,203.87314
344,323.421,294.7664
345,335.35138,290.75238
346,317.42096,331.21927
347,317.07892,320.14053
348,319.9211,304.8727
349,270.7894,290.4952
350,341.76306,253.2927
351,327.94873,246.85275
352,313.78943,321.23575
353,266.26315,312.12485
354,238.55267,247.36368
355,220.42111,241.10031
356,235.71054,216.71814
357,228.44739,218.73965
358,220.81586,232.45721
359,225.40533,237.62067
360,220.81586,230.34235
361,203.86847,232.96167
362,204.78946,202.27481
363,209.55267,206.47375
364,215.34207,215.47589
365,285.50003,219.94162
366,261.5263,309.40482
367,229.31573,305.37866
368,279.68427,216.02515
369,283.8948,214.7359
370,309.15787,285.28497
371,349.02637,279.1584
372,316.4594,355.11456
373,253.63156,342.78864
374,257.26312,228.79553
375,243.23694,222.82031
376,237.15787,239.68082
377,239.1579,238.06512
378,247.70279,242.98355
379,254.92108,244.72409
380,279.52625,257.0288
381,271.921,255.94849
382,269.26318,269.41187
383,252.26318,267.54343
384,245.70267,247.60648
385,244.28946,246.45029
386,246.49994,244.14166
387,234.23691,243.39969
388,243.18423,231.4072
389,302.1842,231.85315
390,301.07895,320.33325
391,326.73685,314.01868
392,337.3684,327.2559
393,340.48654,318.31512
394,340.55267,332.61972
395,332.86838,320.099
396,339.4474,323.11636
397,331.94727,311.59903
398,288.57892,322.5164
399,270.07892,311.64844
400,288.35126,258.93637
401,301.2106,254.06235
402,305.2632,304.9167
403,300.55264,300.74554
404,305.3421,296.49503
405,296.97366,292.5073
406,312.0527,291.69568
407,303.76324,286.21732
408,322.21054,299.45786
409,277.7692,295.21783
410,246.52628,263.98462
411,273.97375,260.3385
412,299.86847,280.82022
413,315.3421,277.24512
414,338.58972,318.82272
415,330.4055,314.3897
416,322.02625,322.38605
417,289.78952,313.29425
418,246.38464,277.20538
419,243.36844,271.02066
420,272.57892,242.16797
421,276.07892,242.63559
422,249.42108,278.39392
423,221.49997,276.6712
424,203.18924,213.16681
425,181.60526,214.29813
426,192.21051,179.8355
427,179.15788,185.15771
428,165.8421,182.31635
429,162.73685,190.5936
430,156.78375,166.19975
431,152.73688,172.24963
432,151.26321,156.84592
433,159.34206,164.46269
434,161.86845,167.66917
435,171.00003,175.17471
436,156.55267,178.01508
437,196.07898,182.99356
438,246.52628,210.37329
439,277.18414,212.60669
440,253.2894,284.9499
441,210.08109,279.54694
442,173.60529,193.29709
443,168.3947,190.17923
444,165.78954,167.93958
445,166.2105,169.58286
446,163.65785,170.61235
447,170.21051,177.05069
448,168.60527,174.60468
449,164.92108,178.17984
450,166.23683,167.49644
451,165.34213,173.03699
452,167.36844,169.76552
453,166.31586,176.0871
454,184.00006,169.33977
455,191.73682,173.75159
456,185.18427,196.72742
457,179.52632,199.11823
458,166.76318,178.68443
459,153.1316,180.9227
460,147.28952,152.00208
461,142.97372,156.43625
462,142.86841,146.58919
463,145.43242,153.07755
464,144.5789,151.14403
465,146.10527,157.53432
466,177.68425,150.70514
467,209.26324,156.911
468,205.8421,223.4505
469,209.70264,225.67697
470,176.94742,209.056
471,155.8947,208.37527
472,151.13158,150.04369
473,158.40544,152.29414
474,159.52629,165.3479
475,162.13152,170.65187
476,158.37837,166.35513
477,148.89748,171.0812
478,148.67569,148.69081
479,156.55267,153.47342
480,152.73688,163.64607
481,153.07895,169.81483
482,173.34213,156.93698
483,177.28949,162.68846
484,183.05261,181.62418
485,172.84207,184.71527
486,181.30765,171.80672
487,193.15793,174.7138
488,266.13165,198.83432
489,248.55267,200.23096
490,290.65796,244.26593
491,278.39474,241.80801
492,313.30777,270.35315
493,313.86844,261.50504
494,318.51355,308.17508
495,268.31586,296.77487
496,217.78943,250.26959
497,208.18414,244.87814
498,201.42108,205.60632
499,205.39478,205.11514
500,195.84207,212.33118
501,187.3421,217.7446
502,174.1053,188.87549
503,192.26318,194.49384
504,195.00003,202.31052
505,180.39471,207.15439
506,178.21051,180.49524
507,178.8421,187.20111
508,170.57896,182.1688
509,174.8684,186.02365
510,238.54053,179.15375
511,238.23682,183.54483
512,260.78946,241.0935
513,286.5527,241.27213
514,213.0263,289.29623
515,176.73679,280.64212
516,172.89192,164.04329
517,167.60527,164.80716
518,165.49997,171.35385
519,167.84212,176.95236
520,171.28947,173.9223
521,178.44737,179.7938
522,177.94592,184.00937
523,178.71054,188.29602
524,179.63162,181.81143
525,174.00002,187.11264
526,166.13162,175.9608
527,163.1316,180.36209
528,161.3947,165.20525
529,160.07893,169.55042
530,154.86838,163.1803
531,158.65785,167.97914
532,195.45944,163.18396
533,167.1579,168.2202
534,227.84216,163.80989
535,279.89484,168.50041
536,300.84204,298.8765
537,304.97375,293.55396
538,307.44742,296.74982
539,308.2632,285.70316
540,308.52625,298.89294
541,294.55267,286.17703
542,216.76309,285.85446
543,182.08102,277.00555
544,178.15791,171.78638
545,175.6053,173.21129
546,182.64862,180.69418
547,200.07898,186.8577
548,201.78946,211.33228
549,187.73679,218.1484
550,180.89474,186.1315
551,180.18414,190.25296
552,188.57898,183.80191
553,188.18427,189.42029
554,187.63156,192.37692
555,174.8684,196.85596
556,176.71054,173.22517
557,170.28943,176.54741
558,248.57901,171.72284
559,262.55258,175.66614
560,245.34207,271.1976
561,275.02637,270.10367
562,216.00006,277.054
563,176.52635,268.9811
564,167.81572,163.92644
565,163.05124,165.04875
566,159.5676,167.6908
567,154.6579,174.06284
568,152.52637,158.94165
569,162.63156,165.32443
570,163.76314,169.67705
571,158.62158,175.76251
572,148.81577,161.04936
573,145.50002,167.72171
574,147.86841,149.0805
575,147.99997,155.53029
576,153.89474,152.77353
577,154.83777,158.83414
578,150.44736,158.94882
579,159.36842,164.1951
580,203.5,164.79097
581,205.63159,168.83199
582,184.26315,209.48328
583,164.42108,211.24817
584,162.42104,158.6923
585,165.97371,160.66963
586,164.23679,170.57367
587,161.05263,174.03114
588,163.42107,163.61487
589,176.84215,169.15033
590,205.49997,183.8818
591,210.84204,186.41663
592,223.84213,214.9679
593,188.25647,217.03027
594,176.39476,179.25157
595,179.57896,180.62369
596,173.52625,182.65787
597,166.89471,184.72955
598,160.47371,168.23195
599,154.26315,173.27853
600,155.65784,155.95131
601,153.5,160.89107
602,153.81584,158.25972
603,155.99998,164.60478
604,153.47363,161.65033
605,152.60526,168.31453
606,153.34215,155.90994
607,153.92107,161.2666
608,153.5,158.1034
609,159.89471,163.52682
610,165.39473,165.39392
611,185.15784,170.08636
612,210.86847,193.67606
613,223.97372,196.28275
614,241.40546,227.8187
615,220.86835,226.60306
616,222.1842,213.05829
617,200.66663,210.52298
618,198.52628,194.49976
619,189.15793,194.01303
620,180.21616,188.30258
621,169.71056,190.44235
622,183.76312,169.31859
623,187.18414,173.29446
624,182.15784,192.97049
625,197.81076,197.35028
626,249.1842,205.69537
627,225.18423,209.30173
628,215.39474,220.93277
629,213.52634,221.70984
630,202.56412,212.63586
631,191.60522,212.1084
632,216.86838,189.98776
633,250.65784,191.87589
634,238.02634,263.0568
635,298.81573,262.11084
636,298.66672,312.69568
637,309.02618,303.3649
638,305.921,304.20462
639,300.47366,294.95734
640,273.02634,292.30844
641,220.57901,283.26932
642,210.31583,204.59326
643,196.54062,203.03592
644,185.9473,194.73514
645,180.68427,197.5485
646,181.23688,182.76212
647,182.05261,188.46457
648,185.28952,187.01804
649,190.05258,193.20068
650,188.60522,196.27005
651,176.36844,202.01816
652,170.921,176.87445
653,172.97371,182.20868
654,175.18417,177.2204
655,194.10522,181.78845
656,179.84212,202.98706
657,239.86844,206.1788
658,252.76318,258.52777
659,272.73685,256.45175
660,202.15796,273.83508
661,169.68417,267.92105
662,160.64865,158.28128
663,156.34207,159.31613
664,160.13162,159.9504
665,162.99994,165.14958
666,159.28941,167.91354
667,161.2433,174.44995
668,162.0256,163.64139
669,159.36842,167.49937
670,156.1052,162.63736
671,154.60521,169.24829
672,158.00005,158.6433
673,164.48653,164.65929
674,160.00002,170.09479
675,243.86835,174.51828
676,252.34207,273.6
677,276.71057,271.24792
678,277.3243,276.67657
679,303.3947,269.4132
680,296.28937,301.72302
681,300.05258,288.7796
682,301.02628,292.7782
683,299.43246,281.6411
684,299.0263,290.00204
685,266.26315,279.57336
686,190.57895,250.82532
687,175.0271,244.16837
688,172.46149,170.63153
689,166.10806,174.04593
690,163.34207,171.00319
691,161.3158,179.36859
692,161.42108,166.7399
693,156.34207,175.17055
694,164.60524,160.24367
695,168.23685,167.24161
696,177.5263,174.84079
697,179.28944,182.43018
698,178.71054,183.15765
699,171.05269,187.05103
700,161.9211,171.00072
701,168.13159,174.32736
702,173.7105,172.86298
703,230.73685,176.67186
704,250.39471,251.59921
705,210.12814,251.23715
706,175.52637,197.17438
707,159.73683,196.61752
708,157.84212,156.17584
709,147.86841,158.31224
710,143.05258,150.70818
711,141.28946,157.80977
712,152.421,144.86201
713,166.49997,151.6109
714,162.31575,175.25006
715,159.71054,179.96472
716,162.63156,162.78043
717,153.421,169.21394
718,153.57892,154.58994
719,148.36844,159.42308
720,146.47372,151.07321
721,141.97365,156.64394
722,145.23683,144.49489
723,151.10524,149.90263
724,143.55263,156.92621
725,202.15796,162.37703
726,224.1842,224.53625
727,221.35132,226.35352
728,179.05267,219.01312
729,174.8684,218.11685
730,174.36842,172.01216
731,161.84216,172.20345
732,154.76318,161.86732
733,152.13158,166.00014
734,154.00002,154.105
735,154.28952,159.32938
736,156.92099,157.33855
737,156.48715,161.55266
738,160.60522,160.57903
739,168.05269,167.1835
740,167.55264,174.03198
741,166.13162,178.44397
742,167.55264,168.52573
743,166.31586,172.7842
744,159.47371,168.70921
745,161.81583,172.30789
746,156.39471,165.31729
747,152.10255,169.42119
748,148.2369,154.01044
749,152.13158,158.91232
750,150.6486,157.05576
751,156.76921,162.32407
752,160.05258,162.35555
753,176.0526,167.5485
754,243.18912,183.72446
755,229.76315,187.33481
756,264.94733,227.54776
757,285.07898,226.58603
758,238.36838,286.23767
759,208.65787,276.78558
760,191.05402,195.58646
761,176.55261,192.89957
762,174.55257,174.64734
763,168.60527,177.69273
764,166.10806,172.11023
765,218.36841,177.34624
766,202.60529,239.57892
767,193.08105,241.97473
768,186.34204,190.09485
769,191.92111,193.62112
770,185.1622,196.16959
771,177.26315,198.86685
772,187.36844,177.8993
773,190.94736,181.93832
774,201.71054,193.92612
775,209.28949,196.19708
776,228.31573,211.6857
777,245.99997,212.14041
778,281.7368,250.8035
779,232.36838,248.50903
780,221.1026,217.7023
781,205.97302,215.73563
782,221.55258,202.17001
783,224.1842,201.78653
784,212.35895,227.68082
785,204.84207,228.80252
786,190.13162,203.0813
787,200.1842,204.83728
788,197.42105,205.90793
789,188.50003,208.22415
790,190.12823,190.24408
791,186.39474,195.8999
792,207.8158,188.66858
793,192.5263,192.20743
794,195.21051,191.59207
795,194.50003,195.13174
796,184.6842,196.37091
797,192.23685,198.97525
798,196.84213,196.14865
799,268.63156,198.64215
800,325.44742,293.2429
801,338.92316,290.08337
802,342.78946,335.11804
803,282.28955,322.67374
804,270.94736,257.80353
805,242.92105,247.97269
806,219.71054,233.59256
807,198.86841,230.05267
808,204.36844,193.93808
809,206.00006,196.63214
810,176.10526,209.36581
811,162.18422,211.83374
812,158.21048,162.39534
813,150.44736,169.61731
814,143.47371,155.57379
815,137.99998,164.55743
816,140.71053,142.93541
817,155.37833,152.13431
818,166.5385,165.72635
819,178.9736,172.54965
820,274.4738,186.12524
821,315.74347,190.93268
822,322.6842,328.5017
823,331.42102,319.2841
824,312.39478,319.94852
825,293.13162,303.49313
826,273.28204,277.4603
827,273.92102,265.09906
828,254.34216,269.64075
829,206.42111,263.23645
830,196.94739,193.42114
831,225.57901,193.28464
832,203.92105,237.95447
833,196.07898,240.03687
834,181.3948,196.28366
835,156.2632,201.92407
836,152.68422,153.37497
837,168.13159,160.0617
838,184.25644,179.93019
839,189.50003,187.47885
840,184.73691,195.5379
841,193.18423,201.11182
842,167.86842,195.874
843,136.84206,197.43668
844,132.74362,131.2585
845,138.31583,137.07083
846,251.5527,146.41666
847,258.1579,153.90923
848,275.92102,266.38724
849,261.07898,265.90936
850,224.07901,249.60178
851,215.79489,241.92307
852,175.18417,210.47299
853,152.63156,207.87335
854,146.94736,149.68814
855,140.41023,155.9428
856,144.5789,144.89742
857,151.84209,151.00012
858,159.5,160.83414
859,167.9211,169.10207
860,167.56404,175.12155
861,159.5,181.70401
862,149.05261,160.36131
863,144.6842,165.8398
864,157.07898,147.39282
865,166.26315,153.0035
866,165.5526,173.59181
867,192.9737,178.3211
868,283.84213,202.63611
869,301.28955,204.0781
870,313.21054,304.7476
871,304.2895,296.33502
872,229.81577,291.3352
873,180.02637,278.8413
874,169.02704,163.6423
875,171.76312,162.60779
876,165.10529,177.86613
877,159.84207,183.49771
878,150.52632,163.06982
879,145.23683,169.20082
880,153.36841,148.54066
881,148.21046,155.75208
882,147.36842,153.58704
883,147.47368,162.78864
884,146.68419,152.95982
885,148.05261,160.21167
886,144.8158,152.36864
887,145.89471,157.98753
888,148.47365,150.16345
889,154.73686,156.05519
890,156.23685,160.61414
891,150.65791,165.50171
892,149.6053,152.28033
893,151.97368,157.17737
894,141.1053,156.0261
895,141.15387,160.56213
896,140.23683,144.47429
897,138.44739,150.00995
898,145.65785,142.00732
899,245.47372,147.89444
900,212.07898,284.72363
901,221.3421,282.68185
902,172.3684,217.43369
903,157.53845,214.83115
904,145.23683,151.82057
905,142.23686,152.92259
906,142.1842,146.34189
907,153.39478,152.47658
908,143.65788,160.01048
909,128.7368,165.30002
910,129.63155,125.83707
911,127.21048,131.1179
912,129.68422,132.11275
913,126.92107,140.12839
914,124.210495,131.78749
915,127.1053,139.70975
916,131.10258,132.30504
917,129.71053,138.80998
918,129.40538,133.86394
919,139.60529,140.45325
920,227.46149,147.21799
921,275.78946,153.1077
922,298.26318,294.27646
923,311.49997,289.19226
924,310.84204,302.60568
925,299.32437,287.87036
926,255.41028,284.86313
927,259.60522,270.33035
928,170.44733,255.30157
929,162.3784,249.26874
930,157.5263,159.2891
931,171.1842,161.29285
932,163.18419,181.47125
933,164.05266,188.65695
934,152.52637,169.12437
935,152.34206,176.79356
936,170.28943,156.26341
937,175.00005,162.95152
938,158.02626,181.1228
939,155.94733,187.76651
940,162.39474,157.12456
941,150.26309,161.37366
942,144.71053,150.30487
943,165.81581,155.19228
944,247.73691,176.25027
945,271.26315,181.185
946,291.57892,280.2347
947,181.0,275.97067
948,160.52637,152.5438
949,153.06892,152.38715
950,152.26314,155.15105
951,146.39471,158.17764
952,141.73679,151.29689
953,141.71053,160.42712
954,142.3421,146.02098
955,146.83778,151.7667
956,153.421,154.98543
957,146.05266,162.69734
958,142.63162,150.80006
959,145.84216,159.50215
960,153.84212,150.79132
961,159.07893,156.12393
962,163.23688,164.57393
963,153.92107,169.49214
964,206.63156,153.87238
965,306.10806,158.08675
966,320.68417,342.32162
967,328.5789,333.06677
968,324.26315,316.61078
969,294.31583,302.25452
970,267.71054,274.8363
971,259.6579,260.9752
972,215.05408,254.09998
973,186.39474,248.80734
974,175.94734,178.20723
975,187.68423,179.86708
976,166.18414,194.61664
977,151.26321,198.84482
978,141.57893,151.96999
979,144.97368,160.48001
980,142.07895,152.42123
981,148.81085,161.10396
982,160.81583,156.9331
983,161.57896,165.67577
984,176.07892,166.30186
985,183.0,172.16347
986,163.9737,187.58002
987,163.13515,190.46204
988,181.3948,164.1841
989,267.42108,167.6025
990,270.92105,298.0469
991,186.34204,293.22
992,167.44736,162.32292
993,171.5405,162.58102
994,169.25635,175.02841
995,169.13162,175.78317
996,164.4737,173.89453
997,166.78947,180.58426
998,170.73682,169.21533
999,170.49998,173.1256
1000,168.31581,173.67323
1001,175.86841,177.64868
1002,168.71048,183.06348
1003,165.3684,189.09018
1004,162.60526,166.5535
1005,159.26317,170.4136
1006,161.44734,161.53918
1007,166.42102,166.21906
1008,169.92105,171.52257
1009,160.02635,175.93642
1010,231.71048,160.1092
1011,286.10263,164.66608
1012,301.4474,306.1507
1013,262.34213,300.6913
1014,204.02628,244.26501
1015,199.3421,237.55728
1016,187.84207,194.90002
1017,186.05261,192.50046
1018,174.05405,189.58206
1019,173.921,194.3128
1020,169.36842,177.07904
1021,165.60526,181.12537
1022,160.31578,168.20018
1023,157.47365,173.28615
1024,154.68417,161.7674
1025,144.5789,169.58826
1026,146.579,146.10593
1027,180.89474,152.67014
1028,233.84213,196.39603
1029,264.07898,200.92795
1030,188.21057,273.3287
1031,171.52635,270.11755
1032,164.71048,162.51689
1033,151.579,162.43954
1034,158.78946,152.30211
1035,179.76318,157.23041
1036,182.94739,191.33624
1037,161.42108,196.84021
1038,150.55266,156.33653
1039,147.84215,158.9029
1040,153.34215,150.51822
1041,150.60529,156.74059
1042,196.92099,155.54057
1043,283.39478,162.55418
1044,289.1052,315.73843
1045,218.44733,310.80884
1046,167.52629,194.3164
1047,159.68423,191.15146
1048,154.23682,158.35872
1049,153.52629,160.13835
1050,150.84215,159.72066
1051,162.1053,167.35867
1052,223.24323,168.90088
1053,222.6579,173.8606
1054,195.26315,225.638
1055,204.1843,226.1578
1056,176.44737,206.65594
1057,173.86844,208.51608
1058,201.71054,174.01314
1059,208.47375,176.58607
1060,190.64862,214.00882
1061,184.36841,216.46646
1062,204.73688,182.70364
1063,221.3421,183.41553
1064,275.52637,228.57614
1065,310.18423,229.47705
1066,307.55255,317.9353
1067,327.60522,310.59088
1068,290.86835,321.83228
1069,238.3158,306.5989
1070,245.78384,218.98782
1071,250.71048,215.11002
1072,260.52637,254.0123
1073,264.8685,252.0646
1074,233.26309,265.26093
1075,207.26309,262.4196
1076,220.4737,198.60825
1077,221.49997,199.72165
1078,208.73691,226.63538
1079,197.13162,230.28436
1080,213.05264,197.15967
1081,226.26315,201.92911
1082,219.92102,232.89435
1083,247.73691,233.85617
1084,295.1842,256.04156
1085,293.71048,255.80322
1086,270.10532,291.00815
1087,242.07892,284.655
1088,232.63156,230.18494
1089,304.05252,226.68619
1090,322.5263,325.74142
1091,331.63147,317.38815
1092,335.18427,325.72165
1093,322.94742,316.47284
1094,306.0527,309.87186
1095,270.94586,296.49072
1096,227.94736,258.49026
1097,211.61533,254.71555
1098,217.78943,207.35522
1099,241.55261,209.51007
1100,237.44739,251.37186
1101,256.31577,252.48334
1102,247.07901,262.04703
1103,248.65793,262.34744
1104,233.78943,248.29648
1105,231.76318,247.39236
1106,238.94589,231.87839
1107,240.31577,233.15222
1108,243.0,241.30106
1109,302.52628,240.64569
1110,308.65793,317.65158
1111,320.31567,310.0307
1112,306.05396,314.88928
1113,291.4473,304.90213
1114,279.76318,280.34058
1115,251.34204,272.3275
1116,237.34204,241.8468
1117,223.89474,239.10934
1118,209.47375,220.54663
1119,214.71054,221.45032
1120,197.86847,217.5665
1121,192.07895,219.75778
1122,189.81586,193.37683
1123,177.18416,198.58282
1124,190.73691,178.45694
1125,182.31583,184.68655
1126,172.10524,185.41
1127,155.47365,191.32324
1128,154.78947,154.36496
1129,151.10524,160.30507
1130,147.84215,155.04361
1131,145.89471,161.65295
1132,146.00002,150.52567
1133,146.99997,157.73853
1134,255.0527,152.29808
1135,223.55261,158.63625
1136,267.10535,221.2178
1137,243.26309,223.3063
1138,205.49997,234.7074
1139,176.92102,229.99069
1140,159.3158,168.0323
1141,155.56409,168.53891
1142,155.86484,159.19789
1143,156.13156,165.4828
1144,175.36845,162.716
1145,170.9474,168.82849
1146,140.55266,175.87671
1147,134.8421,181.91962
1148,136.1316,137.0433
1149,137.97363,144.36696
1150,142.07895,144.8793
1151,156.31581,152.9359
1152,171.76312,165.37874
1153,230.92108,171.44986
1154,285.39474,251.78046
1155,299.18427,249.87344
1156,274.89487,296.7059
1157,219.44742,287.92325
1158,181.94733,198.59607
1159,160.86845,193.2587
1160,149.13158,156.63275
1161,144.94598,159.07906
1162,145.94733,148.65279
1163,152.92107,155.8312
1164,150.87181,159.6612
1165,142.35136,165.85364
1166,138.39471,145.23082
1167,131.42102,153.24068
1168,128.05263,135.68184
1169,115.05267,144.37317
1170,106.84209,117.10408
1171,102.55266,125.41969
1172,99.52632,106.947784
1173,98.07892,115.29024
1174,101.47371,103.80647
1175,101.42108,112.791
1176,101.23683,107.745285
1177,100.28946,116.6557
1178,105.15788,105.66402
1179,102.789505,113.848495
1180,104.55267,107.74144
1181,106.36839,115.67766
1182,106.65787,111.92859
1183,104.34212,119.12988
1184,103.63156,108.28537
1185,104.55267,115.176056
1186,170.68423,109.650955
1187,237.13159,116.71767
1188,236.13159,265.2746
1189,242.43234,263.67413
1190,180.23083,235.33841
1191,148.027,227.81406
1192,135.71053,136.4627
1193,132.5526,136.27193
1194,134.34212,137.41513
1195,149.71054,144.2488
1196,153.84212,159.38704
1197,158.51286,164.81322
1198,146.92111,161.7725
1199,144.35132,165.98318
1200,154.05266,147.01361
1201,158.68425,153.51521
1202,182.21054,165.23135
1203,234.6315,170.99556
1204,266.89468,252.8088
1205,295.7106,250.92432
1206,236.36847,296.1215
1207,263.2368,285.17426
1208,280.07898,261.28494
1209,303.7368,251.96387
1210,283.0263,305.83997
1211,267.43237,296.0138
1212,276.71057,255.76352
1213,269.6579,248.71054
1214,214.39478,263.4884
1215,176.23682,256.43097
1216,259.31573,165.68024
1217,308.28943,169.96095
1218,313.76324,330.11725
1219,312.42108,326.03207
1220,311.55267,304.18253
1221,276.42108,297.00674
1222,198.8157,261.6892
1223,167.49994,254.561
1224,170.72977,160.74178
1225,160.31578,166.39096
1226,158.3947,165.46313
1227,166.2105,172.97467
1228,166.39476,174.17319
1229,160.76309,182.03455
1230,219.73679,164.05988
1231,246.3158,170.92725
1232,301.34207,260.58862
1233,240.84216,263.4805
1234,216.1052,223.42981
1235,185.18427,220.69275
1236,214.4737,176.13446
1237,217.52634,175.77464
1238,176.86844,223.35812
1239,183.13156,225.75064
1240,159.1351,185.61978
1241,157.46153,188.3042
1242,154.78947,160.99252
1243,150.57892,166.3965
1244,148.31581,156.66557
1245,173.60529,166.12088
1246,174.02637,186.78137
1247,154.00002,191.88876
1248,149.44731,150.6833
1249,150.21048,156.31248
1250,146.23686,153.98245
1251,142.78952,159.00496
1252,144.94598,146.12498
1253,209.10522,152.35808
1254,220.46152,233.75012
1255,272.75684,235.07028
1256,221.86844,284.03265
1257,214.20514,277.50412
1258,207.94589,205.89166
1259,236.47366,202.34702
1260,245.73688,244.68741
1261,257.55264,241.34628
1262,189.86844,257.1608
1263,182.7948,252.92392
1264,183.1842,175.70465
1265,209.07898,174.48686
1266,212.13159,220.18271
1267,209.10522,223.33731
1268,211.28952,209.2178
1269,221.13165,211.97406
1270,231.97366,223.24423
1271,216.78949,221.67224
1272,189.31577,212.86017
1273,154.81578,214.65247
1274,140.10532,146.9346
1275,150.55266,150.90283
1276,158.31583,159.10764
1277,196.84213,165.60167
1278,303.3685,214.50916
1279,306.57898,220.17523
1280,313.64096,306.4714
1281,239.32428,299.32455
1282,245.47372,215.05783
1283,177.57892,210.08383
1284,171.00003,163.00577
1285,185.73682,165.03496
1286,173.42111,195.12363
1287,157.44736,199.72153
1288,153.07689,156.2726
1289,144.28944,161.49435
1290,160.23679,148.49825
1291,182.50006,156.96187
1292,157.83786,198.85507
1293,143.73686,206.99823
1294,141.28946,142.72389
1295,132.35898,149.29805
1296,131.68417,134.47867
1297,128.83778,140.82587
1298,136.42108,134.18428
1299,168.02638,142.35074
1300,278.26315,182.68774
1301,295.15784,187.14026
1302,249.52634,299.94623
1303,203.23688,293.7161
1304,201.97363,184.52997
1305,218.26315,180.57388
1306,242.0257,224.83835
1307,209.36838,222.97995
1308,188.18427,201.65375
1309,177.48656,203.81964
1310,163.4359,174.94295
1311,151.29733,174.85599
1312,143.92105,153.33089
1313,145.51277,161.43059
1314,144.921,152.47198
1315,140.4737,161.14522
1316,139.39471,144.62119
1317,141.42108,151.80505
1318,152.31583,147.77951
1319,155.5526,155.61024
1320,152.39476,161.42323
1321,153.44737,167.49681
1322,155.28954,156.78055
1323,147.18423,161.57407
1324,150.44736,148.18567
1325,173.8158,152.94476
1326,162.86845,184.75131
1327,203.3685,188.42233
1328,166.35893,216.36005
1329,167.21056,216.6217
1330,259.68414,166.28766
1331,277.60526,168.48795
1332,257.579,286.114
1333,274.54062,281.12796
1334,252.2821,270.66443
1335,225.49994,261.36893
1336,246.10532,212.17105
1337,276.1842,207.50797
1338,238.89468,284.388
1339,239.84207,280.34177
1340,254.68414,236.49112
1341,228.1579,232.54312
1342,243.36844,220.94382
1343,235.15796,221.11295
1344,225.36844,234.97018
1345,234.0,235.92227
1346,243.40549,236.96457
1347,240.6842,236.64374
1348,241.47372,239.39706
1349,204.23679,239.37015
1350,180.7106,195.59616
1351,295.68417,197.50934
1352,292.28946,339.23688
1353,313.56757,333.6828
1354,300.42108,311.48077
1355,300.07895,304.76416
1356,271.97375,290.8682
1357,278.34204,279.81238
1358,254.63162,276.84833
1359,199.07898,270.96194
1360,195.81577,183.50214
1361,201.60526,185.66891
1362,182.8158,205.03836
1363,192.99997,206.58908
1364,184.07892,199.43939
1365,199.02628,205.23474
1366,235.97372,206.18176
1367,195.63165,210.66089
1368,156.18425,188.77838
1369,142.13158,193.12238
1370,168.59464,141.6955
1371,186.18423,147.52536
1372,219.05264,198.25073
1373,204.60532,204.0459
1374,238.84216,201.87067
1375,262.6052,204.35242
1376,261.36844,269.171
1377,274.658,262.82986
1378,212.13159,275.0585
1379,169.57889,270.83093
1380,136.02632,156.56042
1381,143.76317,157.72572
1382,162.39474,151.59235
1383,174.13153,158.08063
1384,181.18918,185.23169
1385,184.92111,193.26334
1386,151.6579,187.75769
1387,132.48718,191.12814
1388,136.86844,129.76985
1389,142.00003,136.23448
1390,129.1053,150.60744
1391,138.07895,159.1091
1392,153.02698,144.5925
1393,163.9737,150.82886
1394,243.26309,171.023
1395,295.658,175.3354
1396,301.6578,313.4032
1397,334.15778,307.48764
1398,297.3158,329.81525
1399,205.81573,312.4281
1400,199.4054,177.13916
1401,204.76309,173.31516
1402,190.42102,209.82883
1403,174.78947,210.39923
1404,170.65787,173.35117
1405,166.47372,177.71413
1406,175.71053,168.66872
1407,164.73688,174.07527
1408,145.13518,168.02347
1409,141.81581,175.91432
1410,130.97366,146.57759
1411,123.94737,154.75194
1412,117.84213,127.28609
1413,114.65788,135.458
1414,116.05264,120.018814
1415,119.289444,129.01749
1416,115.81581,126.474625
1417,113.92102,134.62796
1418,116.026276,118.51425
1419,115.63159,126.67679
1420,113.68425,120.746506
1421,135.15791,128.17976
1422,215.34207,146.6996
1423,224.65793,153.04349
1424,195.28955,230.47635
1425,138.05261,229.71371
1426,124.28946,121.73753
1427,121.49997,123.1915
1428,120.94595,125.83688
1429,123.526306,131.30334
1430,123.894745,130.54805
1431,116.05264,139.73436
1432,117.394714,118.23155
1433,125.184235,124.22644
1434,122.23685,134.188
1435,116.97365,142.73286
1436,113.6053,121.292435
1437,117.97371,129.90767
1438,117.44737,123.91086
1439,116.605286,130.54901
1440,118.44739,121.11131
1441,125.61534,128.10344
1442,123.84213,132.35828
1443,122.55264,138.67482
1444,117.84213,125.901855
1445,117.21057,131.94093
1446,113.65793,121.20186
1447,112.00003,127.63196
1448,113.21054,116.08728
1449,116.34207,122.99631
1450,112.76318,122.14526
1451,109.473724,129.06139
1452,101.86842,112.82063
1453,98.473724,119.76848
1454,104.815796,102.38382
1455,109.105286,110.06253
1456,108.15791,116.31235
1457,105.710526,124.19647
1458,109.31575,109.537964
1459,118.13156,116.71617
1460,125.789444,125.596115
1461,123.31578,132.06679
1462,137.57895,126.81175
1463,117.52629,133.12422
1464,110.351364,116.0076
1465,106.39476,121.50873
1466,101.394775,109.76015
1467,98.84209,116.304565
1468,99.27031,103.43837
1469,100.89743,111.442
1470,97.5676,106.97284
1471,98.973694,115.02698
1472,102.710495,105.11107
1473,115.605255,113.14343
1474,186.4737,125.50615
1475,187.39471,133.32144
1476,167.36844,192.36182
1477,122.89473,194.76044
1478,116.94734,111.107666
1479,109.17946,113.74133
1480,104.5,112.11488
1481,102.45947,118.21109
1482,99.92105,108.01079
1483,99.13153,117.217926
1484,97.42108,104.45523
1485,94.73683,111.717224
1486,92.76312,100.68161
1487,91.5526,110.39598
1488,90.605255,98.049866
1489,91.948715,107.5853
1490,95.64865,98.10513
1491,97.47368,106.54625
1492,101.28206,103.42731
1493,108.37837,111.25662
1494,109.789474,115.40192
1495,196.13156,122.31183
1496,220.10254,230.8147
1497,152.21623,231.38287
1498,155.76315,133.60619
1499,143.42108,135.42137
1500,132.31578,142.14885
1501,131.1579,143.26869
1502,117.184204,135.0793
1503,109.184204,140.94843
1504,105.026276,109.61751
1505,104.026276,116.269714
1506,105.26312,109.04846
1507,106.13516,116.54239
1508,103.31578,114.321075
1509,101.4359,124.563
1510,99.47368,106.330765
1511,104.78949,114.70708
1512,107.894745,111.82475
1513,110.605225,119.81787
1514,111.60527,116.52614
1515,111.105255,123.95244
1516,116.13161,115.230484
1517,123.63156,121.66618
1518,213.44739,130.33954
1519,320.9487,136.30139
1520,268.5527,360.79065
1521,232.13159,349.68658
1522,218.84619,209.04645
1523,205.4325,200.53064
1524,198.07697,199.18445
1525,181.05258,194.73706
1526,175.89471,179.02676
1527,165.3158,182.58054
1528,151.00003,164.16165
1529,165.13164,166.09375
1530,145.55258,172.49074
1531,141.1842,178.23102
1532,152.55263,144.82959
1533,151.44739,153.076
1534,170.76317,157.19461
1535,176.48723,164.28033
1536,195.13162,182.89304
1537,202.0,187.604
1538,206.50003,204.98447
1539,233.1578,205.8414
1540,288.86832,239.25134
1541,345.44736,236.37115
1542,326.73685,357.05994
1543,262.56406,342.38882
1544,234.3421,236.37057
1545,240.86847,228.01825
1546,238.30768,240.86438
1547,205.97366,236.01926
1548,175.26312,198.96924
1549,164.3846,202.25424
1550,151.21619,163.54622
1551,154.63159,167.64537
1552,149.65791,161.9481
1553,151.73683,170.44087
1554,144.28944,158.96442
1555,167.69229,168.4947
1556,185.55267,179.6121
1557,171.63156,185.3841
1558,150.15785,171.55185
1559,142.39478,177.14882
1560,137.15791,142.55971
1561,129.8684,147.27983
1562,127.42105,132.54665
1563,123.00003,139.27982
1564,121.74356,126.60228
1565,174.84209,134.2332
1566,186.9737,197.43707
1567,217.55261,201.3162
1568,176.71054,226.8284
1569,169.35895,227.74771
1570,152.36841,164.90407
1571,140.00002,165.38129
1572,138.38463,139.79875
1573,138.44739,144.49973
1574,136.76312,142.75542
1575,129.2369,149.04788
1576,125.974365,129.87302
1577,125.84207,135.26065
1578,129.28944,130.38864
1579,142.97372,137.88919
1580,143.38458,152.66795
1581,143.44734,159.81342
1582,143.36845,146.94066
1583,133.69229,152.48116
1584,143.63159,134.45918
1585,159.18422,139.72488
1586,173.0263,168.55452
1587,176.79489,173.2278
1588,208.13156,179.50291
1589,272.68417,181.88644
1590,265.52628,291.6413
1591,257.97372,284.02734
1592,185.9487,248.19427
1593,136.26314,241.31332
1594,136.25644,122.57233
1595,143.52625,124.98184
1596,149.89474,153.47125
1597,130.6154,160.92935
1598,120.92108,130.49535
1599,115.605255,138.78017
1600,115.36842,118.477905
1601,145.13156,125.72777
1602,155.39478,162.62337
1603,131.76926,172.6625
1604,129.07889,129.7317
1605,124.36839,137.04106
1606,128.69232,127.29036
1607,128.60526,132.61566
1608,144.28944,134.44826
1609,168.34215,141.94434
1610,144.6842,179.30478
1611,176.56415,183.09659
1612,169.05263,185.97891
1613,162.94742,186.90033
1614,157.07898,162.78328
1615,187.10526,166.23508
1616,227.53851,198.59555
1617,206.86844,199.96869
1618,244.26318,201.34225
1619,279.23682,200.92319
1620,278.7948,285.15356
1621,184.23682,276.28415
1622,156.15791,158.63692
1623,143.38458,158.38599
1624,168.86842,143.66039
1625,173.15791,148.52097
1626,139.82047,182.46185
1627,131.78947,189.74081
1628,120.71048,132.72234
1629,122.23685,139.84464
1630,132.31578,129.57695
1631,128.39471,138.39554
1632,124.394745,135.89705
1633,126.65785,146.97957
1634,128.7368,132.00925
1635,129.29729,138.27425
1636,137.6316,134.073
1637,147.55266,141.19714
1638,155.25642,154.8566
1639,191.21057,160.4578
1640,304.18414,204.46509
1641,327.28955,205.35828
1642,338.02628,330.4683
1643,334.76315,318.37323
1644,307.23688,317.68237
1645,305.52637,298.3426
1646,245.02628,293.88837
1647,182.63162,279.44217
1648,182.26312,164.71542
1649,191.52637,166.0612
1650,193.63153,200.06555
1651,215.26315,202.80637
1652,197.89474,226.47467
1653,187.21054,232.0029
1654,184.1579,185.45364
1655,177.5263,189.8128
1656,186.91888,180.4627
1657,202.73685,186.58524
1658,213.0263,212.66339
1659,227.65793,216.97928
1660,228.86835,231.21027
1661,211.94592,230.14713
1662,278.1316,205.81696
1663,278.76318,205.44669
1664,302.60535,280.1921
1665,322.02625,275.4722
1666,295.4999,320.6053
1667,247.8422,308.90045
1668,223.76321,228.6912
1669,216.31573,223.31616
1670,190.36841,215.67026
1671,198.23685,216.67569
1672,184.36841,204.7117
1673,201.23688,209.01645
1674,197.86847,209.47266
1675,202.05264,213.77536
1676,212.56763,206.14825
1677,214.94739,210.40332
1678,210.39474,218.59406
1679,206.47363,221.32779
1680,207.31577,205.73929
1681,211.39478,207.16086
1682,236.55261,213.01831
1683,319.71048,213.64429
1684,320.05255,344.6369
1685,332.94736,335.15295
1686,313.94748,324.30417
1687,273.5405,310.86526
1688,258.7949,255.05807
1689,252.76318,246.90436
1690,269.342,250.40857
1691,289.84204,247.64456
1692,272.02637,293.94833
1693,275.78375,288.8424
1694,253.34216,270.5449
1695,246.92099,265.05008
1696,228.34213,244.18271
1697,223.15793,243.47784
1698,206.50003,223.9986
1699,209.05258,226.88788
1700,205.55261,211.8674
1701,218.28955,214.57968
1702,211.39478,224.00244
1703,200.26321,226.54016
1704,210.76315,198.53583
1705,216.21051,201.79742
1706,220.42111,220.42914
1707,224.26321,222.33868
1708,224.81583,226.05322
1709,233.47375,226.86319
1710,238.89468,235.05841
1711,278.34204,233.64752
1712,306.76312,288.22604
1713,311.34204,283.0282
1714,321.36838,306.76532
1715,289.15796,297.64297
1716,253.6842,273.68134
1717,241.47372,265.07013
1718,239.86844,235.5328
1719,239.18417,232.75049
1720,233.54062,239.89465
1721,228.55264,240.30298
1722,232.71057,227.49347
1723,238.74353,228.22159
1724,230.36838,242.5791
1725,215.94589,243.37183
1726,219.31573,213.54901
1727,208.86847,216.66705
1728,216.36844,208.45679
1729,219.97363,210.83508
1730,227.3685,223.52777
1731,224.02707,225.49548
1732,264.84216,223.93594
1733,334.71048,224.62411
1734,343.6316,355.29776
1735,331.23694,345.32098
1736,315.6316,317.2231
1737,275.76312,305.3734
1738,271.6842,258.68298
1739,264.78952,250.79572
1740,178.1316,262.5855
1741,148.36844,259.5747
1742,129.26312,140.98007
1743,121.18416,146.25679
1744,115.76312,126.08302
1745,115.73688,136.131
1746,116.81583,124.99687
1747,112.86844,137.85278
1748,111.500015,119.1216
1749,110.26314,129.47836
1750,109.473724,116.354095
1751,109.84209,126.55469
1752,110.184204,116.10632
1753,106.28946,124.89148
1754,105.94733,110.31441
1755,102.68425,118.01404
1756,102.63161,106.88516
1757,103.948685,114.33432
1758,101.71048,109.7287
1759,103.184235,117.41814
1760,113.86487,108.56528
1761,193.87183,116.0695
1762,249.26318,227.5159
1763,303.89474,229.41824
1764,239.86844,313.37537
1765,168.60527,302.08557
1766,157.86841,143.87103
1767,134.81577,140.63893
1768,117.605286,132.79082
1769,114.289505,136.70956
1770,108.921005,118.39223
1771,108.34213,126.75191
1772,107.18419,112.23082
1773,107.923065,119.21066
1774,115.34212,114.969864
1775,123.710495,125.39433
1776,126.76312,134.12097
1777,128.3421,143.65547
1778,128.07892,133.32016
1779,123.55267,140.14787
1780,118.02635,125.86557
1781,109.473724,131.49512
1782,110.64101,111.28038
1783,172.21059,117.8902
1784,166.28947,198.57916
1785,124.605255,202.19244
1786,115.605255,114.383896
1787,111.05263,119.32286
1788,107.36841,114.21573
1789,109.92108,119.76373
1790,108.3947,117.15953
1791,103.5641,125.94586
1792,102.315796,106.31059
1793,101.13158,113.7986
1794,101.23683,105.544754
1795,107.23686,112.799194
1796,112.5,115.728455
1797,109.65787,124.7395
1798,110.97371,113.60196
1799,115.31578,120.77542
1800,110.605225,121.07918
1801,103.473694,127.39488
1802,105.36844,105.751785
1803,102.26315,112.722946
1804,104.35896,106.4707
1805,106.36839,113.7216
1806,145.55258,112.1653
1807,162.3684,119.42738
1808,131.1579,172.8517
1809,107.499954,177.18008
1810,99.73686,102.04961
1811,95.86839,107.00215
1812,95.34206,100.52069
1813,89.99997,107.95543
1814,85.52634,95.019806
1815,84.68422,104.57341
1816,84.72974,89.98753
1817,85.51285,97.89995
1818,95.7632,91.990524
1819,89.45943,101.54761
1820,84.63159,94.14986
1821,82.39473,103.177155
1822,80.28952,86.95271
1823,76.526306,94.85948
1824,75.36842,81.13339
1825,75.23683,89.7354
1826,88.36842,81.03407
1827,166.81575,89.75168
1828,189.55258,202.64832
1829,125.26311,206.6926
1830,101.65787,109.287125
1831,108.18916,113.177505
1832,100.789474,113.021225
1833,93.894745,116.456665
1834,92.28949,97.70329
1835,99.57898,106.33052
1836,98.94734,105.94525
1837,97.3947,113.02232
1838,102.89192,101.39807
1839,103.15793,108.21542
1840,90.578964,109.992966
1841,90.97365,119.3239
1842,95.815796,95.47023
1843,106.89476,102.98195
1844,114.97371,115.95726
1845,93.26312,123.53145
1846,83.184235,91.58528
1847,82.48651,98.72958
1848,83.64099,87.45459
1849,83.513535,94.876495
1850,83.1053,89.7169
1851,87.81578,98.991455
1852,89.28949,94.568634
1853,91.10521,102.72804
1854,93.210495,96.989456
1855,94.894775,104.63466
1856,95.57892,100.96103
1857,90.47366,109.06743
1858,89.184235,93.67807
1859,102.59456,100.83264
1860,155.3846,111.725464
1861,135.21048,118.68379
1862,119.94733,134.57564
1863,122.34209,139.8293
1864,121.63159,124.77974
1865,109.31575,128.37378
1866,110.29726,110.11842
1867,116.15387,116.391785
1868,104.35132,123.1219
1869,101.68422,130.38344
1870,106.86842,105.36186
1871,102.44739,111.75079
1872,99.871826,107.34209
1873,110.15793,116.072525
1874,112.921036,118.78937
1875,130.86838,126.38959
1876,236.7894,140.98018
1877,317.05267,147.17773
1878,218.63159,344.6345
1879,162.18422,334.18652
1880,170.51279,139.71326
1881,182.13162,137.22827
1882,178.35892,189.09723
1883,135.71053,189.2009
1884,124.63159,127.79913
1885,107.64107,134.52876
1886,113.63161,107.13005
1887,108.789505,112.15077
1888,103.60527,115.18883
1889,95.07893,126.57118
1890,114.473694,99.653336
1891,101.47371,109.93695
1892,110.5128,105.24065
1893,100.71051,114.42384
1894,102.34207,105.071
1895,103.00003,114.39569
1896,100.28946,109.13028
1897,97.000015,116.91394
1898,93.65785,101.38716
1899,96.48718,109.58087
1900,102.1053,103.18646
1901,109.421036,111.00482
1902,121.3421,117.70998
1903,123.25641,125.4666
1904,128.9737,128.36743
1905,215.7106,134.4898
1906,333.58984,248.56723
1907,355.97366,246.60748
1908,348.05264,352.00525
1909,341.05133,334.7324
1910,300.00006,318.1954
1911,216.44733,294.3303
1912,162.99994,189.92752
1913,156.52629,184.33514
1914,159.21057,156.69409
1915,143.9737,160.9228
1916,138.66663,145.2324
1917,137.9473,152.0337
1918,140.26312,144.40543
1919,135.15791,154.12486
1920,129.68422,141.14516
1921,128.6842,150.9946
1922,125.02632,135.10384
1923,118.71051,144.98782
1924,113.82051,122.23326
1925,105.315765,129.81383
1926,100.76318,108.50571
1927,102.92308,116.84479
1928,104.28949,109.51654
1929,169.42107,117.86726
1930,286.78943,198.1937
1931,293.26315,203.58356
1932,245.13162,292.6632
1933,170.68423,285.1749
1934,160.39476,146.36513
1935,137.23682,143.285
1936,139.718,135.40334
1937,156.2105,139.44968
1938,152.05261,166.72372
1939,127.36839,173.96535
1940,114.394684,122.93465
1941,116.17952,127.36229
1942,113.499985,123.77544
1943,118.92102,133.43239
1944,121.18416,128.9135
1945,122.078964,139.68002
1946,125.894714,127.51216
1947,129.36845,135.0968
1948,134.28947,134.91942
1949,120.81575,141.0604
1950,125.692276,121.65231
1951,235.94742,128.5967
1952,315.42105,280.71542
1953,316.82056,278.0463
1954,320.28943,306.90424
1955,303.15778,294.96265
1956,183.92108,284.10217
1957,137.1316,266.7853
1958,122.578964,123.28375
1959,120.17946,125.217255
1960,117.68422,126.261566
1961,120.23682,135.30397
1962,123.684204,126.750824
1963,120.28949,135.35222
1964,122.30766,125.88336
1965,124.10521,135.23686
1966,140.10532,131.39293
1967,132.94739,141.75589
1968,125.31581,136.93709
1969,127.94737,144.50719
1970,207.71054,132.21706
1971,286.66663,137.73451
1972,318.60516,317.40973
1973,336.68417,311.20224
1974,320.73676,326.62933
1975,293.92105,309.37906
1976,260.158,273.84363
1977,230.9736,258.39935
1978,192.8205,220.38153
1979,182.94739,217.6995
1980,191.81586,181.25723
1981,172.10524,182.70941
1982,165.26321,170.81873
1983,164.31572,176.44171
1984,168.60527,169.5571
1985,163.23688,177.05902
1986,152.39476,167.67882
1987,146.50005,175.49963
1988,150.63155,149.57906
1989,189.51282,157.24098
1990,255.26321,207.35913
1991,184.65784,211.48386
1992,140.4737,169.56905
1993,130.55267,173.16397
1994,131.12817,129.6857
1995,128.84209,133.4242
1996,122.34209,135.346
1997,213.78946,144.28323
1998,156.73682,251.50455
1999,147.35893,254.63354
2000,170.84213,142.89148
2001,155.71056,145.72223
2002,165.07898,157.5635
2003,122.39479,163.89212
2004,116.4474,115.951126
2005,109.63156,122.30463
2006,109.71799,111.783005
2007,109.0789,118.203125
2008,104.9474,113.58241
2009,100.68422,122.207184
2010,99.05264,105.59508
2011,99.5526,114.40114
2012,113.34212,106.77724
2013,232.6052,115.95387
2014,285.718,287.13785
2015,308.2632,288.7393
2016,319.51355,303.07574
2017,277.42102,290.8043
2018,206.58975,253.32959
2019,154.10521,238.62738
2020,242.39471,139.31258
2021,265.78955,139.94409
2022,203.3685,278.3782
2023,164.57898,275.7559
2024,153.23686,149.68921
2025,150.02632,150.44109
2026,174.58972,155.10664
2027,229.5263,161.57884
2028,314.10538,257.79178
2029,334.079,266.70163
2030,303.13162,336.28928
2031,296.0262,324.21085
2032,320.6579,282.2315
2033,324.92102,270.96692
2034,290.9231,321.63412
2035,257.6053,310.83148
2036,240.50003,242.46317
2037,221.05133,237.23242
2038,222.86847,215.02286
2039,292.0,213.12903
2040,293.86844,317.42358
2041,262.66672,316.48282
2042,275.57898,250.66626
2043,297.47375,248.75223
2044,311.79483,302.12848
2045,326.97372,295.80383
2046,331.5526,327.75403
2047,323.7895,320.23615
2048,310.10526,312.59503
2049,246.38464,301.65494
2050,167.68417,226.02457
2051,154.97365,222.66989
2052,154.60521,154.66747
2053,162.63156,160.95082
2054,180.7106,173.4193
2055,183.1842,183.34885
2056,191.20508,189.83777
2057,171.97375,197.4173
2058,166.26315,170.72188
2059,156.60521,175.98962
2060,152.55263,158.97168
2061,151.79483,166.52045
2062,158.28944,156.12402
2063,142.00003,162.19
2064,128.36842,141.73038
2065,129.76318,147.68712
2066,137.2895,135.14775
2067,140.05264,142.06668
2068,149.5641,147.12784
2069,160.49998,154.94095
2070,198.0263,167.98195
2071,301.18414,173.2178
2072,311.02557,337.26608
2073,259.76324,328.1905
2074,207.55255,236.62106
2075,196.44733,229.64755
2076,191.84216,189.77667
2077,206.81583,186.1171
2078,210.28949,214.62958
2079,189.17957,216.86295
2080,202.0,183.26184
2081,168.92108,185.16531
2082,183.76312,162.42569
2083,154.02632,165.58049
2084,147.12817,152.67712
2085,154.60521,160.94495
2086,158.31583,162.08928
2087,156.2105,168.76288
2088,162.42104,160.28311
2089,143.94737,166.8367
2090,145.05263,144.1147
2091,164.18423,150.85168
2092,174.84209,176.36229
2093,189.64099,182.02814
2094,180.02637,197.16473
2095,312.26312,200.89124
2096,320.1315,355.9127
2097,323.34213,343.6248
2098,324.39465,310.86508
2099,283.33337,297.56833
2100,211.39478,262.96124
2101,181.76315,251.4841
2102,175.34209,171.86865
2103,153.44737,171.80565
2104,171.51276,151.18022
2105,148.15788,157.60548
2106,146.21048,146.52231
2107,161.78941,153.50406
2108,185.28952,173.26999
2109,170.55263,180.93777
2110,140.00002,172.14017
2111,132.15788,180.19794
2112,133.8158,133.6291
2113,150.52632,140.11479
2114,289.8975,162.71327
2115,284.2631,169.69554
2116,310.68414,287.73557
2117,263.8684,285.3889
2118,174.23079,242.75943
2119,150.86844,232.32983
2120,151.94739,143.52898
2121,147.84215,145.8814
2122,152.26314,154.18741
2123,162.69234,163.02663
2124,192.68423,171.78958
2125,207.7894,177.01764
2126,197.34204,217.15997
2127,188.41025,220.323
2128,176.68427,187.12231
2129,161.81583,191.51437
2130,157.89474,160.39264
2131,151.49998,164.1604
2132,146.15791,154.01361
2133,146.0789,159.72156
2134,142.47363,150.15591
2135,150.68417,155.72359
2136,169.43596,157.48914
2137,141.02634,163.81732
2138,142.579,138.15514
2139,161.78566,144.91153
