,CO,Hybrid
0,213.1315789473684,228.69766
1,214.07894736842104,237.88376
2,219.28947368421058,223.70201
3,200.78947368421046,235.80037
4,198.38461538461536,203.44275
5,219.05263157894743,215.0266
6,236.42105263157904,238.19165
7,227.56410256410248,250.43423
8,224.92105263157893,234.46004
9,257.3333333333333,244.01706
10,272.52631578947364,271.56027
11,239.974358974359,277.32928
12,221.13157894736847,239.31566
13,228.4102564102565,244.30145
14,233.3947368421053,234.84218
15,220.56410256410257,240.10103
16,261.1578947368422,223.45078
17,232.28947368421052,230.31825
18,241.948717948718,233.2801
19,215.94736842105254,239.56989
20,230.38461538461536,213.99466
21,210.5263157894736,220.07698
22,210.41025641025635,210.80818
23,209.73684210526324,217.9189
24,223.9230769230769,215.38373
25,257.15789473684214,223.77747
26,220.2105263157895,271.92502
27,204.87179487179486,278.69278
28,208.4210526315789,203.98586
29,204.2051282051283,211.32634
30,208.7105263157895,208.09569
31,208.48717948717945,217.16626
32,213.55263157894728,216.56201
33,263.578947368421,226.12955
34,298.1282051282052,280.45264
35,307.6052631578948,285.10532
36,231.6666666666666,305.3285
37,214.57894736842098,296.44336
38,208.78947368421055,208.55844
39,216.10526315789468,211.00595
40,208.66666666666666,216.40837
41,208.47368421052641,215.10121
42,208.6578947368422,206.70247
43,243.69230769230757,207.4073
44,248.34210526315795,247.68535
45,256.921052631579,239.14484
46,278.8157894736843,251.45996
47,326.2368421052631,244.9548
48,312.6315789473685,332.43942
49,288.57894736842104,317.3936
50,296.34210526315786,279.0076
51,294.21052631578937,273.05548
52,247.60526315789468,285.00568
53,227.73684210526324,277.67212
54,228.2631578947368,224.46
55,261.07894736842115,229.05136
56,300.55263157894746,264.78394
57,314.23684210526307,261.80524
58,318.6923076923077,302.21417
59,307.1578947368421,293.29034
60,310.5526315789472,293.57962
61,363.60526315789457,286.44427
62,275.1538461538462,310.13153
63,228.13157894736833,271.52307
64,212.55263157894743,209.65175
65,203.9736842105264,206.48187
66,205.6842105263157,198.47107
67,203.9736842105264,195.23846
68,191.47368421052636,200.1176
69,187.89473684210535,198.35916
70,189.23076923076914,185.64291
71,189.08108108108118,186.89618
72,187.73684210526324,188.95895
73,178.1794871794872,189.61797
74,176.7631578947368,181.00919
75,178.89473684210532,188.571
76,187.71052631578948,186.73741
77,175.42105263157904,196.52676
78,170.35135135135138,178.4268
79,211.36842105263156,188.94789
80,210.10526315789465,234.55765
81,245.10526315789477,243.0414
82,261.73684210526324,257.09872
83,345.07894736842087,259.5346
84,252.05263157894734,316.42984
85,206.94736842105257,281.42877
86,198.3947368421052,191.30315
87,204.7368421052632,188.99725
88,206.08108108108104,203.54355
89,197.4736842105264,199.94872
90,219.07894736842113,192.77553
91,233.76315789473693,192.97192
92,217.1578947368422,227.2373
93,214.02631578947359,218.49643
94,201.52631578947364,208.18066
95,198.3684210526316,205.6881
96,190.7368421052631,200.5509
97,183.00000000000003,207.37454
98,183.59459459459458,187.67627
99,234.26315789473682,196.49326
100,240.02631578947376,253.6478
101,276.8421052631578,258.14838
102,288.0526315789472,276.33197
103,264.15789473684197,272.31357
104,216.57894736842104,251.0408
105,201.28947368421055,243.90025
106,190.62162162162167,196.80295
107,263.7948717948719,197.83391
108,307.10810810810807,280.15747
109,310.9736842105262,273.4219
110,297.1315789473683,301.393
111,252.05263157894734,291.06775
112,251.55263157894728,233.22865
113,232.578947368421,229.0582
114,226.86486486486484,224.57762
115,242.36842105263165,222.18642
116,218.921052631579,247.61107
117,224.94736842105266,244.1325
118,239.4736842105264,230.79369
119,239.76315789473676,231.21275
120,221.86842105263156,243.89668
121,222.15789473684208,244.05809
122,213.44736842105266,229.62549
123,200.13157894736844,235.87843
124,202.2051282051283,203.8258
125,185.2631578947369,211.61774
126,194.578947368421,188.53633
127,253.97368421052647,196.3148
128,292.3421052631579,278.4139
129,261.0263157894736,290.25702
130,301.91891891891885,259.0238
131,276.41025641025635,259.7968
132,236.35135135135144,268.15448
133,210.49999999999994,261.87357
134,202.23684210526324,203.32692
135,216.28947368421044,203.76526
136,242.10526315789468,219.77599
137,229.84210526315798,218.09859
138,220.9210526315789,227.79996
139,225.49999999999997,227.35913
140,227.63157894736847,225.39577
141,233.76315789473693,225.26207
142,226.74358974358984,238.72589
143,233.78947368421055,241.38734
144,250.81578947368428,242.79094
145,269.4210526315789,250.66702
146,243.84210526315798,278.7643
147,213.8421052631578,282.9683
148,209.82051282051282,211.32324
149,216.89473684210523,218.37904
150,224.26315789473685,225.20496
151,256.4736842105263,232.56194
152,274.13157894736844,270.63535
153,277.57894736842104,276.13092
154,245.05263157894734,280.72638
155,242.1315789473684,281.2398
156,256.2307692307691,243.1958
157,234.68421052631584,245.51175
158,234.1052631578947,234.78133
159,269.58974358974353,238.84868
160,241.2105263157894,275.95874
161,224.89473684210526,275.54306
162,243.38461538461533,224.91351
163,259.657894736842,229.29462
164,242.89473684210517,269.59943
165,247.1794871794871,274.57065
166,222.00000000000006,255.24878
167,238.1025641025641,261.32706
168,268.2105263157896,247.9063
169,246.17948717948718,253.57504
170,204.5263157894737,249.61006
171,193.57894736842104,255.76526
172,195.1578947368422,193.98683
173,209.97435897435906,199.5253
174,215.2368421052632,218.00713
175,209.34210526315786,221.59439
176,229.84210526315798,210.9474
177,286.4615384615385,216.05731
178,305.5789473684211,298.49353
179,281.68421052631567,298.56107
180,244.65789473684202,273.38406
181,306.3333333333332,267.07462
182,311.42105263157885,310.85245
183,297.8157894736841,293.64734
184,251.47368421052641,281.66486
185,230.42105263157896,268.69952
186,218.2368421052632,216.43352
187,207.65789473684208,212.79619
188,201.8157894736842,195.46167
189,203.9736842105264,189.89369
190,232.2368421052632,195.44728
191,254.45945945945954,189.53076
192,276.0526315789473,253.8641
193,305.108108108108,245.29512
194,315.4999999999999,296.8993
195,280.81578947368433,286.6121
196,302.2631578947368,266.2507
197,273.7631578947368,262.5532
198,286.3783783783785,261.57712
199,265.9444444444445,259.82306
200,309.16216216216213,259.69318
201,304.1081081081082,260.60388
202,314.9166666666667,297.57974
203,289.81578947368416,296.114
204,295.578947368421,282.49402
205,296.6842105263157,283.14542
206,270.4473684210527,293.75964
207,235.76923076923075,294.03235
208,194.6052631578948,229.74348
209,190.07894736842113,232.79774
210,183.65789473684208,193.75554
211,176.52631578947367,197.51479
212,174.65789473684214,180.86647
213,174.41025641025644,185.8803
214,170.02631578947364,178.31297
215,172.92105263157893,181.4784
216,177.65789473684214,176.6031
217,177.44736842105257,178.9196
218,162.76315789473685,178.88733
219,179.83783783783775,183.96811
220,171.52631578947367,193.33174
221,171.23684210526315,204.29239
222,163.71052631578942,176.32729
223,211.89473684210532,187.34438
224,213.78947368421052,233.44814
225,278.8947368421053,240.7573
226,276.7567567567569,284.85
227,240.86842105263167,280.62766
228,267.3157894736843,225.62614
229,278.5263157894738,220.03407
230,232.89473684210535,273.42044
231,204.23684210526315,258.81134
232,200.71052631578954,198.81894
233,189.8378378378378,198.79776
234,180.8157894736843,190.81294
235,175.3421052631579,194.33388
236,182.63157894736847,179.2713
237,179.91891891891888,183.82141
238,181.94736842105266,183.31746
239,214.92105263157896,186.91856
240,296.4210526315791,227.13202
241,309.5000000000001,226.95375
242,312.6315789473685,299.04446
243,312.07894736842104,287.59558
244,313.4210526315789,296.37933
245,262.83783783783775,275.01422
246,303.5526315789472,240.63672
247,316.7105263157895,232.70349
248,317.02631578947376,300.06915
249,313.9473684210527,276.7693
250,310.9736842105262,306.1587
251,311.63157894736855,293.4899
252,313.4210526315789,312.03433
253,308.7368421052632,309.69708
254,272.3157894736842,305.43762
255,245.55263157894746,303.60602
256,227.1351351351351,238.23415
257,209.34210526315786,239.87277
258,202.7368421052632,208.48215
259,186.3947368421053,212.18288
260,173.7105263157895,189.48537
261,175.0526315789474,194.69989
262,185.42105263157896,182.60881
263,183.39473684210523,187.16469
264,185.4473684210526,185.73897
265,177.5526315789474,187.14673
266,187.60526315789468,179.28879
267,199.8421052631579,185.37042
268,200.65789473684214,212.95264
269,194.81578947368422,223.57498
270,217.078947368421,203.11493
271,200.55263157894743,215.59126
272,218.02631578947359,203.27484
273,224.99999999999994,214.20406
274,268.71052631578937,235.70398
275,262.32432432432427,244.38503
276,224.47368421052627,261.75455
277,279.4473684210528,259.66797
278,226.52631578947367,287.5588
279,218.72972972972974,284.2296
280,206.92105263157904,219.19955
281,229.0789473684211,223.5659
282,250.97368421052636,238.77818
283,234.68421052631584,242.07732
284,223.51351351351352,237.92946
285,227.6666666666666,242.02257
286,198.94736842105266,239.38036
287,186.21052631578945,245.45573
288,218.52631578947376,187.01268
289,210.36842105263167,191.74904
290,166.97368421052636,213.27979
291,148.6052631578948,219.9997
292,199.26315789473676,149.96864
293,242.6315789473685,154.78807
294,190.10526315789468,256.37018
295,200.65789473684214,255.76727
296,211.15789473684214,204.22972
297,176.5526315789473,209.24042
298,164.73684210526312,169.96173
299,162.5789473684211,175.2442
300,162.81578947368425,165.01671
301,164.28947368421055,170.78004
302,164.81578947368428,171.22441
303,164.71052631578945,179.21362
304,161.84210526315795,170.84412
305,156.78947368421052,178.71709
306,155.13157894736835,160.06339
307,164.02631578947367,169.73283
308,165.52631578947367,172.8352
309,171.8717948717948,183.32451
310,175.78947368421055,181.97197
311,182.0,193.6943
312,182.4473684210526,191.07382
313,180.55263157894743,201.6598
314,184.50000000000003,185.99551
315,186.3157894736842,196.87183
316,187.57894736842104,195.88933
317,191.4473684210526,207.7972
318,197.0263157894737,207.17755
319,205.28947368421046,221.52147
320,203.7894736842106,221.5715
321,193.40540540540542,229.87581
322,202.21052631578945,198.26854
323,256.55263157894734,210.43634
324,264.7105263157896,272.45828
325,286.84210526315803,270.23016
326,240.81578947368416,291.29135
327,227.89473684210523,283.0303
328,210.18421052631578,222.79709
329,211.31578947368416,222.99333
330,242.921052631579,212.56836
331,229.68421052631584,215.41815
332,209.4864864864864,229.68414
333,210.78947368421044,232.19955
334,204.55263157894734,211.01164
335,190.70270270270274,213.41374
336,189.60526315789474,191.81589
337,191.42105263157904,199.0739
338,192.76315789473688,198.87656
339,194.28947368421058,207.87877
340,201.36842105263167,201.32166
341,198.86842105263165,211.48724
342,193.44736842105272,203.26526
343,269.4210526315789,212.42665
344,323.421052631579,288.43005
345,335.3513513513513,291.0948
346,317.4210526315789,323.94998
347,317.0789473684209,301.86887
348,319.9210526315789,302.47058
349,270.7894736842104,280.1115
350,341.7631578947369,253.55164
351,327.948717948718,247.29044
352,313.78947368421046,287.36694
353,266.2631578947368,268.0635
354,238.5526315789473,253.08694
355,220.42105263157904,252.1405
356,235.71052631578942,218.32256
357,228.44736842105272,219.88916
358,220.81578947368413,226.47139
359,225.40540540540542,225.18906
360,220.81578947368413,224.21
361,203.86842105263162,221.19257
362,204.7894736842105,204.27032
363,209.5526315789474,206.6187
364,215.3421052631579,211.76161
365,285.49999999999994,212.88562
366,261.52631578947364,287.9476
367,229.3157894736843,286.7261
368,279.6842105263157,219.83177
369,283.89473684210526,221.52278
370,309.1578947368421,282.8425
371,349.02631578947364,278.84335
372,316.4594594594595,314.28275
373,253.63157894736838,282.42426
374,257.26315789473676,229.1296
375,243.23684210526315,226.64052
376,237.15789473684217,237.72192
377,239.15789473684202,234.79669
378,247.7027027027026,236.03754
379,254.92105263157896,231.48935
380,279.5263157894736,250.33139
381,271.921052631579,243.35463
382,269.2631578947368,258.9302
383,252.26315789473693,249.9706
384,245.70270270270268,244.62355
385,244.28947368421046,243.576
386,246.50000000000006,243.62195
387,234.23684210526304,245.4302
388,243.18421052631567,233.30786
389,302.1842105263157,235.75586
390,301.0789473684209,308.27637
391,326.73684210526307,312.29437
392,337.3684210526316,324.10944
393,340.4864864864864,319.36743
394,340.5526315789472,326.9548
395,332.8684210526316,310.48596
396,339.4473684210528,322.75552
397,331.94736842105266,307.2618
398,288.57894736842104,323.54153
399,270.07894736842104,309.66458
400,288.3513513513513,259.71307
401,301.2105263157895,258.1601
402,305.26315789473676,303.75293
403,300.55263157894746,299.31598
404,305.3421052631578,298.57907
405,296.97368421052636,297.58728
406,312.0526315789473,294.77307
407,303.7631578947369,294.61234
408,322.21052631578965,302.5103
409,277.7692307692307,302.8129
410,246.5263157894736,271.70682
411,273.97368421052636,272.93588
412,299.8684210526317,278.99213
413,315.3421052631578,278.15976
414,338.58974358974353,318.5366
415,330.4054054054053,318.9218
416,322.0263157894737,325.89038
417,289.7894736842106,322.48334
418,246.3846153846153,281.49564
419,243.36842105263167,280.28128
420,272.57894736842104,238.31303
421,276.0789473684209,237.81131
422,249.42105263157904,272.54562
423,221.49999999999994,268.45023
424,203.18918918918922,216.84363
425,181.6052631578947,218.71739
426,192.21052631578956,184.94093
427,179.15789473684214,190.97047
428,165.84210526315795,181.43181
429,162.73684210526312,186.18668
430,156.78378378378378,167.45177
431,152.73684210526312,172.57632
432,151.2631578947369,156.72562
433,159.34210526315795,161.91324
434,161.8684210526316,166.18608
435,170.99999999999994,172.39131
436,156.5526315789474,178.30049
437,196.07894736842104,186.2247
438,246.5263157894736,226.82727
439,277.1842105263157,233.5089
440,253.28947368421046,271.48178
441,210.08108108108104,259.0276
442,173.6052631578948,197.7901
443,168.3947368421053,195.37062
444,165.78947368421058,168.83234
445,166.21052631578948,169.42867
446,163.65789473684214,168.52832
447,170.21052631578956,171.80753
448,168.6052631578947,175.70421
449,164.92105263157902,179.42148
450,166.23684210526312,167.14015
451,165.34210526315786,171.70558
452,167.36842105263165,166.79028
453,166.31578947368425,176.51952
454,184.0,174.04732
455,191.73684210526315,188.49403
456,185.18421052631575,210.27014
457,179.52631578947364,220.01057
458,166.76315789473685,184.5481
459,153.13157894736838,198.2854
460,147.28947368421052,155.69194
461,142.97368421052636,167.39311
462,142.86842105263165,146.99263
463,145.4324324324324,156.71295
464,144.57894736842104,154.10304
465,146.10526315789468,163.9405
466,177.68421052631584,151.12755
467,209.26315789473682,159.39261
468,205.84210526315783,211.08253
469,209.70270270270265,205.27707
470,176.94736842105257,204.10304
471,155.89473684210523,200.67265
472,151.13157894736835,152.6695
473,158.4054054054054,156.42055
474,159.52631578947367,174.90738
475,162.13157894736835,184.09042
476,158.3783783783784,174.17513
477,148.8974358974359,185.00676
478,148.67567567567565,147.7709
479,156.5526315789474,156.87651
480,152.73684210526312,166.14134
481,153.07894736842107,176.8475
482,173.34210526315786,161.56242
483,177.28947368421058,174.79889
484,183.05263157894734,188.71887
485,172.84210526315786,198.28706
486,181.30769230769238,172.05307
487,193.15789473684214,181.5593
488,266.1315789473684,205.0957
489,248.5526315789474,213.34995
490,290.657894736842,241.24452
491,278.39473684210526,236.61876
492,313.3076923076923,267.68533
493,313.86842105263156,254.4018
494,318.51351351351354,299.25604
495,268.31578947368433,276.11063
496,217.78947368421058,250.7013
497,208.1842105263158,243.91884
498,201.42105263157887,202.90475
499,205.39473684210523,203.65637
500,195.84210526315792,204.09622
501,187.3421052631578,204.30019
502,174.10526315789477,187.97629
503,192.26315789473682,190.46967
504,195.0,198.75519
505,180.39473684210523,196.13148
506,178.21052631578948,177.52858
507,178.84210526315783,179.74915
508,170.57894736842098,182.39523
509,174.8684210526316,188.76688
510,238.54054054054063,187.25359
511,238.23684210526315,197.15758
512,260.78947368421046,237.18004
513,286.5526315789473,236.48389
514,213.0263157894737,280.5312
515,176.73684210526312,270.082
516,172.89189189189193,167.48393
517,167.60526315789468,165.88364
518,165.50000000000006,164.27121
519,167.84210526315795,165.5552
520,171.28947368421052,168.21245
521,178.44736842105257,170.333
522,177.945945945946,178.85999
523,178.71052631578948,178.04114
524,179.6315789473684,176.52048
525,174.0,176.52335
526,166.13157894736847,173.3824
527,163.13157894736838,179.47293
528,161.3947368421052,167.0544
529,160.07894736842104,175.5098
530,154.86842105263156,166.05289
531,158.65789473684208,175.59827
532,195.4594594594594,169.00974
533,167.15789473684217,179.72375
534,227.84210526315786,160.55196
535,279.8947368421052,167.51752
536,300.842105263158,258.3869
537,304.9736842105262,242.38593
538,307.44736842105254,280.03745
539,308.2631578947367,259.2935
540,308.5263157894736,292.29584
541,294.5526315789473,271.04352
542,216.76315789473693,278.1763
543,182.08108108108107,262.23044
544,178.15789473684208,173.50143
545,175.6052631578947,174.60468
546,182.64864864864862,175.86015
547,200.0789473684211,179.90448
548,201.7894736842105,205.30911
549,187.73684210526324,199.9174
550,180.89473684210517,182.31062
551,180.1842105263157,181.51111
552,188.57894736842104,182.86124
553,188.18421052631572,184.86055
554,187.63157894736838,204.72993
555,174.8684210526316,217.93579
556,176.71052631578954,182.48349
557,170.28947368421058,196.69768
558,248.57894736842098,178.80342
559,262.55263157894746,193.10101
560,245.34210526315786,267.01367
561,275.02631578947364,268.9506
562,215.99999999999997,278.03702
563,176.52631578947367,271.8039
564,167.81578947368425,168.18037
565,163.05128205128204,170.27777
566,159.56756756756752,163.07823
567,154.65789473684214,166.44072
568,152.52631578947373,156.18188
569,162.6315789473684,160.59802
570,163.7631578947368,170.3435
571,158.62162162162156,171.95996
572,148.81578947368428,157.62358
573,145.49999999999994,161.55875
574,147.86842105263162,148.55916
575,148.00000000000006,157.68803
576,153.89473684210523,155.93861
577,154.83783783783787,168.2352
578,150.44736842105263,162.47546
579,159.36842105263165,174.81941
580,203.49999999999991,177.65105
581,205.63157894736844,191.58334
582,184.26315789473693,202.92348
583,164.4210526315789,203.87643
584,162.421052631579,161.54462
585,165.97368421052633,167.60161
586,164.23684210526318,173.80228
587,161.0526315789473,183.08029
588,163.42105263157887,171.52339
589,176.84210526315792,183.51328
590,205.50000000000009,197.52449
591,210.84210526315786,210.39372
592,223.84210526315783,216.14392
593,188.25641025641033,222.52876
594,176.3947368421053,181.85323
595,179.57894736842104,189.05138
596,173.52631578947367,184.1958
597,166.89473684210523,192.85602
598,160.47368421052627,170.15367
599,154.2631578947369,179.46046
600,155.65789473684217,158.57892
601,153.49999999999994,167.19044
602,153.81578947368416,158.63206
603,155.99999999999994,166.07806
604,153.47368421052633,161.99973
605,152.60526315789474,170.52962
606,153.34210526315786,159.25749
607,153.92105263157902,170.57986
608,153.49999999999994,160.8954
609,159.8947368421052,172.94218
610,165.39473684210532,169.27715
611,185.15789473684208,181.67604
612,210.86842105263162,214.85286
613,223.97368421052636,222.71976
614,241.40540540540553,229.82013
615,220.8684210526316,228.65941
616,222.18421052631584,213.99623
617,200.66666666666666,211.59781
618,198.5263157894736,192.53558
619,189.15789473684214,191.31673
620,180.21621621621622,186.60457
621,169.71052631578954,189.31793
622,183.76315789473685,170.98972
623,187.1842105263158,180.0155
624,182.15789473684214,196.36295
625,197.81081081081078,203.43187
626,249.18421052631572,209.843
627,225.18421052631578,215.71112
628,215.39473684210523,224.09094
629,213.5263157894736,225.5856
630,202.56410256410257,215.53476
631,191.6052631578947,219.15715
632,216.86842105263165,195.47658
633,250.6578947368422,205.22688
634,238.02631578947373,260.05603
635,298.8157894736843,259.54562
636,298.66666666666674,295.42606
637,309.02631578947364,284.84238
638,305.9210526315791,289.44376
639,300.4736842105264,273.83698
640,273.02631578947376,284.87653
641,220.57894736842107,272.31104
642,210.31578947368422,209.34575
643,196.54054054054055,213.26285
644,185.9473684210527,194.72803
645,180.68421052631572,198.36911
646,181.23684210526318,183.98676
647,182.05263157894743,188.19377
648,185.2894736842105,187.05502
649,190.05263157894728,188.65454
650,188.6052631578948,192.10144
651,176.36842105263165,191.00514
652,170.92105263157893,174.71794
653,172.9736842105264,180.17719
654,175.18421052631575,179.07759
655,194.1052631578947,188.49219
656,179.84210526315795,205.59395
657,239.86842105263162,214.06685
658,252.76315789473693,257.3122
659,272.73684210526307,262.02563
660,202.15789473684208,264.0711
661,169.68421052631578,254.75604
662,160.64864864864862,163.5921
663,156.3421052631579,164.30986
664,160.1315789473684,156.95831
665,163.0,159.8641
666,159.28947368421046,165.83151
667,161.24324324324334,169.14691
668,162.02564102564097,162.98344
669,159.36842105263165,165.4444
670,156.10526315789474,158.26303
671,154.6052631578947,160.90837
672,158.00000000000006,157.92892
673,164.48648648648648,166.37543
674,160.00000000000006,178.275
675,243.86842105263162,189.58391
676,252.3421052631578,265.96133
677,276.7105263157894,263.58307
678,277.32432432432444,266.44214
679,303.3947368421054,251.95013
680,296.2894736842104,298.9393
681,300.05263157894746,276.80112
682,301.0263157894737,287.3809
683,299.43243243243234,266.97134
684,299.0263157894737,287.30942
685,266.2631578947368,268.64935
686,190.57894736842096,254.40753
687,175.027027027027,252.02997
688,172.4615384615384,174.31056
689,166.1081081081081,179.3639
690,163.34210526315783,169.36678
691,161.3157894736843,175.71063
692,161.42105263157902,167.56584
693,156.3421052631579,172.75293
694,164.60526315789474,159.44342
695,168.23684210526312,162.9127
696,177.5263157894737,174.71227
697,179.28947368421046,179.02313
698,178.71052631578948,192.51959
699,171.0526315789473,205.97699
700,161.9210526315789,177.90018
701,168.13157894736847,191.25461
702,173.7105263157895,180.30373
703,230.7368421052632,194.8028
704,250.3947368421052,256.16885
705,210.1282051282051,265.1218
706,175.52631578947364,197.16225
707,159.73684210526312,199.41704
708,157.84210526315795,156.78194
709,147.86842105263162,160.41034
710,143.0526315789474,146.85475
711,141.2894736842105,151.35818
712,152.42105263157896,144.27371
713,166.50000000000006,149.34955
714,162.31578947368425,171.5824
715,159.71052631578942,172.56961
716,162.6315789473684,157.05937
717,153.421052631579,160.87605
718,153.57894736842098,154.54123
719,148.3684210526316,163.63756
720,146.47368421052636,153.4657
721,141.9736842105263,164.66579
722,145.23684210526312,148.35942
723,151.10526315789468,160.36028
724,143.55263157894734,164.2354
725,202.15789473684208,176.85725
726,224.18421052631587,239.59879
727,221.35135135135138,243.56053
728,179.0526315789474,208.98663
729,174.8684210526316,203.87685
730,174.36842105263162,175.79027
731,161.84210526315795,178.04555
732,154.76315789473688,161.77798
733,152.13157894736835,166.16342
734,153.99999999999994,156.63655
735,154.28947368421055,163.56169
736,156.921052631579,161.41882
737,156.48717948717947,169.58357
738,160.6052631578948,160.8378
739,168.0526315789474,168.73833
740,167.5526315789474,177.68301
741,166.13157894736847,188.57278
742,167.5526315789474,170.6651
743,166.31578947368425,181.93369
744,159.4736842105264,172.71732
745,161.81578947368425,185.02106
746,156.39473684210523,170.68185
747,152.10256410256414,183.67828
748,148.2368421052631,158.85461
749,152.13157894736835,171.5593
750,150.6486486486486,161.25333
751,156.76923076923072,173.50887
752,160.05263157894734,165.36716
753,176.05263157894746,176.58159
754,243.1891891891892,203.37396
755,229.7631578947369,213.03493
756,264.9473684210526,216.45792
757,285.07894736842115,211.28137
758,238.3684210526316,281.50714
759,208.6578947368422,264.3841
760,191.0540540540541,197.90984
761,176.5526315789473,194.14749
762,174.55263157894737,172.63332
763,168.6052631578947,172.60802
764,166.1081081081081,167.20705
765,218.36842105263167,170.58206
766,202.60526315789465,233.81137
767,193.08108108108112,219.35371
768,186.34210526315786,184.23596
769,191.921052631579,182.63812
770,185.16216216216225,204.70209
771,177.26315789473688,210.39908
772,187.36842105263156,180.81828
773,190.9473684210526,190.83499
774,201.71052631578942,202.24298
775,209.2894736842105,215.29773
776,228.31578947368413,229.06535
777,246.00000000000003,242.02577
778,281.7368421052633,258.09686
779,232.36842105263153,263.27267
780,221.10256410256414,224.41867
781,205.97297297297294,227.04153
782,221.55263157894737,204.71605
783,224.18421052631587,209.70544
784,212.35897435897436,230.66444
785,204.84210526315795,234.67044
786,190.13157894736844,205.75069
787,200.18421052631584,212.49373
788,197.4210526315789,209.13791
789,188.50000000000009,213.68303
790,190.1282051282051,190.03816
791,186.3947368421053,197.62524
792,207.81578947368425,190.18134
793,192.5263157894736,199.29306
794,195.21052631578948,192.42514
795,194.5,200.80724
796,184.68421052631587,205.25601
797,192.23684210526315,217.52536
798,196.84210526315795,202.19899
799,268.6315789473683,215.52515
800,325.44736842105254,290.66672
801,338.92307692307685,296.86954
802,342.7894736842106,329.79462
803,282.2894736842106,310.34174
804,270.94736842105254,258.54782
805,242.921052631579,249.42229
806,219.71052631578956,229.5819
807,198.86842105263165,224.30016
808,204.36842105263153,193.16386
809,205.99999999999997,193.29277
810,176.10526315789474,205.52011
811,162.18421052631575,204.1819
812,158.21052631578942,166.16211
813,150.44736842105263,173.4808
814,143.47368421052627,153.79057
815,138.0,160.99394
816,140.71052631578954,140.04161
817,155.3783783783784,145.91985
818,166.53846153846155,163.33304
819,178.97368421052633,166.05255
820,274.47368421052624,187.06973
821,315.7435897435897,187.0853
822,322.6842105263159,295.88647
823,331.42105263157885,269.39148
824,312.39473684210515,320.11963
825,293.1315789473684,287.2047
826,273.28205128205127,269.94986
827,273.92105263157896,254.25098
828,254.34210526315786,261.27277
829,206.42105263157893,247.49971
830,196.9473684210527,196.38446
831,225.57894736842107,197.18405
832,203.92105263157887,234.07121
833,196.07894736842104,229.04677
834,181.3947368421052,197.30092
835,156.2631578947369,199.2678
836,152.68421052631575,157.20639
837,168.13157894736847,163.89636
838,184.2564102564103,174.68185
839,189.5,176.74239
840,184.73684210526312,193.6327
841,193.1842105263158,193.70422
842,167.86842105263165,200.76828
843,136.84210526315783,205.48753
844,132.74358974358972,129.3024
845,138.31578947368422,129.63939
846,251.55263157894728,151.42947
847,258.15789473684214,159.35817
848,275.921052631579,245.92091
849,261.07894736842115,234.21228
850,224.0789473684211,244.12392
851,215.79487179487177,230.03964
852,175.18421052631575,205.7822
853,152.63157894736838,197.28967
854,146.9473684210526,145.91673
855,140.41025641025638,143.50894
856,144.57894736842104,137.47424
857,151.84210526315792,140.76169
858,159.49999999999997,155.919
859,167.921052631579,158.81184
860,167.5641025641026,168.28082
861,159.49999999999997,165.56845
862,149.05263157894743,155.37875
863,144.68421052631578,157.90157
864,157.07894736842098,146.561
865,166.2631578947369,153.91367
866,165.5526315789474,180.23152
867,192.97368421052641,190.29427
868,283.8421052631578,222.27011
869,301.2894736842105,228.76773
870,313.21052631578937,290.22556
871,304.2894736842106,274.3996
872,229.81578947368425,289.98383
873,180.0263157894736,270.1526
874,169.02702702702706,168.9793
875,171.7631578947369,163.86096
876,165.10526315789474,168.39845
877,159.84210526315795,167.3552
878,150.52631578947373,158.2682
879,145.23684210526312,161.82591
880,153.3684210526316,149.19798
881,148.21052631578945,156.43729
882,147.3684210526316,148.73311
883,147.4736842105264,151.88385
884,146.68421052631584,151.19476
885,148.05263157894734,157.90244
886,144.81578947368425,154.64897
887,145.8947368421052,164.70924
888,148.47368421052627,151.28856
889,154.7368421052632,161.58792
890,156.23684210526318,162.65752
891,150.65789473684205,173.18417
892,149.6052631578948,153.07109
893,151.9736842105264,162.90169
894,141.10526315789477,158.88292
895,141.1538461538462,169.76453
896,140.2368421052632,146.66113
897,138.4473684210527,157.11224
898,145.65789473684208,143.71347
899,245.47368421052627,154.19025
900,212.0789473684211,264.12982
901,221.34210526315783,254.95755
902,172.36842105263156,208.0066
903,157.5384615384616,200.91643
904,145.23684210526312,152.53914
905,142.23684210526318,150.61269
906,142.1842105263158,140.64604
907,153.39473684210526,141.58134
908,143.65789473684214,165.16985
909,128.73684210526318,168.96736
910,129.63157894736844,125.95621
911,127.21052631578951,128.22276
912,129.68421052631578,127.39458
913,126.92105263157896,130.55176
914,124.21052631578945,128.42465
915,127.1052631578948,135.551
916,131.10256410256417,130.8629
917,129.7105263157895,138.97165
918,129.40540540540547,131.25098
919,139.60526315789477,138.68526
920,227.4615384615384,155.3715
921,275.7894736842105,165.00717
922,298.2631578947367,247.51605
923,311.5,219.6947
924,310.842105263158,311.02988
925,299.3243243243244,286.7003
926,255.41025641025635,267.7781
927,259.6052631578948,245.30339
928,170.44736842105263,247.34383
929,162.37837837837836,232.49493
930,157.5263157894737,161.7559
931,171.18421052631575,161.17903
932,163.18421052631572,177.0512
933,164.0526315789473,178.55331
934,152.52631578947373,166.15169
935,152.34210526315792,168.26793
936,170.28947368421058,153.98582
937,175.00000000000006,157.19121
938,158.02631578947373,173.81412
939,155.94736842105257,176.26288
940,162.3947368421052,158.73665
941,150.2631578947368,169.51929
942,144.71052631578945,150.49782
943,165.81578947368425,160.35616
944,247.73684210526324,194.75208
945,271.2631578947368,204.2995
946,291.578947368421,252.08081
947,181.00000000000003,235.82814
948,160.52631578947367,152.14244
949,153.0689655172413,146.68108
950,152.26315789473688,145.69147
951,146.39473684210532,142.87743
952,141.7368421052631,140.09914
953,141.71052631578948,140.93625
954,142.3421052631579,141.24045
955,146.83783783783787,143.87846
956,153.421052631579,149.12814
957,146.05263157894734,150.5246
958,142.63157894736847,142.30344
959,145.84210526315783,144.62035
960,153.84210526315792,150.05493
961,159.07894736842107,158.10521
962,163.23684210526318,165.19041
963,153.92105263157902,173.03719
964,206.6315789473684,154.2166
965,306.108108108108,161.44334
966,320.68421052631584,293.96655
967,328.5789473684211,265.75513
968,324.2631578947369,313.1085
969,294.3157894736841,286.20883
970,267.7105263157896,276.52347
971,259.657894736842,266.84424
972,215.05405405405403,249.9269
973,186.3947368421053,240.05478
974,175.9473684210527,178.66853
975,187.68421052631575,178.56773
976,166.18421052631575,188.95401
977,151.2631578947369,189.54185
978,141.57894736842098,155.1639
979,144.9736842105263,164.5879
980,142.07894736842107,148.44511
981,148.8108108108108,155.87137
982,160.81578947368422,149.55338
983,161.57894736842098,151.9718
984,176.078947368421,156.95108
985,183.00000000000003,158.91554
986,163.97368421052633,178.72543
987,163.1351351351352,179.70001
988,181.3947368421052,163.18616
989,267.421052631579,167.05011
990,270.921052631579,253.61676
991,186.34210526315786,237.2357
992,167.44736842105263,158.50116
993,171.54054054054052,154.41237
994,169.25641025641022,169.05089
995,169.13157894736838,168.81415
996,164.4736842105264,166.1283
997,166.78947368421055,167.91695
998,170.73684210526318,164.70142
999,170.49999999999994,166.85736
1000,168.31578947368425,167.5714
1001,175.8684210526316,169.21481
1002,168.71052631578942,172.18939
1003,165.3684210526316,174.8934
1004,162.60526315789468,166.37354
1005,159.26315789473688,173.94698
1006,161.44736842105266,160.0512
1007,166.4210526315789,167.47708
1008,169.92105263157902,170.35309
1009,160.02631578947367,178.79028
1010,231.7105263157894,159.95311
1011,286.102564102564,168.07841
1012,301.4473684210526,259.04114
1013,262.3421052631579,234.60033
1014,204.02631578947373,233.20425
1015,199.34210526315798,222.69675
1016,187.84210526315786,194.63225
1017,186.0526315789474,187.5534
1018,174.05405405405403,179.76324
1019,173.92105263157887,176.68323
1020,169.36842105263156,171.032
1021,165.60526315789468,171.64178
1022,160.31578947368416,164.48495
1023,157.47368421052633,167.48236
1024,154.68421052631575,157.10143
1025,144.57894736842104,160.33252
1026,146.57894736842104,144.7228
1027,180.89473684210517,149.8031
1028,233.8421052631579,200.10797
1029,264.07894736842115,205.45161
1030,188.21052631578954,244.53563
1031,171.52631578947367,225.76755
1032,164.71052631578945,164.37378
1033,151.578947368421,160.72899
1034,158.78947368421046,142.72934
1035,179.7631578947369,140.5969
1036,182.94736842105266,196.39865
1037,161.42105263157902,195.39734
1038,150.55263157894743,153.37053
1039,147.84210526315783,155.29028
1040,153.34210526315786,145.54327
1041,150.6052631578947,146.79156
1042,196.921052631579,149.21138
1043,283.3947368421054,154.19513
1044,289.1052631578947,267.9624
1045,218.44736842105263,245.6929
1046,167.52631578947373,190.76294
1047,159.68421052631584,184.6239
1048,154.23684210526315,152.72293
1049,153.5263157894737,146.15968
1050,150.84210526315783,145.00853
1051,162.1052631578948,143.8203
1052,223.24324324324323,160.484
1053,222.65789473684205,160.10757
1054,195.26315789473685,205.8525
1055,204.1842105263157,194.31163
1056,176.44736842105257,200.1341
1057,173.86842105263156,195.68237
1058,201.71052631578942,170.98364
1059,208.47368421052641,170.68413
1060,190.64864864864873,199.87183
1061,184.36842105263162,197.35036
1062,204.7368421052632,178.27034
1063,221.34210526315783,180.61324
1064,275.52631578947376,221.68764
1065,310.18421052631584,220.95836
1066,307.55263157894734,283.97455
1067,327.60526315789474,264.3592
1068,290.8684210526317,311.49112
1069,238.31578947368413,290.14615
1070,245.7837837837838,216.3244
1071,250.71052631578948,211.61578
1072,260.5263157894737,247.8723
1073,264.8684210526316,240.11884
1074,233.26315789473682,267.41452
1075,207.2631578947369,263.17935
1076,220.47368421052624,202.33643
1077,221.49999999999994,204.53296
1078,208.7368421052632,223.0487
1079,197.1315789473684,222.42789
1080,213.05263157894734,193.63414
1081,226.26315789473685,195.80696
1082,219.92105263157887,228.54472
1083,247.73684210526324,228.30911
1084,295.18421052631567,249.91577
1085,293.7105263157896,250.1034
1086,270.1052631578947,285.55038
1087,242.07894736842093,280.34967
1088,232.6315789473685,233.70529
1089,304.05263157894734,232.78113
1090,322.5263157894736,314.51096
1091,331.63157894736855,306.03265
1092,335.1842105263159,319.5861
1093,322.94736842105266,304.1221
1094,306.05263157894734,310.16577
1095,270.9459459459459,297.52563
1096,227.94736842105272,259.69116
1097,211.6153846153846,256.95297
1098,217.78947368421058,204.27663
1099,241.55263157894728,203.9432
1100,237.44736842105252,239.36679
1101,256.31578947368433,230.67313
1102,247.07894736842115,248.27222
1103,248.65789473684217,236.35617
1104,233.78947368421055,235.91397
1105,231.76315789473693,227.24287
1106,238.94594594594588,223.50089
1107,240.3157894736842,220.70851
1108,242.99999999999994,246.60907
1109,302.52631578947376,250.9227
1110,308.65789473684197,310.80353
1111,320.31578947368416,313.8737
1112,306.0540540540541,315.63626
1113,291.4473684210526,307.37912
1114,279.7631578947368,286.53064
1115,251.34210526315798,280.34558
1116,237.34210526315795,241.48834
1117,223.8947368421052,239.1876
1118,209.47368421052633,213.81001
1119,214.71052631578956,212.6995
1120,197.86842105263162,208.23366
1121,192.07894736842107,206.62083
1122,189.81578947368422,187.9308
1123,177.18421052631578,190.05939
1124,190.7368421052631,174.03777
1125,182.3157894736842,177.69029
1126,172.10526315789474,178.62637
1127,155.47368421052636,180.36353
1128,154.7894736842105,151.00822
1129,151.10526315789468,154.61612
1130,147.84210526315783,149.82613
1131,145.8947368421052,154.10762
1132,146.0,145.67188
1133,146.99999999999997,150.59052
1134,255.05263157894734,154.18718
1135,223.55263157894734,161.87514
1136,267.10526315789474,206.5467
1137,243.2631578947369,196.7258
1138,205.50000000000009,220.76427
1139,176.92105263157887,212.17798
1140,159.31578947368416,167.4755
1141,155.5641025641025,161.83368
1142,155.86486486486496,148.01505
1143,156.13157894736835,146.26384
1144,175.36842105263165,150.15044
1145,170.94736842105257,151.75351
1146,140.5526315789473,161.54031
1147,134.8421052631579,161.35179
1148,136.1315789473684,135.93307
1149,137.97368421052636,138.81012
1150,142.07894736842107,139.8215
1151,156.31578947368422,144.76341
1152,171.7631578947369,164.42488
1153,230.92105263157902,172.30135
1154,285.3947368421053,231.16504
1155,299.1842105263157,223.4045
1156,274.8947368421053,253.09412
1157,219.44736842105254,234.3398
1158,181.94736842105266,201.94756
1159,160.86842105263153,197.26437
1160,149.13157894736835,155.69278
1161,144.94594594594594,150.70952
1162,145.94736842105263,140.29628
1163,152.92105263157896,141.58444
1164,150.8717948717949,153.98033
1165,142.35135135135133,156.30078
1166,138.39473684210523,141.95586
1167,131.42105263157893,145.262
1168,128.05263157894737,129.36143
1169,115.05263157894734,130.72826
1170,106.84210526315793,110.43073
1171,102.55263157894737,111.14578
1172,99.52631578947364,99.9797
1173,98.07894736842103,99.504074
1174,101.47368421052632,96.69191
1175,101.42105263157897,96.07911
1176,101.2368421052632,101.93345
1177,100.28947368421049,102.606964
1178,105.15789473684214,98.41199
1179,102.7894736842105,97.54764
1180,104.55263157894738,97.89197
1181,106.36842105263155,95.8368
1182,106.65789473684215,102.80363
1183,104.34210526315792,101.705734
1184,103.6315789473684,98.97036
1185,104.55263157894738,97.89197
1186,170.68421052631584,101.62806
1187,237.1315789473684,102.083984
1188,236.13157894736844,248.15753
1189,242.43243243243242,234.27094
1190,180.23076923076925,282.65735
1191,148.0270270270271,307.35684
1192,135.7105263157895,139.37302
1193,132.5526315789474,128.75832
1194,134.34210526315795,126.30139
1195,149.7105263157895,122.913956
1196,153.84210526315792,155.05396
1197,158.51282051282047,153.97598
1198,146.92105263157896,159.07124
1199,144.35135135135135,158.18442
1200,154.0526315789473,141.76633
1201,158.68421052631575,141.99861
1202,182.21052631578945,162.34473
1203,234.63157894736844,167.9765
1204,266.89473684210515,240.88063
1205,295.7105263157895,228.49162
1206,236.36842105263165,281.2387
1207,263.2368421052633,260.02164
1208,280.0789473684211,265.57867
1209,303.7368421052632,251.82251
1210,283.0263157894737,296.00125
1211,267.43243243243245,272.9947
1212,276.7105263157894,255.64758
1213,269.65789473684214,245.25989
1214,214.3947368421053,264.75296
1215,176.23684210526324,261.98804
1216,259.3157894736843,173.13324
1217,308.28947368421063,178.89835
1218,313.76315789473693,300.15808
1219,312.4210526315789,292.61078
1220,311.55263157894734,293.48734
1221,276.42105263157896,282.05963
1222,198.8157894736842,254.18085
1223,167.5,246.3648
1224,170.72972972972974,160.52107
1225,160.31578947368416,163.24367
1226,158.39473684210523,154.6676
1227,166.21052631578948,159.33041
1228,166.3947368421053,170.7657
1229,160.76315789473682,174.12993
1230,219.73684210526307,160.32451
1231,246.3157894736841,163.02809
1232,301.34210526315786,229.25925
1233,240.84210526315795,214.82959
1234,216.10526315789468,211.77875
1235,185.18421052631575,204.29036
1236,214.47368421052641,175.83023
1237,217.52631578947376,171.87352
1238,176.86842105263153,209.5064
1239,183.1315789473684,204.11665
1240,159.13513513513516,183.23904
1241,157.46153846153845,183.35394
1242,154.7894736842105,158.84526
1243,150.578947368421,163.07864
1244,148.31578947368425,150.33766
1245,173.6052631578948,154.71419
1246,174.0263157894736,183.65114
1247,153.99999999999994,185.10954
1248,149.44736842105257,148.16751
1249,150.2105263157895,150.80891
1250,146.2368421052631,153.37788
1251,142.7894736842105,160.02419
1252,144.94594594594594,145.84648
1253,209.10526315789474,153.576
1254,220.4615384615385,234.84126
1255,272.7567567567567,230.72247
1256,221.86842105263156,253.93314
1257,214.2051282051283,236.90456
1258,207.94594594594602,206.14615
1259,236.47368421052641,200.2103
1260,245.73684210526307,240.61133
1261,257.5526315789474,231.0696
1262,189.8684210526315,250.9047
1263,182.79487179487185,239.27156
1264,183.18421052631575,179.19772
1265,209.0789473684211,180.23392
1266,212.13157894736838,214.84117
1267,209.10526315789474,214.73557
1268,211.2894736842105,209.92412
1269,221.13157894736847,213.15831
1270,231.97368421052627,224.97797
1271,216.78947368421055,228.1371
1272,189.31578947368425,216.6397
1273,154.81578947368422,220.13885
1274,140.10526315789468,146.647
1275,150.55263157894743,147.15161
1276,158.31578947368416,153.7214
1277,196.84210526315795,156.91705
1278,303.3684210526317,230.41902
1279,306.57894736842115,226.75278
1280,313.64102564102575,279.88702
1281,239.3243243243243,258.34885
1282,245.47368421052627,207.1677
1283,177.57894736842096,199.93918
1284,170.99999999999994,159.34058
1285,185.73684210526318,153.96223
1286,173.421052631579,188.16406
1287,157.44736842105263,184.01585
1288,153.07692307692304,153.6802
1289,144.2894736842105,157.65837
1290,160.23684210526315,147.432
1291,182.5,155.24153
1292,157.83783783783778,192.60085
1293,143.7368421052632,187.51622
1294,141.2894736842105,140.68033
1295,132.35897435897436,143.88333
1296,131.68421052631575,130.56055
1297,128.83783783783787,134.5043
1298,136.42105263157893,129.33788
1299,168.02631578947364,134.55026
1300,278.2631578947369,203.03627
1301,295.15789473684214,206.30899
1302,249.5263157894736,257.72815
1303,203.23684210526312,230.76514
1304,201.9736842105263,186.67924
1305,218.26315789473676,178.66458
1306,242.02564102564105,216.50139
1307,209.36842105263156,206.0249
1308,188.18421052631572,191.84636
1309,177.48648648648646,186.20941
1310,163.43589743589743,174.69365
1311,151.29729729729735,175.98047
1312,143.921052631579,152.69675
1313,145.51282051282047,158.70006
1314,144.9210526315789,147.35638
1315,140.4736842105264,151.8407
1316,139.39473684210526,140.73285
1317,141.4210526315789,144.27986
1318,152.31578947368416,144.7601
1319,155.5526315789474,148.64903
1320,152.3947368421052,159.40454
1321,153.4473684210527,165.80832
1322,155.28947368421046,155.83217
1323,147.18421052631575,162.97789
1324,150.44736842105263,147.7357
1325,173.81578947368422,154.52522
1326,162.86842105263156,185.05302
1327,203.3684210526315,190.6514
1328,166.35897435897434,211.03328
1329,167.2105263157895,210.67415
1330,259.6842105263158,183.06172
1331,277.6052631578947,192.67757
1332,257.5789473684211,245.56224
1333,274.54054054054046,227.79083
1334,252.28205128205133,257.51505
1335,225.49999999999997,242.63249
1336,246.10526315789477,207.36761
1337,276.1842105263159,201.55855
1338,238.89473684210523,275.99506
1339,239.84210526315783,265.2845
1340,254.68421052631578,230.19028
1341,228.15789473684217,226.71771
1342,243.36842105263167,217.78026
1343,235.1578947368421,218.59558
1344,225.36842105263162,227.52197
1345,233.99999999999997,228.30016
1346,243.40540540540533,231.8941
1347,240.68421052631587,234.05563
1348,241.4736842105263,241.43948
1349,204.23684210526315,246.13496
1350,180.7105263157895,192.85414
1351,295.68421052631567,195.90773
1352,292.28947368421063,306.40527
1353,313.5675675675675,316.02344
1354,300.4210526315791,298.68945
1355,300.078947368421,289.56946
1356,271.97368421052624,290.4229
1357,278.34210526315786,279.83932
1358,254.63157894736833,275.26816
1359,199.07894736842113,266.42456
1360,195.81578947368428,185.55522
1361,201.60526315789465,185.50488
1362,182.81578947368416,199.9935
1363,192.99999999999997,199.22856
1364,184.078947368421,195.66736
1365,199.02631578947359,195.60764
1366,235.97368421052627,202.59598
1367,195.63157894736835,199.58214
1368,156.1842105263158,180.70473
1369,142.13157894736835,180.65416
1370,168.59459459459455,138.96523
1371,186.1842105263157,140.79094
1372,219.05263157894743,190.77127
1373,204.60526315789468,192.12659
1374,238.842105263158,198.53297
1375,262.6052631578947,198.13985
1376,261.3684210526315,253.45871
1377,274.6578947368422,241.7044
1378,212.13157894736838,263.31378
1379,169.57894736842098,248.81148
1380,136.02631578947367,161.34715
1381,143.76315789473682,158.05708
1382,162.3947368421052,142.05338
1383,174.13157894736844,143.08293
1384,181.18918918918914,172.33958
1385,184.921052631579,169.55336
1386,151.65789473684217,180.43047
1387,132.4871794871795,174.92023
1388,136.8684210526316,128.33655
1389,141.99999999999994,128.61427
1390,129.10526315789477,144.36209
1391,138.07894736842098,148.25677
1392,153.02702702702706,144.25494
1393,163.97368421052633,150.84691
1394,243.2631578947369,170.54282
1395,295.657894736842,174.69435
1396,301.6578947368421,255.98718
1397,334.157894736842,227.84196
1398,297.3157894736842,331.9901
1399,205.81578947368425,299.48203
1400,199.40540540540542,182.53471
1401,204.76315789473682,176.6718
1402,190.42105263157904,200.11847
1403,174.78947368421055,193.0993
1404,170.65789473684205,168.0067
1405,166.47368421052633,169.16327
1406,175.71052631578942,166.69507
1407,164.73684210526312,171.2136
1408,145.1351351351351,162.77054
1409,141.81578947368428,166.20547
1410,130.97368421052627,142.20863
1411,123.94736842105257,146.13457
1412,117.8421052631579,121.62982
1413,114.65789473684211,123.71649
1414,116.05263157894737,112.561485
1415,119.2894736842105,113.56819
1416,115.81578947368425,119.863434
1417,113.92105263157893,122.83069
1418,116.02631578947368,114.835464
1419,115.63157894736847,117.07423
1420,113.68421052631575,116.954445
1421,135.1578947368421,121.20791
1422,215.3421052631579,163.4736
1423,224.65789473684214,172.74997
1424,195.2894736842105,227.39595
1425,138.05263157894743,221.63292
1426,124.28947368421058,121.741295
1427,121.50000000000006,110.93867
1428,120.94594594594595,113.099724
1429,123.52631578947367,106.340904
1430,123.89473684210523,118.76533
1431,116.05263157894737,116.62316
1432,117.39473684210525,112.12651
1433,125.18421052631581,111.15796
1434,122.23684210526318,128.88322
1435,116.97368421052633,128.53572
1436,113.60526315789477,114.77163
1437,117.97368421052636,115.70609
1438,117.44736842105264,122.73514
1439,116.60526315789477,129.07574
1440,118.44736842105257,117.93886
1441,125.61538461538467,123.367615
1442,123.84210526315792,129.901
1443,122.55263157894734,136.18791
1444,117.8421052631579,123.57417
1445,117.21052631578945,128.6985
1446,113.65789473684212,118.26943
1447,112.00000000000004,122.913284
1448,113.21052631578944,112.79888
1449,116.3421052631579,117.86933
1450,112.76315789473686,119.6454
1451,109.47368421052632,126.17706
1452,101.8684210526316,108.97621
1453,98.47368421052629,113.170616
1454,104.81578947368419,97.5196
1455,109.10526315789471,99.312874
1456,108.15789473684207,111.66126
1457,105.71052631578945,116.14825
1458,109.31578947368422,103.1799
1459,118.13157894736837,105.00462
1460,125.78947368421055,120.13476
1461,123.31578947368419,122.70364
1462,137.578947368421,117.694145
1463,117.52631578947373,117.673096
1464,110.3513513513514,107.918106
1465,106.39473684210527,106.60391
1466,101.39473684210527,104.325905
1467,98.84210526315792,105.74787
1468,99.27027027027025,97.79902
1469,100.89743589743593,99.74568
1470,97.56756756756752,103.38031
1471,98.97368421052632,107.24868
1472,102.71052631578947,98.36764
1473,115.60526315789471,99.15225
1474,186.47368421052636,127.20477
1475,187.3947368421052,126.62114
1476,167.36842105263165,183.84071
1477,122.89473684210529,178.12997
1478,116.94736842105257,102.98553
1479,109.17948717948718,89.80482
1480,104.50000000000004,99.915955
1481,102.45945945945941,92.3999
1482,99.9210526315789,99.47691
1483,99.13157894736844,95.77699
1484,97.42105263157897,99.16575
1485,94.7368421052632,97.54048
1486,92.76315789473684,93.53227
1487,91.55263157894737,87.76046
1488,90.60526315789473,87.18842
1489,91.9487179487179,82.718796
1490,95.64864864864866,89.207504
1491,97.47368421052633,87.08499
1492,101.28205128205126,93.05884
1493,108.37837837837837,89.418304
1494,109.78947368421052,102.90962
1495,196.13157894736838,97.786995
1496,220.1025641025641,251.20093
1497,152.21621621621625,263.18127
1498,155.76315789473682,135.34549
1499,143.4210526315789,120.944145
1500,132.3157894736842,129.64664
1501,131.15789473684214,121.20857
1502,117.1842105263158,126.49965
1503,109.1842105263158,121.90422
1504,105.02631578947364,103.88306
1505,104.02631578947367,100.80113
1506,105.26315789473679,103.35058
1507,106.13513513513517,102.84228
1508,103.3157894736842,106.68229
1509,101.43589743589745,106.19326
1510,99.47368421052633,99.74401
1511,104.78947368421053,99.52289
1512,107.89473684210526,106.231255
1513,110.60526315789471,108.161674
1514,111.60526315789474,108.02251
1515,111.10526315789477,108.66703
1516,116.13157894736845,106.59581
1517,123.63157894736844,106.5856
1518,213.44736842105266,122.85895
1519,320.94871794871796,124.04274
1520,268.55263157894734,349.7031
1521,232.13157894736835,300.12244
1522,218.8461538461538,250.8912
1523,205.4324324324324,259.00397
1524,198.076923076923,189.11713
1525,181.05263157894737,182.36981
1526,175.89473684210526,167.06923
1527,165.3157894736842,163.28911
1528,150.99999999999994,161.39297
1529,165.1315789473684,162.27568
1530,145.5526315789473,169.94966
1531,141.1842105263158,171.92169
1532,152.5526315789474,142.27516
1533,151.44736842105266,146.93721
1534,170.7631578947369,152.64386
1535,176.48717948717945,156.48027
1536,195.13157894736838,177.91237
1537,201.99999999999997,180.95222
1538,206.50000000000006,204.73334
1539,233.15789473684208,203.65099
1540,288.8684210526315,238.34448
1541,345.44736842105283,230.77733
1542,326.73684210526307,334.9184
1543,262.56410256410254,305.8039
1544,234.34210526315786,234.844
1545,240.86842105263167,230.24446
1546,238.30769230769235,240.02512
1547,205.9736842105263,232.09167
1548,175.26315789473685,195.45793
1549,164.38461538461533,194.1118
1550,151.21621621621625,163.14478
1551,154.63157894736847,167.34088
1552,149.65789473684217,159.93887
1553,151.73684210526315,167.14642
1554,144.2894736842105,154.62202
1555,167.69230769230774,159.7
1556,185.55263157894743,176.6448
1557,171.63157894736838,174.05357
1558,150.1578947368421,166.13731
1559,142.3947368421053,167.66188
1560,137.1578947368421,141.595
1561,129.86842105263165,145.98007
1562,127.4210526315789,128.52655
1563,122.99999999999997,132.50426
1564,121.74358974358971,121.89593
1565,174.8421052631579,125.47887
1566,186.97368421052641,227.71323
1567,217.5526315789473,223.79742
1568,176.71052631578954,211.74748
1569,169.35897435897434,207.1182
1570,152.36842105263156,165.69269
1571,140.0,163.16888
1572,138.38461538461542,136.38461
1573,138.4473684210527,135.28949
1574,136.7631578947368,141.53632
1575,129.23684210526318,145.22234
1576,125.97435897435892,129.69768
1577,125.84210526315792,134.095
1578,129.2894736842105,128.6463
1579,142.97368421052636,132.83493
1580,143.3846153846154,153.64099
1581,143.4473684210527,161.61221
1582,143.36842105263162,145.7626
1583,133.6923076923077,152.66068
1584,143.63157894736838,132.76611
1585,159.18421052631572,138.24052
1586,173.02631578947376,178.1795
1587,176.79487179487177,185.6739
1588,208.13157894736847,189.88669
1589,272.6842105263159,193.15874
1590,265.5263157894737,265.4233
1591,257.9736842105262,245.41783
1592,185.94871794871796,244.76112
1593,136.26315789473688,232.81093
1594,136.25641025641025,123.048645
1595,143.5263157894736,116.71125
1596,149.8947368421052,137.0055
1597,130.61538461538458,137.56465
1598,120.921052631579,123.2316
1599,115.60526315789471,127.05325
1600,115.3684210526316,119.071976
1601,145.1315789473684,125.27545
1602,155.39473684210523,157.73175
1603,131.76923076923077,156.45595
1604,129.0789473684211,123.13846
1605,124.36842105263156,124.28287
1606,128.69230769230765,124.74185
1607,128.6052631578947,128.8795
1608,144.2894736842105,128.70364
1609,168.34210526315792,133.44992
1610,144.68421052631578,177.14462
1611,176.56410256410263,180.95766
1612,169.0526315789473,192.62537
1613,162.9473684210527,196.83914
1614,157.07894736842098,160.05632
1615,187.10526315789465,161.6282
1616,227.53846153846158,198.78604
1617,206.8684210526316,200.37694
1618,244.26315789473693,190.46751
1619,279.2368421052631,187.7888
1620,278.79487179487165,253.93222
1621,184.23684210526324,236.74187
1622,156.1578947368421,160.77376
1623,143.3846153846154,156.76845
1624,168.86842105263153,136.64209
1625,173.15789473684208,135.04932
1626,139.82051282051285,164.67691
1627,131.7894736842105,164.9655
1628,120.71052631578954,130.93523
1629,122.23684210526318,135.56659
1630,132.3157894736842,126.285126
1631,128.39473684210523,130.91368
1632,124.3947368421052,127.759735
1633,126.65789473684214,130.19975
1634,128.73684210526318,130.9582
1635,129.2972972972973,137.3063
1636,137.63157894736835,131.33162
1637,147.5526315789474,136.75394
1638,155.25641025641025,155.0806
1639,191.21052631578956,161.92195
1640,304.1842105263158,222.95567
1641,327.28947368421063,221.21347
1642,338.0263157894736,301.1004
1643,334.76315789473693,264.33044
1644,307.2368421052632,326.28726
1645,305.5263157894736,299.4973
1646,245.02631578947356,299.43976
1647,182.63157894736847,283.38184
1648,182.2631578947369,170.33652
1649,191.52631578947367,168.42224
1650,193.63157894736844,187.51382
1651,215.2631578947368,185.47475
1652,197.89473684210523,212.29619
1653,187.21052631578945,202.20117
1654,184.1578947368422,186.52853
1655,177.5263157894737,186.23819
1656,186.91891891891885,178.44406
1657,202.7368421052632,180.36761
1658,213.0263157894737,208.04631
1659,227.65789473684205,212.89459
1660,228.8684210526316,234.39357
1661,211.945945945946,241.01344
1662,278.1315789473684,205.67053
1663,278.7631578947369,209.84392
1664,302.6052631578947,273.81873
1665,322.0263157894737,266.78723
1666,295.50000000000006,308.65695
1667,247.8421052631578,288.87726
1668,223.76315789473688,233.46022
1669,216.3157894736843,231.32951
1670,190.3684210526316,212.1005
1671,198.23684210526312,210.20702
1672,184.36842105263162,197.42183
1673,201.23684210526324,196.15974
1674,197.86842105263162,203.46413
1675,202.0526315789474,200.02827
1676,212.56756756756764,196.64395
1677,214.94736842105272,192.7924
1678,210.3947368421052,206.85962
1679,206.47368421052627,202.8639
1680,207.31578947368416,203.0292
1681,211.39473684210523,206.19926
1682,236.55263157894728,215.57881
1683,319.7105263157896,222.23767
1684,320.0526315789474,319.66138
1685,332.9473684210526,314.59323
1686,313.9473684210527,317.2613
1687,273.5405405405405,297.59222
1688,258.79487179487165,257.04678
1689,252.76315789473693,250.24963
1690,269.3421052631579,246.63077
1691,289.842105263158,239.6439
1692,272.02631578947364,287.36972
1693,275.78378378378386,274.0037
1694,253.34210526315792,273.94748
1695,246.921052631579,270.0537
1696,228.3421052631579,246.44388
1697,223.15789473684217,246.46939
1698,206.50000000000006,225.96701
1699,209.05263157894743,228.23984
1700,205.55263157894743,211.89664
1701,218.2894736842105,213.79126
1702,211.39473684210523,220.25449
1703,200.26315789473688,218.37132
1704,210.7631578947369,197.28851
1705,216.21052631578945,198.84901
1706,220.42105263157904,218.88075
1707,224.26315789473685,221.2451
1708,224.81578947368428,230.34879
1709,233.4736842105264,236.94081
1710,238.89473684210523,244.80609
1711,278.34210526315786,253.10672
1712,306.7631578947367,289.6495
1713,311.3421052631578,293.36298
1714,321.3684210526317,301.02322
1715,289.15789473684197,288.82733
1716,253.68421052631584,272.77896
1717,241.4736842105263,264.09314
1718,239.86842105263162,236.23058
1719,239.18421052631572,233.41444
1720,233.54054054054058,236.83449
1721,228.55263157894746,233.47244
1722,232.71052631578948,225.02016
1723,238.74358974358967,223.18134
1724,230.3684210526316,239.73761
1725,215.94594594594597,235.12852
1726,219.31578947368413,213.08205
1727,208.86842105263165,214.18285
1728,216.36842105263167,205.37029
1729,219.97368421052636,207.48271
1730,227.36842105263165,218.11034
1731,224.027027027027,218.82222
1732,264.8421052631578,225.97653
1733,334.7105263157895,229.13655
1734,343.6315789473683,329.7839
1735,331.2368421052631,321.97733
1736,315.63157894736844,307.66104
1737,275.76315789473693,288.12918
1738,271.6842105263159,259.77402
1739,264.7894736842106,253.87845
1740,178.13157894736844,258.78003
1741,148.3684210526316,251.3317
1742,129.26315789473682,146.08997
1743,121.1842105263158,152.14825
1744,115.76315789473682,131.39476
1745,115.73684210526318,147.61105
1746,116.81578947368425,127.15506
1747,112.86842105263153,144.88388
1748,111.49999999999999,117.36712
1749,110.26315789473684,126.53946
1750,109.47368421052632,109.55591
1751,109.84210526315792,107.61681
1752,110.18421052631578,107.96478
1753,106.2894736842105,109.19456
1754,105.94736842105259,103.16865
1755,102.68421052631577,106.199844
1756,102.63157894736847,99.821945
1757,103.94871794871798,102.614685
1758,101.71052631578951,103.14939
1759,103.18421052631578,106.35746
1760,113.86486486486491,102.0153
1761,193.87179487179495,104.63388
1762,249.26315789473676,237.26007
1763,303.89473684210526,233.09387
1764,239.86842105263162,339.92102
1765,168.6052631578947,364.82858
1766,157.86842105263162,152.54123
1767,134.81578947368422,139.5689
1768,117.60526315789468,123.218094
1769,114.28947368421055,117.269325
1770,108.92105263157892,109.65375
1771,108.34210526315793,109.96846
1772,107.18421052631582,109.83417
1773,107.9230769230769,113.87767
1774,115.34210526315786,111.52933
1775,123.71052631578948,112.90576
1776,126.76315789473682,124.066864
1777,128.3421052631579,122.59587
1778,128.07894736842098,124.20686
1779,123.55263157894734,125.4281
1780,118.02631578947363,119.76492
1781,109.47368421052632,121.42373
1782,110.64102564102568,106.55056
1783,172.21052631578956,108.62953
1784,166.28947368421055,210.03113
1785,124.60526315789477,212.71722
1786,115.60526315789471,110.227005
1787,111.0526315789474,107.00124
1788,107.36842105263162,109.06029
1789,109.92105263157892,108.79007
1790,108.3947368421053,112.17671
1791,103.56410256410253,114.90421
1792,102.31578947368423,101.66049
1793,101.1315789473684,102.85334
1794,101.2368421052632,100.25031
1795,107.23684210526312,100.753525
1796,112.50000000000003,106.51894
1797,109.65789473684211,107.47339
1798,110.97368421052636,103.94783
1799,115.31578947368426,104.74477
1800,110.60526315789471,112.46388
1801,103.47368421052636,113.75976
1802,105.36842105263162,96.207054
1803,102.2631578947368,95.85312
1804,104.35897435897441,98.48446
1805,106.36842105263155,100.5839
1806,145.5526315789473,107.990814
1807,162.36842105263156,112.56226
1808,131.15789473684214,171.49428
1809,107.50000000000001,170.98196
1810,99.73684210526314,96.68501
1811,95.86842105263153,90.54141
1812,95.34210526315788,90.67436
1813,89.99999999999999,86.30702
1814,85.52631578947371,84.69122
1815,84.68421052631581,81.0297
1816,84.72972972972971,82.07288
1817,85.51282051282051,77.57891
1818,95.76315789473685,80.4577
1819,89.45945945945941,71.27122
1820,84.63157894736842,75.51911
1821,82.39473684210526,64.94377
1822,80.28947368421052,70.74472
1823,76.52631578947368,61.493027
1824,75.36842105263156,63.863304
1825,75.23684210526318,53.675644
1826,88.3684210526316,65.652374
1827,166.81578947368428,55.554245
1828,189.55263157894737,243.33322
1829,125.26315789473676,243.46414
1830,101.65789473684207,75.396286
1831,108.18918918918918,56.227104
1832,100.78947368421055,81.03904
1833,93.89473684210523,63.393044
1834,92.28947368421056,74.317444
1835,99.57894736842103,59.635597
1836,98.94736842105264,97.63107
1837,97.39473684210522,91.41307
1838,102.8918918918919,94.570206
1839,103.15789473684215,90.22842
1840,90.57894736842104,95.672226
1841,90.97368421052632,88.0344
1842,95.81578947368418,88.44687
1843,106.8947368421053,86.34942
1844,114.97368421052633,105.8554
1845,93.26315789473679,104.42038
1846,83.18421052631577,81.00116
1847,82.48648648648646,75.01276
1848,83.64102564102566,78.139366
1849,83.51351351351349,73.52205
1850,83.10526315789477,79.3031
1851,87.81578947368423,74.679985
1852,89.28947368421049,85.62786
1853,91.10526315789475,80.78574
1854,93.21052631578952,82.55366
1855,94.89473684210529,73.17384
1856,95.5789473684211,78.82792
1857,90.4736842105263,64.40852
1858,89.18421052631581,75.21802
1859,102.59459459459461,64.32203
1860,155.38461538461533,98.04981
1861,135.21052631578948,90.83393
1862,119.94736842105262,118.95872
1863,122.34210526315783,110.43323
1864,121.63157894736848,115.241776
1865,109.31578947368422,108.38573
1866,110.2972972972973,99.99749
1867,116.15384615384616,93.44342
1868,104.35135135135134,118.44596
1869,101.68421052631578,119.269066
1870,106.86842105263163,102.82506
1871,102.44736842105266,105.292946
1872,99.87179487179485,100.72777
1873,110.15789473684207,101.77782
1874,112.92105263157893,114.01134
1875,130.86842105263162,118.30429
1876,236.7894736842106,138.75179
1877,317.0526315789474,142.58722
1878,218.63157894736833,295.89758
1879,162.18421052631575,270.1539
1880,170.51282051282058,165.59128
1881,182.13157894736844,151.3152
1882,178.3589743589743,176.19214
1883,135.7105263157895,170.55318
1884,124.63157894736844,121.337296
1885,107.64102564102559,118.583595
1886,113.63157894736841,100.679436
1887,108.78947368421056,103.28704
1888,103.60526315789471,106.89945
1889,95.0789473684211,113.6901
1890,114.47368421052637,91.007805
1891,101.47368421052632,88.03071
1892,110.5128205128205,94.43434
1893,100.71052631578952,90.15498
1894,102.3421052631579,94.88611
1895,102.99999999999997,90.88705
1896,100.28947368421049,100.27123
1897,97.00000000000001,100.11133
1898,93.6578947368421,95.24035
1899,96.48717948717946,94.788155
1900,102.10526315789473,98.0076
1901,109.42105263157896,99.20426
1902,121.34210526315788,110.16223
1903,123.25641025641028,109.94518
1904,128.97368421052633,123.54292
1905,215.7105263157895,122.97797
1906,333.58974358974365,255.80234
1907,355.9736842105264,270.1792
1908,348.05263157894717,357.96542
1909,341.05128205128204,311.25568
1910,300.0,316.79028
1911,216.44736842105257,247.92822
1912,163.0,179.64519
1913,156.52631578947364,181.37355
1914,159.21052631578954,153.45717
1915,143.9736842105263,152.26834
1916,138.66666666666666,137.4295
1917,137.94736842105266,145.17006
1918,140.26315789473682,145.49602
1919,135.1578947368421,159.10579
1920,129.68421052631578,137.84958
1921,128.68421052631575,146.13965
1922,125.02631578947373,128.86458
1923,118.71052631578951,130.51144
1924,113.82051282051285,121.20621
1925,105.3157894736842,126.52405
1926,100.76315789473686,103.5905
1927,102.92307692307696,105.65999
1928,104.28947368421048,105.68974
1929,169.42105263157893,109.94772
1930,286.78947368421046,230.61098
1931,293.26315789473676,227.46744
1932,245.13157894736838,252.51013
1933,170.68421052631584,230.35738
1934,160.3947368421052,150.63748
1935,137.2368421052632,139.09537
1936,139.7179487179487,120.17067
1937,156.21052631578945,112.8199
1938,152.05263157894743,153.43338
1939,127.36842105263156,150.82147
1940,114.39473684210525,120.41987
1941,116.17948717948717,122.818405
1942,113.50000000000003,121.97443
1943,118.92105263157897,128.28769
1944,121.1842105263158,121.55078
1945,122.07894736842101,123.46474
1946,125.89473684210532,123.69589
1947,129.3684210526316,128.6838
1948,134.28947368421055,130.07973
1949,120.81578947368423,134.65204
1950,125.69230769230762,114.54299
1951,235.9473684210527,116.06964
1952,315.421052631579,251.73978
1953,316.82051282051293,241.24501
1954,320.28947368421046,283.05112
1955,303.15789473684197,258.98416
1956,183.92105263157887,292.03568
1957,137.13157894736844,280.87024
1958,122.57894736842107,129.83228
1959,120.17948717948724,121.16418
1960,117.68421052631584,115.123024
1961,120.23684210526321,119.17268
1962,123.68421052631578,121.046
1963,120.28947368421056,131.09967
1964,122.30769230769229,125.33563
1965,124.10526315789474,135.38985
1966,140.10526315789468,124.45807
1967,132.94736842105266,122.34604
1968,125.31578947368428,128.85622
1969,127.94736842105263,130.99295
1970,207.71052631578948,133.10887
1971,286.66666666666663,139.60936
1972,318.6052631578948,267.67514
1973,336.6842105263158,230.71751
1974,320.7368421052631,339.56708
1975,293.92105263157885,303.62256
1976,260.1578947368422,279.4507
1977,230.97368421052636,268.5018
1978,192.8205128205129,215.18379
1979,182.94736842105266,210.10817
1980,191.81578947368416,179.87001
1981,172.10526315789474,178.79372
1982,165.2631578947369,168.42747
1983,164.3157894736842,173.78342
1984,168.6052631578947,169.97946
1985,163.23684210526318,175.45554
1986,152.3947368421052,166.54607
1987,146.50000000000003,169.84415
1988,150.63157894736844,148.13994
1989,189.51282051282047,152.87415
1990,255.26315789473693,215.59612
1991,184.65789473684214,220.08054
1992,140.4736842105264,160.6074
1993,130.55263157894737,160.87526
1994,131.1282051282052,123.50821
1995,128.8421052631579,120.44839
1996,122.34210526315783,123.07561
1997,213.78947368421052,123.37581
1998,156.73684210526315,237.31956
1999,147.35897435897442,222.8688
2000,170.84210526315795,140.94226
2001,155.71052631578945,137.80588
2002,165.07894736842098,145.43599
2003,122.3947368421052,144.00417
2004,116.44736842105262,108.40903
2005,109.6315789473684,105.57504
2006,109.71794871794874,106.15561
2007,109.07894736842108,105.20519
2008,104.94736842105259,109.09441
2009,100.6842105263158,110.51377
2010,99.05263157894733,98.76833
2011,99.55263157894734,97.83605
2012,113.34210526315788,98.62276
2013,232.60526315789468,97.17741
2014,285.7179487179486,247.53224
2015,308.2631578947367,245.69806
2016,319.5135135135135,317.46838
2017,277.4210526315791,345.94632
2018,206.58974358974362,254.94861
2019,154.10526315789474,268.17935
2020,242.39473684210515,145.00264
2021,265.78947368421063,140.73259
2022,203.3684210526315,224.72588
2023,164.57894736842113,208.27219
2024,153.23684210526318,157.65355
2025,150.02631578947364,161.0121
2026,174.58974358974356,149.97832
2027,229.52631578947378,157.24678
2028,314.1052631578947,232.59117
2029,334.078947368421,218.80623
2030,303.1315789473683,281.18298
2031,296.02631578947376,252.79333
2032,320.65789473684214,268.13934
2033,324.9210526315791,251.05725
2034,290.9230769230769,310.84216
2035,257.60526315789474,289.6976
2036,240.49999999999991,231.87561
2037,221.05128205128196,223.97774
2038,222.8684210526316,206.48936
2039,292.00000000000006,205.6666
2040,293.8684210526317,287.40958
2041,262.66666666666674,279.48053
2042,275.5789473684211,239.93642
2043,297.47368421052624,233.95767
2044,311.7948717948717,295.0754
2045,326.9736842105264,291.49414
2046,331.55263157894746,319.43753
2047,323.7894736842104,308.54114
2048,310.10526315789485,308.18243
2049,246.3846153846153,292.6528
2050,167.6842105263158,227.04153
2051,154.9736842105263,226.63972
2052,154.6052631578947,148.17052
2053,162.6315789473684,155.22746
2054,180.7105263157895,158.03464
2055,183.18421052631575,165.75214
2056,191.20512820512818,176.18788
2057,171.9736842105263,175.59535
2058,166.2631578947369,163.54044
2059,156.6052631578947,163.42285
2060,152.5526315789474,152.30579
2061,151.79487179487177,152.71408
2062,158.28947368421052,152.53142
2063,141.99999999999994,158.07062
2064,128.36842105263156,137.95262
2065,129.76315789473685,142.81007
2066,137.28947368421055,130.04897
2067,140.0526315789474,133.67812
2068,149.5641025641025,139.98096
2069,160.5,145.22269
2070,198.0263157894737,163.53284
2071,301.1842105263158,169.28261
2072,311.02564102564105,256.13235
2073,259.76315789473676,230.8663
2074,207.5526315789474,229.50226
2075,196.44736842105263,227.42198
2076,191.84210526315783,193.31816
2077,206.81578947368416,185.42024
2078,210.28947368421055,201.48543
2079,189.17948717948715,194.87721
2080,201.99999999999997,177.39026
2081,168.921052631579,176.69131
2082,183.76315789473685,159.12163
2083,154.02631578947373,162.68205
2084,147.12820512820517,145.61751
2085,154.6052631578947,150.03001
2086,158.31578947368416,153.32047
2087,156.21052631578945,157.6608
2088,162.421052631579,153.56496
2089,143.94736842105263,158.08025
2090,145.05263157894734,139.08305
2091,164.18421052631578,142.81503
2092,174.8421052631579,176.1461
2093,189.6410256410257,184.03659
2094,180.0263157894736,197.87834
2095,312.26315789473676,200.43057
2096,320.1315789473685,287.83804
2097,323.34210526315775,258.7121
2098,324.3947368421052,293.87115
2099,283.33333333333337,270.55832
2100,211.39473684210523,263.65945
2101,181.7631578947369,259.388
2102,175.3421052631579,175.63907
2103,153.4473684210527,170.17793
2104,171.51282051282047,145.1927
2105,148.1578947368421,147.35469
2106,146.21052631578954,142.42873
2107,161.78947368421046,150.09209
2108,185.2894736842105,163.56412
2109,170.5526315789474,166.41284
2110,140.0,158.56189
2111,132.15789473684214,157.20134
2112,133.8157894736842,130.25632
2113,150.52631578947373,131.63135
2114,289.89743589743586,163.30115
2115,284.26315789473676,169.8657
2116,310.6842105263159,238.63838
2117,263.86842105263156,213.09937
2118,174.23076923076923,231.75156
2119,150.86842105263156,221.9551
2120,151.94736842105263,144.57977
2121,147.84210526315783,135.24242
2122,152.26315789473688,137.91235
2123,162.69230769230776,137.342
2124,192.6842105263157,158.66512
2125,207.78947368421046,158.19272
2126,197.3421052631579,194.11485
2127,188.4102564102565,184.61125
2128,176.68421052631575,175.63812
2129,161.81578947368425,171.2152
2130,157.89473684210532,157.94995
2131,151.5,159.7298
2132,146.15789473684208,151.48587
2133,146.078947368421,155.76944
2134,142.4736842105263,147.91278
2135,150.6842105263158,153.6196
2136,169.43589743589746,155.12546
2137,141.0263157894736,160.741
2138,142.57894736842107,135.77505
2139,161.78571428571425,140.13312
