,CO,NBeats_diff
0,213.1315789473684,221.25919
1,214.07894736842104,224.01811
2,219.28947368421058,218.49141
3,200.78947368421046,223.87984
4,198.38461538461536,199.15038
5,219.05263157894743,202.60036
6,236.42105263157904,229.27507
7,227.56410256410248,233.48354
8,224.92105263157893,228.4061
9,257.3333333333333,233.11406
10,272.52631578947364,269.33057
11,239.974358974359,269.45425
12,221.13157894736847,231.4966
13,228.4102564102565,232.41852
14,233.3947368421053,234.54253
15,220.56410256410257,234.90363
16,261.1578947368422,218.06375
17,232.28947368421052,219.71547
18,241.948717948718,227.80443
19,215.94736842105254,232.2284
20,230.38461538461536,211.19116
21,210.5263157894736,214.6191
22,210.41025641025635,206.50447
23,209.73684210526324,209.61987
24,223.9230769230769,213.35645
25,257.15789473684214,217.11954
26,220.2105263157895,271.18942
27,204.87179487179486,276.6077
28,208.4210526315789,206.88268
29,204.2051282051283,212.79662
30,208.7105263157895,205.21483
31,208.48717948717945,206.43921
32,213.55263157894728,211.5366
33,263.578947368421,217.13806
34,298.1282051282052,282.65665
35,307.6052631578948,285.95035
36,231.6666666666666,302.4812
37,214.57894736842098,293.72305
38,208.78947368421055,214.35185
39,216.10526315789468,213.65485
40,208.66666666666666,215.72687
41,208.47368421052641,211.54987
42,208.6578947368422,211.40689
43,243.69230769230757,213.72379
44,248.34210526315795,255.60666
45,256.921052631579,255.686
46,278.8157894736843,255.21924
47,326.2368421052631,252.50104
48,312.6315789473685,327.40295
49,288.57894736842104,312.0313
50,296.34210526315786,275.27927
51,294.21052631578937,265.4937
52,247.60526315789468,285.91345
53,227.73684210526324,273.0399
54,228.2631578947368,224.32607
55,261.07894736842115,223.4779
56,300.55263157894746,274.44357
57,314.23684210526307,275.07935
58,318.6923076923077,314.62225
59,307.1578947368421,314.1467
60,310.5526315789472,304.50372
61,363.60526315789457,303.0729
62,275.1538461538462,364.1232
63,228.13157894736833,347.9602
64,212.55263157894743,220.59738
65,203.9736842105264,222.52692
66,205.6842105263157,201.4597
67,203.9736842105264,198.68695
68,191.47368421052636,201.48817
69,187.89473684210535,201.86946
70,189.23076923076914,188.85736
71,189.08108108108118,190.67992
72,187.73684210526324,189.21793
73,178.1794871794872,189.43307
74,176.7631578947368,177.3978
75,178.89473684210532,180.87405
76,187.71052631578948,182.42471
77,175.42105263157904,185.69876
78,170.35135135135138,174.59106
79,211.36842105263156,178.69276
80,210.10526315789465,228.51163
81,245.10526315789477,232.44627
82,261.73684210526324,253.58667
83,345.07894736842087,251.21884
84,252.05263157894734,344.72604
85,206.94736842105257,314.26425
86,198.3947368421052,195.65553
87,204.7368421052632,192.97641
88,206.08108108108104,203.67616
89,197.4736842105264,196.68877
90,219.07894736842113,194.53671
91,233.76315789473693,194.12251
92,217.1578947368422,236.35294
93,214.02631578947359,234.0609
94,201.52631578947364,213.7484
95,198.3684210526316,215.24127
96,190.7368421052631,200.66614
97,183.00000000000003,203.36198
98,183.59459459459458,183.20781
99,234.26315789473682,185.16394
100,240.02631578947376,255.98215
101,276.8421052631578,262.00925
102,288.0526315789472,284.15405
103,264.15789473684197,280.87488
104,216.57894736842104,253.39044
105,201.28947368421055,245.9871
106,190.62162162162167,197.56816
107,263.7948717948719,194.70592
108,307.10810810810807,286.53564
109,310.9736842105262,279.91718
110,297.1315789473683,303.86624
111,252.05263157894734,290.05917
112,251.55263157894728,241.5017
113,232.578947368421,240.46318
114,226.86486486486484,222.57115
115,242.36842105263165,218.34715
116,218.921052631579,248.42964
117,224.94736842105266,247.91818
118,239.4736842105264,227.72328
119,239.76315789473676,226.35225
120,221.86842105263156,241.81616
121,222.15789473684208,244.39503
122,213.44736842105266,225.98659
123,200.13157894736844,230.77202
124,202.2051282051283,198.74843
125,185.2631578947369,201.2421
126,194.578947368421,182.28117
127,253.97368421052647,183.86232
128,292.3421052631579,275.22415
129,261.0263157894736,279.85364
130,301.91891891891885,251.34457
131,276.41025641025635,249.73074
132,236.35135135135144,262.06638
133,210.49999999999994,252.43054
134,202.23684210526324,202.91609
135,216.28947368421044,201.67892
136,242.10526315789468,220.49791
137,229.84210526315798,217.06157
138,220.9210526315789,226.68143
139,225.49999999999997,227.85124
140,227.63157894736847,229.9873
141,233.76315789473693,232.2775
142,226.74358974358984,234.9167
143,233.78947368421055,236.29909
144,250.81578947368428,241.2574
145,269.4210526315789,246.47495
146,243.84210526315798,275.0086
147,213.8421052631578,274.1537
148,209.82051282051282,210.53987
149,216.89473684210523,215.22777
150,224.26315789473685,220.5678
151,256.4736842105263,219.92406
152,274.13157894736844,270.25937
153,277.57894736842104,277.08676
154,245.05263157894734,280.3128
155,242.1315789473684,280.9177
156,256.2307692307691,244.28413
157,234.68421052631584,245.01799
158,234.1052631578947,228.89317
159,269.58974358974353,230.06273
160,241.2105263157894,284.96237
161,224.89473684210526,286.81293
162,243.38461538461533,224.81985
163,259.657894736842,228.95836
164,242.89473684210517,267.39044
165,247.1794871794871,270.32053
166,222.00000000000006,254.07706
167,238.1025641025641,260.97687
168,268.2105263157896,249.75427
169,246.17948717948718,254.15332
170,204.5263157894737,242.36958
171,193.57894736842104,246.225
172,195.1578947368422,194.69923
173,209.97435897435906,196.44307
174,215.2368421052632,213.3669
175,209.34210526315786,212.41458
176,229.84210526315798,210.7778
177,286.4615384615385,215.41025
178,305.5789473684211,300.81805
179,281.68421052631567,298.51328
180,244.65789473684202,268.56384
181,306.3333333333332,261.24332
182,311.42105263157885,314.59308
183,297.8157894736841,294.92053
184,251.47368421052641,284.26022
185,230.42105263157896,270.8606
186,218.2368421052632,228.857
187,207.65789473684208,226.44124
188,201.8157894736842,202.97249
189,203.9736842105264,200.90874
190,232.2368421052632,204.08179
191,254.45945945945954,204.2258
192,276.0526315789473,257.03214
193,305.108108108108,254.10794
194,315.4999999999999,300.89487
195,280.81578947368433,289.54382
196,302.2631578947368,266.77203
197,273.7631578947368,260.57272
198,286.3783783783785,259.48688
199,265.9444444444445,251.16461
200,309.16216216216213,257.3839
201,304.1081081081082,252.58215
202,314.9166666666667,301.33786
203,289.81578947368416,299.10715
204,295.578947368421,287.5347
205,296.6842105263157,293.38483
206,270.4473684210527,301.528
207,235.76923076923075,306.39725
208,194.6052631578948,230.24243
209,190.07894736842113,233.8833
210,183.65789473684208,190.27704
211,176.52631578947367,189.76678
212,174.65789473684214,173.87578
213,174.41025641025644,175.01497
214,170.02631578947364,175.56789
215,172.92105263157893,177.20444
216,177.65789473684214,174.14297
217,177.44736842105257,175.05856
218,162.76315789473685,177.42288
219,179.83783783783775,178.83893
220,171.52631578947367,189.27808
221,171.23684210526315,193.25117
222,163.71052631578942,175.02507
223,211.89473684210532,179.1331
224,213.78947368421052,230.6324
225,278.8947368421053,232.90436
226,276.7567567567569,287.44907
227,240.86842105263167,273.90945
228,267.3157894736843,225.85223
229,278.5263157894738,215.97124
230,232.89473684210535,264.91516
231,204.23684210526315,243.95247
232,200.71052631578954,196.76843
233,189.8378378378378,195.21388
234,180.8157894736843,185.4733
235,175.3421052631579,181.4068
236,182.63157894736847,174.25407
237,179.91891891891888,174.78198
238,181.94736842105266,179.91211
239,214.92105263157896,181.21278
240,296.4210526315791,220.67845
241,309.5000000000001,217.50586
242,312.6315789473685,299.70337
243,312.07894736842104,285.8895
244,313.4210526315789,291.53683
245,262.83783783783775,266.93765
246,303.5526315789472,238.50626
247,316.7105263157895,226.20052
248,317.02631578947376,302.99084
249,313.9473684210527,279.06674
250,310.9736842105262,299.8457
251,311.63157894736855,281.18814
252,313.4210526315789,317.6997
253,308.7368421052632,321.3826
254,272.3157894736842,311.75012
255,245.55263157894746,317.0636
256,227.1351351351351,242.85799
257,209.34210526315786,246.20638
258,202.7368421052632,205.30266
259,186.3947368421053,205.70769
260,173.7105263157895,182.76796
261,175.0526315789474,185.1499
262,185.42105263157896,176.20535
263,183.39473684210523,177.22227
264,185.4473684210526,182.7966
265,177.5526315789474,183.76169
266,187.60526315789468,177.1097
267,199.8421052631579,179.85263
268,200.65789473684214,204.18512
269,194.81578947368422,206.32104
270,217.078947368421,196.0941
271,200.55263157894743,200.0665
272,218.02631578947359,196.60916
273,224.99999999999994,196.90114
274,268.71052631578937,225.87766
275,262.32432432432427,225.34071
276,224.47368421052627,253.43372
277,279.4473684210528,244.99118
278,226.52631578947367,292.30624
279,218.72972972972974,281.50137
280,206.92105263157904,219.74326
281,229.0789473684211,219.91113
282,250.97368421052636,241.37273
283,234.68421052631584,242.21944
284,223.51351351351352,233.06833
285,227.6666666666666,238.43933
286,198.94736842105266,232.47856
287,186.21052631578945,235.65327
288,218.52631578947376,183.24481
289,210.36842105263167,182.88672
290,166.97368421052636,210.12839
291,148.6052631578948,213.42819
292,199.26315789473676,147.00452
293,242.6315789473685,149.75845
294,190.10526315789468,249.99402
295,200.65789473684214,248.2904
296,211.15789473684214,206.69666
297,176.5526315789473,209.40038
298,164.73684210526312,167.78175
299,162.5789473684211,167.51952
300,162.81578947368425,161.50642
301,164.28947368421055,160.70499
302,164.81578947368428,165.97455
303,164.71052631578945,167.90569
304,161.84210526315795,166.53464
305,156.78947368421052,168.34258
306,155.13157894736835,157.70427
307,164.02631578947367,160.31308
308,165.52631578947367,168.40012
309,171.8717948717948,171.28526
310,175.78947368421055,177.28116
311,182.0,181.48543
312,182.4473684210526,186.4897
313,180.55263157894743,188.91266
314,184.50000000000003,181.74873
315,186.3157894736842,183.38672
316,187.57894736842104,187.96262
317,191.4473684210526,188.47
318,197.0263157894737,194.10094
319,205.28947368421046,194.64018
320,203.7894736842106,209.27768
321,193.40540540540542,209.8815
322,202.21052631578945,193.33012
323,256.55263157894734,195.76674
324,264.7105263157896,268.78992
325,286.84210526315803,262.61725
326,240.81578947368416,283.8022
327,227.89473684210523,270.70316
328,210.18421052631578,225.26682
329,211.31578947368416,220.95609
330,242.921052631579,210.90508
331,229.68421052631584,207.66563
332,209.4864864864864,227.57986
333,210.78947368421044,229.7402
334,204.55263157894734,214.50655
335,190.70270270270274,216.28593
336,189.60526315789474,187.45808
337,191.42105263157904,188.1335
338,192.76315789473688,194.56767
339,194.28947368421058,197.3271
340,201.36842105263167,198.02705
341,198.86842105263165,202.37827
342,193.44736842105272,200.72322
343,269.4210526315789,204.41022
344,323.421052631579,290.53336
345,335.3513513513513,288.0198
346,317.4210526315789,322.12296
347,317.0789473684209,300.21954
348,319.9210526315789,298.89133
349,270.7894736842104,274.38477
350,341.7631578947369,248.6475
351,327.948717948718,238.22054
352,313.78947368421046,309.31616
353,266.2631578947368,287.86032
354,238.5526315789473,251.04913
355,220.42105263157904,247.31436
356,235.71052631578942,216.9093
357,228.44736842105272,215.92001
358,220.81578947368413,225.71341
359,225.40540540540542,226.08383
360,220.81578947368413,228.86067
361,203.86842105263162,231.19489
362,204.7894736842105,201.61339
363,209.5526315789474,204.56119
364,215.3421052631579,212.10806
365,285.49999999999994,214.38933
366,261.52631578947364,307.07068
367,229.3157894736843,309.22836
368,279.6842105263157,225.67773
369,283.89473684210526,229.81396
370,309.1578947368421,277.19028
371,349.02631578947364,267.1977
372,316.4594594594595,340.79486
373,253.63157894736838,319.64914
374,257.26315789473676,236.2247
375,243.23684210526315,231.94788
376,237.15789473684217,238.20027
377,239.15789473684202,232.45683
378,247.7027027027026,241.95659
379,254.92105263157896,245.6233
380,279.5263157894736,259.37296
381,271.921052631579,261.56848
382,269.2631578947368,270.22055
383,252.26315789473693,272.0825
384,245.70270270270268,250.96542
385,244.28947368421046,255.50403
386,246.50000000000006,246.86278
387,234.23684210526304,249.59615
388,243.18421052631567,234.70427
389,302.1842105263157,238.68843
390,301.0789473684209,325.68396
391,326.73684210526307,331.29138
392,337.3684210526316,332.53143
393,340.4864864864864,330.44968
394,340.5526315789472,334.00748
395,332.8684210526316,322.46045
396,339.4473684210528,321.81128
397,331.94736842105266,309.89435
398,288.57894736842104,324.8282
399,270.07894736842104,315.29108
400,288.3513513513513,267.6608
401,301.2105263157895,266.22318
402,305.26315789473676,307.5929
403,300.55263157894746,310.11887
404,305.3421052631578,303.92447
405,296.97368421052636,311.04138
406,312.0526315789473,299.3076
407,303.7631578947369,304.24948
408,322.21052631578965,303.5641
409,277.7692307692307,308.29495
410,246.5263157894736,270.10846
411,273.97368421052636,275.49786
412,299.8684210526317,287.85092
413,315.3421052631578,289.4801
414,338.58974358974353,324.06265
415,330.4054054054053,331.82608
416,322.0263157894737,331.7301
417,289.7894736842106,334.54633
418,246.3846153846153,283.4358
419,243.36842105263167,286.0307
420,272.57894736842104,243.13724
421,276.0789473684209,241.5862
422,249.42105263157904,278.20663
423,221.49999999999994,279.835
424,203.18918918918922,219.08694
425,181.6052631578947,224.078
426,192.21052631578956,177.45192
427,179.15789473684214,179.11713
428,165.84210526315795,174.48811
429,162.73684210526312,175.1743
430,156.78378378378378,163.42107
431,152.73684210526312,165.00089
432,151.2631578947369,152.50685
433,159.34210526315795,153.45323
434,161.8684210526316,162.29825
435,170.99999999999994,163.6247
436,156.5526315789474,175.02646
437,196.07894736842104,177.18802
438,246.5263157894736,209.19023
439,277.1842105263157,209.2483
440,253.28947368421046,270.21408
441,210.08108108108104,251.64246
442,173.6052631578948,194.19923
443,168.3947368421053,186.34235
444,165.78947368421058,165.43802
445,166.21052631578948,160.12048
446,163.65789473684214,164.51674
447,170.21052631578956,162.24232
448,168.6052631578947,171.0413
449,164.92105263157902,168.75925
450,166.23684210526312,164.87715
451,165.34210526315786,166.0975
452,167.36842105263165,165.25761
453,166.31578947368425,166.7206
454,184.0,168.99782
455,191.73684210526315,172.8625
456,185.18421052631575,195.3571
457,179.52631578947364,197.48558
458,166.76315789473685,180.88599
459,153.13157894736838,183.55087
460,147.28947368421052,151.39456
461,142.97368421052636,152.30305
462,142.86842105263165,142.64355
463,145.4324324324324,142.89929
464,144.57894736842104,147.85143
465,146.10526315789468,149.89584
466,177.68421052631584,148.23868
467,209.26315789473682,150.36339
468,205.84210526315783,212.35959
469,209.70270270270265,208.58998
470,176.94736842105257,205.2797
471,155.89473684210523,198.14713
472,151.13157894736835,150.62247
473,158.4054054054054,148.51923
474,159.52631578947367,159.65088
475,162.13157894736835,156.8335
476,158.3783783783784,165.12325
477,148.8974358974359,167.21487
478,148.67567567567565,148.4047
479,156.5526315789474,150.2086
480,152.73684210526312,159.09494
481,153.07894736842107,159.99918
482,173.34210526315786,156.3463
483,177.28947368421058,160.66214
484,183.05263157894734,179.80293
485,172.84210526315786,181.52255
486,181.30769230769238,171.30582
487,193.15789473684214,173.14948
488,266.1315789473684,194.93373
489,248.5526315789474,192.40887
490,290.657894736842,232.26485
491,278.39473684210526,217.9441
492,313.3076923076923,258.2446
493,313.86842105263156,238.2344
494,318.51351351351354,291.95013
495,268.31578947368433,267.55228
496,217.78947368421058,246.77934
497,208.1842105263158,235.15117
498,201.42105263157887,206.70732
499,205.39473684210523,202.39307
500,195.84210526315792,204.61137
501,187.3421052631578,202.90923
502,174.10526315789477,187.47949
503,192.26315789473682,190.04378
504,195.0,198.02316
505,180.39473684210523,197.32089
506,178.21052631578948,176.83171
507,178.84210526315783,179.41988
508,170.57894736842098,182.237
509,174.8684210526316,185.22484
510,238.54054054054063,178.31216
511,238.23684210526315,181.43788
512,260.78947368421046,235.13486
513,286.5526315789473,233.68175
514,213.0263157894737,280.24182
515,176.73684210526312,264.8933
516,172.89189189189193,169.11859
517,167.60526315789468,168.92473
518,165.50000000000006,164.74936
519,167.84210526315795,160.76445
520,171.28947368421052,168.42007
521,178.44736842105257,168.43071
522,177.945945945946,179.50433
523,178.71052631578948,177.87413
524,179.6315789473684,178.26762
525,174.0,178.283
526,166.13157894736847,174.87167
527,163.13157894736838,178.2193
528,161.3947368421052,165.26439
529,160.07894736842104,168.0219
530,154.86842105263156,162.49594
531,158.65789473684208,165.23116
532,195.4594594594594,163.12105
533,167.15789473684217,166.4907
534,227.84210526315786,161.4689
535,279.8947368421052,165.00195
536,300.842105263158,276.97134
537,304.9736842105262,261.68216
538,307.44736842105254,284.3913
539,308.2631578947367,258.46747
540,308.5263157894736,284.447
541,294.5526315789473,256.71323
542,216.76315789473693,273.8586
543,182.08108108108107,252.6152
544,178.15789473684208,177.07924
545,175.6052631578947,177.48737
546,182.64864864864862,173.27759
547,200.0789473684211,172.26605
548,201.7894736842105,201.88293
549,187.73684210526324,199.64381
550,180.89473684210517,184.89468
551,180.1842105263157,185.56233
552,188.57894736842104,179.54787
553,188.18421052631572,178.95311
554,187.63157894736838,189.96124
555,174.8684210526316,194.20172
556,176.71052631578954,175.21748
557,170.28947368421058,178.96385
558,248.57894736842098,170.55435
559,262.55263157894746,172.50932
560,245.34210526315786,258.2408
561,275.02631578947364,253.0993
562,215.99999999999997,273.9599
563,176.52631578947367,261.09552
564,167.81578947368425,167.27312
565,163.05128205128204,166.08907
566,159.56756756756752,161.06978
567,154.65789473684214,157.88782
568,152.52631578947373,152.66475
569,162.6315789473684,152.8259
570,163.7631578947368,165.58441
571,158.62162162162156,164.79196
572,148.81578947368428,157.60338
573,145.49999999999994,158.80807
574,147.86842105263162,146.73235
575,148.00000000000006,149.07059
576,153.89473684210523,149.91093
577,154.83783783783787,152.63115
578,150.44736842105263,158.27252
579,159.36842105263165,162.34576
580,203.49999999999991,165.4264
581,205.63157894736844,168.72533
582,184.26315789473693,201.71765
583,164.4210526315789,197.89711
584,162.421052631579,160.80502
585,165.97368421052633,161.28278
586,164.23684210526318,166.05994
587,161.0526315789473,163.49994
588,163.42105263157887,162.68002
589,176.84210526315792,165.12024
590,205.50000000000009,184.17049
591,210.84210526315786,186.51816
592,223.84210526315783,209.53065
593,188.25641025641033,208.4063
594,176.3947368421053,179.59679
595,179.57894736842104,180.26973
596,173.52631578947367,180.51218
597,166.89473684210523,178.37335
598,160.47368421052627,166.50157
599,154.2631578947369,167.8062
600,155.65789473684217,154.64522
601,153.49999999999994,155.25352
602,153.81578947368416,154.0197
603,155.99999999999994,155.7217
604,153.47368421052633,157.92995
605,152.60526315789474,160.50987
606,153.34210526315786,155.13707
607,153.92105263157902,158.37375
608,153.49999999999994,156.85028
609,159.8947368421052,160.204
610,165.39473684210532,165.10774
611,185.15789473684208,168.94234
612,210.86842105263162,192.5514
613,223.97368421052636,194.16115
614,241.40540540540553,220.95877
615,220.8684210526316,212.73651
616,222.18421052631584,207.90161
617,200.66666666666666,198.06995
618,198.5263157894736,190.46713
619,189.15789473684214,184.40512
620,180.21621621621622,185.6059
621,169.71052631578954,182.78128
622,183.76315789473685,168.12624
623,187.1842105263158,168.11768
624,182.15789473684214,189.9805
625,197.81081081081078,192.5265
626,249.18421052631572,203.69797
627,225.18421052631578,205.7833
628,215.39473684210523,217.88869
629,213.5263157894736,217.91731
630,202.56410256410257,213.18904
631,191.6052631578947,212.46019
632,216.86842105263165,188.88756
633,250.6578947368422,188.74663
634,238.02631578947373,258.43115
635,298.8157894736843,253.60498
636,298.66666666666674,313.37653
637,309.02631578947364,305.9413
638,305.9210526315791,303.95712
639,300.4736842105264,291.96844
640,273.02631578947376,288.29852
641,220.57894736842107,273.2332
642,210.31578947368422,208.03342
643,196.54054054054055,207.59087
644,185.9473684210527,192.32649
645,180.68421052631572,190.52194
646,181.23684210526318,178.84644
647,182.05263157894743,179.33766
648,185.2894736842105,183.45673
649,190.05263157894728,184.32082
650,188.6052631578948,191.1695
651,176.36842105263165,191.5562
652,170.92105263157893,174.92223
653,172.9736842105264,178.10365
654,175.18421052631575,176.10114
655,194.1052631578947,178.6977
656,179.84210526315795,203.6173
657,239.86842105263162,208.65681
658,252.76315789473693,261.13416
659,272.73684210526307,261.67682
660,202.15789473684208,269.83557
661,169.68421052631578,257.83868
662,160.64864864864862,164.53993
663,156.3421052631579,164.27194
664,160.1315789473684,152.53914
665,163.0,149.03586
666,159.28947368421046,162.72185
667,161.24324324324334,162.016
668,162.02564102564097,161.7132
669,159.36842105263165,161.0258
670,156.10526315789474,158.5524
671,154.6052631578947,158.94676
672,158.00000000000006,156.43658
673,164.48648648648648,159.68665
674,160.00000000000006,169.64856
675,243.86842105263162,173.47198
676,252.3421052631578,264.69266
677,276.7105263157894,258.29614
678,277.32432432432444,269.9062
679,303.3947368421054,250.50061
680,296.2894736842104,286.16537
681,300.05263157894746,255.43982
682,301.0263157894737,279.17917
683,299.43243243243234,252.72858
684,299.0263157894737,283.35852
685,266.2631578947368,258.35538
686,190.57894736842096,250.84674
687,175.027027027027,240.22742
688,172.4615384615384,173.98207
689,166.1081081081081,175.09508
690,163.34210526315783,162.69989
691,161.3157894736843,163.17065
692,161.42105263157902,161.75095
693,156.3421052631579,163.8595
694,164.60526315789474,156.27719
695,168.23684210526312,158.01688
696,177.5263157894737,166.98221
697,179.28947368421046,166.05008
698,178.71052631578948,181.64142
699,171.0526315789473,184.75311
700,161.9210526315789,171.75124
701,168.13157894736847,174.67134
702,173.7105263157895,172.89952
703,230.7368421052632,174.9449
704,250.3947368421052,246.32774
705,210.1282051282051,243.08603
706,175.52631578947364,199.22934
707,159.73684210526312,196.99153
708,157.84210526315795,157.37262
709,147.86842105263162,155.2872
710,143.0526315789474,142.50208
711,141.2894736842105,140.90291
712,152.42105263157896,141.4101
713,166.50000000000006,140.88869
714,162.31578947368425,168.8205
715,159.71052631578942,167.05101
716,162.6315789473684,157.97272
717,153.421052631579,157.659
718,153.57894736842098,152.91505
719,148.3684210526316,155.10619
720,146.47368421052636,148.7393
721,141.9736842105263,151.142
722,145.23684210526312,143.25266
723,151.10526315789468,145.63173
724,143.55263157894734,155.62016
725,202.15789473684208,158.77397
726,224.18421052631587,221.14804
727,221.35135135135138,221.70479
728,179.0526315789474,215.25826
729,174.8684210526316,207.29813
730,174.36842105263162,173.89224
731,161.84210526315795,169.55913
732,154.76315789473688,155.87346
733,152.13157894736835,153.34499
734,153.99999999999994,152.69434
735,154.28947368421055,151.99312
736,156.921052631579,154.09517
737,156.48717948717947,153.79025
738,160.6052631578948,157.17563
739,168.0526315789474,158.99608
740,167.5526315789474,172.53265
741,166.13157894736847,175.57343
742,167.5526315789474,168.38963
743,166.31578947368425,171.6754
744,159.4736842105264,168.42732
745,161.81578947368425,170.48636
746,156.39473684210523,165.72601
747,152.10256410256414,168.57542
748,148.2368421052631,153.99147
749,152.13157894736835,156.79071
750,150.6486486486486,156.30527
751,156.76923076923072,159.09547
752,160.05263157894734,161.78975
753,176.05263157894746,165.74886
754,243.1891891891892,183.25032
755,229.7631578947369,186.14014
756,264.9473684210526,218.6876
757,285.07894736842115,210.10994
758,238.3684210526316,268.1464
759,208.6578947368422,242.89323
760,191.0540540540541,194.68849
761,176.5526315789473,186.56387
762,174.55263157894737,171.92374
763,168.6052631578947,167.44853
764,166.1081081081081,166.48668
765,218.36842105263167,165.36945
766,202.60526315789465,229.87166
767,193.08108108108112,224.13254
768,186.34210526315786,190.52832
769,191.921052631579,190.5285
770,185.16216216216225,195.54874
771,177.26315789473688,195.93796
772,187.36842105263156,176.4052
773,190.9473684210526,179.15526
774,201.71052631578942,195.19585
775,209.2894736842105,197.807
776,228.31578947368413,213.12341
777,246.00000000000003,215.53368
778,281.7368421052633,248.60391
779,232.36842105263153,246.07388
780,221.10256410256414,216.42484
781,205.97297297297294,212.62381
782,221.55263157894737,201.9206
783,224.18421052631587,199.6395
784,212.35897435897436,223.84575
785,204.84210526315795,222.9893
786,190.13157894736844,207.49097
787,200.18421052631584,210.7685
788,197.4210526315789,206.15475
789,188.50000000000009,207.46889
790,190.1282051282051,188.05743
791,186.3947368421053,191.88354
792,207.81578947368425,188.87056
793,192.5263157894736,192.66364
794,195.21052631578948,190.12682
795,194.5,194.14291
796,184.68421052631587,197.64418
797,192.23684210526315,201.86726
798,196.84210526315795,198.33139
799,268.6315789473683,202.00441
800,325.44736842105254,288.72067
801,338.92307692307685,285.8099
802,342.7894736842106,325.91858
803,282.2894736842106,303.5709
804,270.94736842105254,255.59119
805,242.921052631579,240.82188
806,219.71052631578956,228.77794
807,198.86842105263165,220.62181
808,204.36842105263153,193.25468
809,205.99999999999997,191.35727
810,176.10526315789474,204.67587
811,162.18421052631575,201.80037
812,158.21052631578942,161.90027
813,150.44736842105263,166.45372
814,143.47368421052627,148.90587
815,138.0,150.07846
816,140.71052631578954,136.79248
817,155.3783783783784,138.35158
818,166.53846153846155,159.2579
819,178.97368421052633,159.13264
820,274.47368421052624,179.13434
821,315.7435897435897,176.78516
822,322.6842105263159,302.75076
823,331.42105263157885,276.7696
824,312.39473684210515,297.33826
825,293.1315789473684,255.57858
826,273.28205128205127,263.7158
827,273.92105263157896,238.12448
828,254.34210526315786,261.41656
829,206.42105263157893,240.91075
830,196.9473684210527,194.18073
831,225.57894736842107,192.35913
832,203.92105263157887,233.01729
833,196.07894736842104,228.67271
834,181.3947368421052,194.90126
835,156.2631578947369,197.75357
836,152.68421052631575,153.69102
837,168.13157894736847,157.40175
838,184.2564102564103,170.49022
839,189.5,168.53505
840,184.73684210526312,187.90591
841,193.1842105263158,186.8537
842,167.86842105263165,197.66933
843,136.84210526315783,198.78458
844,132.74358974358972,130.66536
845,138.31578947368422,132.31654
846,251.55263157894728,139.23361
847,258.15789473684214,137.39703
848,275.921052631579,249.80344
849,261.07894736842115,241.63615
850,224.0789473684211,244.25311
851,215.79487179487177,228.59048
852,175.18421052631575,203.83162
853,152.63157894736838,191.61725
854,146.9473684210526,146.9612
855,140.41025641025638,145.33003
856,144.57894736842104,137.94022
857,151.84210526315792,136.7794
858,159.49999999999997,152.98753
859,167.921052631579,152.89272
860,167.5641025641026,166.19487
861,159.49999999999997,161.76126
862,149.05263157894743,157.48415
863,144.68421052631578,158.1369
864,157.07894736842098,145.38005
865,166.2631578947369,147.08546
866,165.5526315789474,170.62955
867,192.97368421052641,172.9811
868,283.8421052631578,203.4957
869,301.2894736842105,204.83888
870,313.21052631578937,287.76926
871,304.2894736842106,265.98807
872,229.81578947368425,274.95688
873,180.0263157894736,243.75874
874,169.02702702702706,166.15875
875,171.7631578947369,162.45311
876,165.10526315789474,170.07993
877,159.84210526315795,164.89656
878,150.52631578947373,157.57599
879,145.23684210526312,156.85422
880,153.3684210526316,146.53983
881,148.21052631578945,149.05151
882,147.3684210526316,146.32724
883,147.4736842105264,146.99635
884,146.68421052631584,148.40543
885,148.05263157894734,150.66512
886,144.81578947368425,150.86598
887,145.8947368421052,153.80511
888,148.47368421052627,149.1834
889,154.7368421052632,152.57625
890,156.23684210526318,159.79381
891,150.65789473684205,163.37463
892,149.6052631578948,152.05122
893,151.9736842105264,155.5432
894,141.10526315789477,155.39061
895,141.1538461538462,157.84671
896,140.2368421052632,144.10269
897,138.4473684210527,146.82822
898,145.65789473684208,140.65312
899,245.47368421052627,143.11436
900,212.0789473684211,267.371
901,221.34210526315783,259.3855
902,172.36842105263156,218.64699
903,157.5384615384616,208.4433
904,145.23684210526312,153.85626
905,142.23684210526318,148.92735
906,142.1842105263158,138.85783
907,153.39473684210526,135.81976
908,143.65789473684214,156.8289
909,128.73684210526318,155.82253
910,129.63157894736844,126.177505
911,127.21052631578951,127.6727
912,129.68421052631578,126.66939
913,126.92105263157896,126.46579
914,124.21052631578945,126.93611
915,127.1052631578948,129.34995
916,131.10256410256417,130.61826
917,129.7105263157895,133.30888
918,129.40540540540547,131.1733
919,139.60526315789477,133.75346
920,227.4615384615384,145.16971
921,275.7894736842105,148.03134
922,298.2631578947367,267.4706
923,311.5,244.78194
924,310.842105263158,279.95752
925,299.3243243243244,238.99678
926,255.41025641025635,264.25403
927,259.6052631578948,231.32431
928,170.44736842105263,245.09831
929,162.37837837837836,224.37056
930,157.5263157894737,162.57043
931,171.18421052631575,159.67732
932,163.18421052631572,172.43504
933,164.0526315789473,169.84146
934,152.52631578947373,164.93552
935,152.34210526315792,167.13809
936,170.28947368421058,153.40709
937,175.00000000000006,154.37299
938,158.02631578947373,172.70836
939,155.94736842105257,171.28154
940,162.3947368421052,159.65457
941,150.2631578947368,163.84573
942,144.71052631578945,148.1683
943,165.81578947368425,149.35362
944,247.73684210526324,175.90742
945,271.2631578947368,179.87029
946,291.578947368421,264.5849
947,181.00000000000003,250.34924
948,160.52631578947367,156.06677
949,153.0689655172413,155.70874
950,152.26315789473688,148.80124
951,146.39473684210532,142.8073
952,141.7368421052631,141.64456
953,141.71052631578948,139.84813
954,142.3421052631579,140.57224
955,146.83783783783787,137.65756
956,153.421052631579,148.4128
957,146.05263157894734,148.45012
958,142.63157894736847,142.29665
959,145.84210526315783,142.04181
960,153.84210526315792,149.60286
961,159.07894736842107,152.56006
962,163.23684210526318,162.38533
963,153.92105263157902,165.23761
964,206.6315789473684,153.92961
965,306.108108108108,156.40468
966,320.68421052631584,308.66772
967,328.5789473684211,281.79135
968,324.2631578947369,302.41266
969,294.3157894736841,266.09442
970,267.7105263157896,262.4582
971,259.657894736842,235.81224
972,215.05405405405403,244.90372
973,186.3947368421053,228.80492
974,175.9473684210527,180.36008
975,187.68421052631575,178.82315
976,166.18421052631575,189.70883
977,151.2631578947369,186.90887
978,141.57894736842098,149.41623
979,144.9736842105263,154.05975
980,142.07894736842107,146.71216
981,148.8108108108108,147.20222
982,160.81578947368422,149.6062
983,161.57894736842098,149.8876
984,176.078947368421,161.29985
985,183.00000000000003,161.47401
986,163.97368421052633,183.6382
987,163.1351351351352,183.21613
988,181.3947368421052,165.02821
989,267.421052631579,166.61826
990,270.921052631579,275.04144
991,186.34210526315786,251.81277
992,167.44736842105263,165.64586
993,171.54054054054052,162.98636
994,169.25641025641022,172.56374
995,169.13157894736838,166.05904
996,164.4736842105264,165.65591
997,166.78947368421055,164.61565
998,170.73684210526318,168.57733
999,170.49999999999994,166.62376
1000,168.31578947368425,170.70073
1001,175.8684210526316,171.05388
1002,168.71052631578942,177.08759
1003,165.3684210526316,177.5964
1004,162.60526315789468,167.88097
1005,159.26315789473688,171.28796
1006,161.44736842105266,161.24792
1007,166.4210526315789,163.88931
1008,169.92105263157902,171.145
1009,160.02631578947367,175.02463
1010,231.7105263157894,160.4624
1011,286.102564102564,164.44205
1012,301.4473684210526,284.36612
1013,262.3421052631579,268.3559
1014,204.02631578947373,239.89268
1015,199.34210526315798,223.85222
1016,187.84210526315786,195.03917
1017,186.0526315789474,186.11365
1018,174.05405405405403,182.59016
1019,173.92105263157887,178.19762
1020,169.36842105263156,174.53734
1021,165.60526315789468,172.57948
1022,160.31578947368416,165.68721
1023,157.47368421052633,166.82738
1024,154.68421052631575,156.71667
1025,144.57894736842104,157.82367
1026,146.57894736842104,143.23877
1027,180.89473684210517,145.20049
1028,233.8421052631579,193.08705
1029,264.07894736842115,195.69563
1030,188.21052631578954,261.9625
1031,171.52631578947367,251.60397
1032,164.71052631578945,170.01646
1033,151.578947368421,168.96385
1034,158.78947368421046,145.5127
1035,179.7631578947369,141.68356
1036,182.94736842105266,187.01286
1037,161.42105263157902,187.34494
1038,150.55263157894743,154.59192
1039,147.84210526315783,153.98634
1040,153.34210526315786,147.94023
1041,150.6052631578947,147.18008
1042,196.921052631579,150.40015
1043,283.3947368421054,152.8128
1044,289.1052631578947,293.78024
1045,218.44736842105263,280.238
1046,167.52631578947373,197.13423
1047,159.68421052631584,190.60097
1048,154.23684210526315,157.4517
1049,153.5263157894737,150.9875
1050,150.84210526315783,149.27216
1051,162.1052631578948,146.0052
1052,223.24324324324323,163.57205
1053,222.65789473684205,159.18715
1054,195.26315789473685,212.02197
1055,204.1842105263157,201.20422
1056,176.44736842105257,198.38284
1057,173.86842105263156,189.66571
1058,201.71052631578942,172.53947
1059,208.47368421052641,170.03207
1060,190.64864864864873,206.67021
1061,184.36842105263162,200.02354
1062,204.7368421052632,185.58382
1063,221.34210526315783,187.02603
1064,275.52631578947376,225.85146
1065,310.18421052631584,226.62488
1066,307.55263157894734,303.751
1067,327.60526315789474,286.61365
1068,290.8684210526317,313.0931
1069,238.31578947368413,287.12347
1070,245.7837837837838,221.41628
1071,250.71052631578948,215.9215
1072,260.5263157894737,247.66841
1073,264.8684210526316,238.9873
1074,233.26315789473682,267.59985
1075,207.2631578947369,268.41385
1076,220.47368421052624,204.49673
1077,221.49999999999994,207.29114
1078,208.7368421052632,221.04614
1079,197.1315789473684,220.07071
1080,213.05263157894734,196.49278
1081,226.26315789473685,200.91376
1082,219.92105263157887,232.52234
1083,247.73684210526324,235.37021
1084,295.18421052631567,256.0815
1085,293.7105263157896,257.74802
1086,270.1052631578947,288.02933
1087,242.07894736842093,281.62576
1088,232.6315789473685,234.8463
1089,304.05263157894734,233.46263
1090,322.5263157894736,318.1334
1091,331.63157894736855,303.99393
1092,335.1842105263159,325.8532
1093,322.94736842105266,310.75443
1094,306.05263157894734,313.26752
1095,270.9459459459459,301.37878
1096,227.94736842105272,260.7838
1097,211.6153846153846,260.20663
1098,217.78947368421058,207.88263
1099,241.55263157894728,206.79883
1100,237.44736842105252,246.36131
1101,256.31578947368433,242.85349
1102,247.07894736842115,258.30637
1103,248.65789473684217,254.92456
1104,233.78947368421055,250.28629
1105,231.76315789473693,250.39252
1106,238.94594594594588,232.3784
1107,240.3157894736842,234.38805
1108,242.99999999999994,244.42369
1109,302.52631578947376,248.52126
1110,308.65789473684197,322.74203
1111,320.31578947368416,323.5165
1112,306.0540540540541,320.63013
1113,291.4473684210526,315.3942
1114,279.7631578947368,285.7736
1115,251.34210526315798,280.43393
1116,237.34210526315795,243.48842
1117,223.8947368421052,242.16855
1118,209.47368421052633,221.09778
1119,214.71052631578956,220.46744
1120,197.86842105263162,216.28932
1121,192.07894736842107,215.17892
1122,189.81578947368422,192.40784
1123,177.18421052631578,194.36188
1124,190.7368421052631,175.56415
1125,182.3157894736842,177.75877
1126,172.10526315789474,180.58904
1127,155.47368421052636,183.0088
1128,154.7894736842105,152.94568
1129,151.10526315789468,155.56654
1130,147.84210526315783,150.58612
1131,145.8947368421052,150.73079
1132,146.0,146.86292
1133,146.99999999999997,149.0232
1134,255.05263157894734,149.42407
1135,223.55263157894734,151.89296
1136,267.10526315789474,209.86081
1137,243.2631578947369,204.90775
1138,205.50000000000009,222.76929
1139,176.92105263157887,207.54778
1140,159.31578947368416,165.7971
1141,155.5641025641025,161.32545
1142,155.86486486486496,153.79323
1143,156.13157894736835,149.97452
1144,175.36842105263165,155.24821
1145,170.94736842105257,153.65286
1146,140.5526315789473,168.15463
1147,134.8421052631579,166.71902
1148,136.1315789473684,135.13037
1149,137.97368421052636,136.83205
1150,142.07894736842107,137.97824
1151,156.31578947368422,137.7836
1152,171.7631578947369,163.17308
1153,230.92105263157902,167.0614
1154,285.3947368421053,241.77138
1155,299.1842105263157,235.61526
1156,274.8947368421053,279.28296
1157,219.44736842105254,249.41364
1158,181.94736842105266,194.1829
1159,160.86842105263153,180.46228
1160,149.13157894736835,153.67982
1161,144.94594594594594,149.44261
1162,145.94736842105263,142.35854
1163,152.92105263157896,140.49257
1164,150.8717948717949,153.69041
1165,142.35135135135133,151.82664
1166,138.39473684210523,142.18333
1167,131.42105263157893,144.83293
1168,128.05263157894737,129.90898
1169,115.05263157894734,130.87418
1170,106.84210526315793,112.14431
1171,102.55263157894737,113.422554
1172,99.52631578947364,101.9495
1173,98.07894736842103,102.221886
1174,101.47368421052632,97.903854
1175,101.42105263157897,98.27099
1176,101.2368421052632,102.051155
1177,100.28947368421049,103.16027
1178,105.15789473684214,101.05362
1179,102.7894736842105,102.59417
1180,104.55263157894738,103.20708
1181,106.36842105263155,105.08796
1182,106.65789473684215,108.70716
1183,104.34210526315792,110.961975
1184,103.6315789473684,105.65034
1185,104.55263157894738,107.69518
1186,170.68421052631584,106.90275
1187,237.1315789473684,108.81804
1188,236.13157894736844,234.85423
1189,242.43243243243242,214.35909
1190,180.23076923076925,219.94292
1191,148.0270270270271,189.89995
1192,135.7105263157895,134.0094
1193,132.5526315789474,126.056366
1194,134.34210526315795,128.53502
1195,149.7105263157895,123.61601
1196,153.84210526315792,149.70009
1197,158.51282051282047,141.87733
1198,146.92105263157896,156.54553
1199,144.35135135135135,152.36383
1200,154.0526315789473,143.78859
1201,158.68421052631575,143.70354
1202,182.21052631578945,159.7377
1203,234.63157894736844,161.04037
1204,266.89473684210515,238.05164
1205,295.7105263157895,223.6708
1206,236.36842105263165,282.7862
1207,263.2368421052633,256.0952
1208,280.0789473684211,253.3266
1209,303.7368421052632,229.301
1210,283.0263157894737,286.6453
1211,267.43243243243245,257.99802
1212,276.7105263157894,254.03192
1213,269.65789473684214,234.72998
1214,214.3947368421053,262.41214
1215,176.23684210526324,254.12457
1216,259.3157894736843,169.83157
1217,308.28947368421063,173.15239
1218,313.76315789473693,317.19257
1219,312.4210526315789,315.7358
1220,311.55263157894734,301.59784
1221,276.42105263157896,293.15335
1222,198.8157894736842,265.61206
1223,167.5,261.7792
1224,170.72972972972974,161.72824
1225,160.31578947368416,161.99767
1226,158.39473684210523,155.5204
1227,166.21052631578948,155.50331
1228,166.3947368421053,168.06148
1229,160.76315789473682,168.2524
1230,219.73684210526307,160.65039
1231,246.3157894736841,162.05598
1232,301.34210526315786,234.7649
1233,240.84210526315795,218.5774
1234,216.10526315789468,218.25613
1235,185.18421052631575,208.79288
1236,214.47368421052641,175.09059
1237,217.52631578947376,170.833
1238,176.86842105263153,210.48112
1239,183.1315789473684,202.05382
1240,159.13513513513516,189.0536
1241,157.46153846153845,188.52138
1242,154.7894736842105,158.10176
1243,150.578947368421,157.59743
1244,148.31578947368425,149.45099
1245,173.6052631578948,150.63568
1246,174.0263157894736,181.09053
1247,153.99999999999994,181.40839
1248,149.44736842105257,150.39612
1249,150.2105263157895,153.39978
1250,146.2368421052631,152.30344
1251,142.7894736842105,153.00293
1252,144.94594594594594,143.18108
1253,209.10526315789474,145.58945
1254,220.4615384615385,231.1234
1255,272.7567567567567,232.19241
1256,221.86842105263156,274.55032
1257,214.2051282051283,258.15543
1258,207.94594594594602,206.22388
1259,236.47368421052641,195.18349
1260,245.73684210526307,231.21161
1261,257.5526315789474,213.3829
1262,189.8684210526315,249.20207
1263,182.79487179487185,228.79495
1264,183.18421052631575,182.10934
1265,209.0789473684211,178.08986
1266,212.13157894736838,214.95651
1267,209.10526315789474,211.57996
1268,211.2894736842105,211.20699
1269,221.13157894736847,215.92383
1270,231.97368421052627,226.38396
1271,216.78947368421055,227.66342
1272,189.31578947368425,211.68777
1273,154.81578947368422,212.89993
1274,140.10526315789468,148.6553
1275,150.55263157894743,150.0725
1276,158.31578947368416,151.86992
1277,196.84210526315795,148.45874
1278,303.3684210526317,204.14162
1279,306.57894736842115,201.44514
1280,313.64102564102575,292.396
1281,239.3243243243243,275.36298
1282,245.47368421052627,210.06223
1283,177.57894736842096,196.13747
1284,170.99999999999994,158.01564
1285,185.73684210526318,155.40108
1286,173.421052631579,186.71039
1287,157.44736842105263,179.43376
1288,153.07692307692304,152.61314
1289,144.2894736842105,152.43808
1290,160.23684210526315,145.59653
1291,182.5,148.2631
1292,157.83783783783778,182.1489
1293,143.7368421052632,177.15947
1294,141.2894736842105,142.76921
1295,132.35897435897436,146.54958
1296,131.68421052631575,130.6075
1297,128.83783783783787,129.86789
1298,136.42105263157893,128.43471
1299,168.02631578947364,129.95883
1300,278.2631578947369,179.09091
1301,295.15789473684214,181.13176
1302,249.5263157894736,282.57144
1303,203.23684210526312,262.94122
1304,201.9736842105263,181.57896
1305,218.26315789473676,169.1292
1306,242.02564102564105,207.43774
1307,209.36842105263156,190.30309
1308,188.18421052631572,194.66095
1309,177.48648648648646,182.69687
1310,163.43589743589743,170.32628
1311,151.29729729729735,164.35454
1312,143.921052631579,147.5625
1313,145.51282051282047,148.01534
1314,144.9210526315789,146.11572
1315,140.4736842105264,146.1858
1316,139.39473684210526,140.3059
1317,141.4210526315789,141.84717
1318,152.31578947368416,142.50731
1319,155.5526315789474,143.5217
1320,152.3947368421052,156.7214
1321,153.4473684210527,158.41066
1322,155.28947368421046,156.51901
1323,147.18421052631575,159.58823
1324,150.44736842105263,146.8116
1325,173.81578947368422,148.69106
1326,162.86842105263156,182.24034
1327,203.3684210526315,183.36028
1328,166.35897435897434,215.27809
1329,167.2105263157895,212.3449
1330,259.6842105263158,171.8586
1331,277.6052631578947,173.14264
1332,257.5789473684211,264.35446
1333,274.54054054054046,243.0655
1334,252.28205128205133,262.26138
1335,225.49999999999997,240.3026
1336,246.10526315789477,210.34833
1337,276.1842105263159,199.74072
1338,238.89473684210523,271.9299
1339,239.84210526315783,252.28503
1340,254.68421052631578,239.28163
1341,228.15789473684217,233.06993
1342,243.36842105263167,223.57574
1343,235.1578947368421,225.53859
1344,225.36842105263162,234.9221
1345,233.99999999999997,238.94606
1346,243.40540540540533,242.07202
1347,240.68421052631587,248.38367
1348,241.4736842105263,243.75328
1349,204.23684210526315,248.36037
1350,180.7105263157895,198.31268
1351,295.68421052631567,202.47925
1352,292.28947368421063,340.97516
1353,313.5675675675675,344.6162
1354,300.4210526315791,317.821
1355,300.078947368421,313.9059
1356,271.97368421052624,295.80847
1357,278.34210526315786,284.04977
1358,254.63157894736833,273.88956
1359,199.07894736842113,266.3925
1360,195.81578947368428,187.19748
1361,201.60526315789465,189.26439
1362,182.81578947368416,201.38353
1363,192.99999999999997,197.09755
1364,184.078947368421,194.83958
1365,199.02631578947359,194.92491
1366,235.97368421052627,204.29399
1367,195.63157894736835,203.62209
1368,156.1842105263158,186.91193
1369,142.13157894736835,190.20724
1370,168.59459459459455,140.40591
1371,186.1842105263157,141.25519
1372,219.05263157894743,189.23941
1373,204.60526315789468,189.46141
1374,238.842105263158,199.19022
1375,262.6052631578947,198.51495
1376,261.3684210526315,260.0646
1377,274.6578947368422,250.05362
1378,212.13157894736838,260.51276
1379,169.57894736842098,242.2146
1380,136.02631578947367,160.80836
1381,143.76315789473682,159.36067
1382,162.3947368421052,145.11392
1383,174.13157894736844,141.61717
1384,181.18918918918914,173.27525
1385,184.921052631579,170.54182
1386,151.65789473684217,179.60822
1387,132.4871794871795,172.14021
1388,136.8684210526316,129.32607
1389,141.99999999999994,130.76125
1390,129.10526315789477,141.3807
1391,138.07894736842098,139.89418
1392,153.02702702702706,143.6969
1393,163.97368421052633,146.3945
1394,243.2631578947369,167.05702
1395,295.657894736842,166.93394
1396,301.6578947368421,285.66803
1397,334.157894736842,261.6629
1398,297.3157894736842,304.24948
1399,205.81578947368425,259.47064
1400,199.40540540540542,176.9006
1401,204.76315789473682,169.3728
1402,190.42105263157904,200.61383
1403,174.78947368421055,189.60135
1404,170.65789473684205,169.39539
1405,166.47368421052633,167.85774
1406,175.71052631578942,167.5281
1407,164.73684210526312,168.21219
1408,145.1351351351351,162.58998
1409,141.81578947368428,164.71582
1410,130.97368421052627,141.98506
1411,123.94736842105257,143.5158
1412,117.8421052631579,122.351074
1413,114.65789473684211,122.6702
1414,116.05263157894737,114.400986
1415,119.2894736842105,115.12124
1416,115.81578947368425,120.58207
1417,113.92105263157893,121.43856
1418,116.02631578947368,114.357414
1419,115.63157894736847,115.96078
1420,113.68421052631575,116.922844
1421,135.1578947368421,118.79616
1422,215.3421052631579,143.1825
1423,224.65789473684214,145.28703
1424,195.2894736842105,214.03265
1425,138.05263157894743,198.24313
1426,124.28947368421058,122.58078
1427,121.50000000000006,120.0066
1428,120.94594594594595,117.75302
1429,123.52631578947367,112.68949
1430,123.89473684210523,122.69531
1431,116.05263157894737,120.642685
1432,117.39473684210525,112.246605
1433,125.18421052631581,110.208755
1434,122.23684210526318,126.62999
1435,116.97368421052633,125.651764
1436,113.60526315789477,115.740036
1437,117.97368421052636,117.41695
1438,117.44736842105264,122.04724
1439,116.60526315789477,124.28996
1440,118.44736842105257,118.55917
1441,125.61538461538467,121.38915
1442,123.84210526315792,130.54564
1443,122.55263157894734,133.47752
1444,117.8421052631579,124.429214
1445,117.21052631578945,126.92923
1446,113.65789473684212,119.4594
1447,112.00000000000004,121.52871
1448,113.21052631578944,113.43514
1449,116.3421052631579,115.22825
1450,112.76315789473686,119.82203
1451,109.47368421052632,122.61476
1452,101.8684210526316,110.81934
1453,98.47368421052629,113.312874
1454,104.81578947368419,98.989174
1455,109.10526315789471,100.082085
1456,108.15789473684207,111.84566
1457,105.71052631578945,114.23141
1458,109.31578947368422,107.406364
1459,118.13157894736837,110.301056
1460,125.78947368421055,122.197296
1461,123.31578947368419,123.7713
1462,137.578947368421,122.976425
1463,117.52631578947373,123.90584
1464,110.3513513513514,112.22355
1465,106.39473684210527,112.01244
1466,101.39473684210527,106.21295
1467,98.84210526315792,106.36785
1468,99.27027027027025,98.88875
1469,100.89743589743593,99.44765
1470,97.56756756756752,103.00324
1471,98.97368421052632,104.31023
1472,102.71052631578947,100.881165
1473,115.60526315789471,102.64327
1474,186.47368421052636,119.07693
1475,187.3947368421052,119.36502
1476,167.36842105263165,177.32118
1477,122.89473684210529,165.39519
1478,116.94736842105257,109.83351
1479,109.17948717948718,106.98687
1480,104.50000000000004,104.3831
1481,102.45945945945941,100.39779
1482,99.9210526315789,101.22604
1483,99.13157894736844,99.813774
1484,97.42105263157897,98.069176
1485,94.7368421052632,96.78
1486,92.76315789473684,94.86244
1487,91.55263157894737,96.00156
1488,90.60526315789473,91.52057
1489,91.9487179487179,92.5637
1490,95.64864864864866,93.6625
1491,97.47368421052633,95.51158
1492,101.28205128205126,99.70777
1493,108.37837837837837,102.03034
1494,109.78947368421052,111.60366
1495,196.13157894736838,113.07575
1496,220.1025641025641,206.19077
1497,152.21621621621625,188.18488
1498,155.76315789473682,131.60129
1499,143.4210526315789,122.77707
1500,132.3157894736842,132.55914
1501,131.15789473684214,122.279724
1502,117.1842105263158,126.20146
1503,109.1842105263158,121.92325
1504,105.02631578947364,107.22811
1505,104.02631578947367,104.81481
1506,105.26315789473679,103.885826
1507,106.13513513513517,103.40519
1508,103.3157894736842,105.85599
1509,101.43589743589745,106.555275
1510,99.47368421052633,101.929214
1511,104.78947368421053,103.358505
1512,107.89473684210526,107.40394
1513,110.60526315789471,108.805984
1514,111.60526315789474,113.167885
1515,111.10526315789477,115.73209
1516,116.13157894736845,113.05611
1517,123.63157894736844,115.07527
1518,213.44736842105266,126.047424
1519,320.94871794871796,126.31908
1520,268.55263157894734,313.82672
1521,232.13157894736835,276.41895
1522,218.8461538461538,201.3957
1523,205.4324324324324,174.56549
1524,198.076923076923,185.08655
1525,181.05263157894737,167.46707
1526,175.89473684210526,170.95587
1527,165.3157894736842,162.79251
1528,150.99999999999994,156.72382
1529,165.1315789473684,148.60228
1530,145.5526315789473,169.08119
1531,141.1842105263158,167.54442
1532,152.5526315789474,141.36307
1533,151.44736842105266,143.24644
1534,170.7631578947369,152.16196
1535,176.48717948717945,153.6448
1536,195.13157894736838,176.1839
1537,201.99999999999997,176.31241
1538,206.50000000000006,201.08482
1539,233.15789473684208,198.52245
1540,288.8684210526315,229.97359
1541,345.44736842105283,216.3702
1542,326.73684210526307,329.6611
1543,262.56410256410254,293.15222
1544,234.34210526315786,234.59596
1545,240.86842105263167,218.70218
1546,238.30769230769235,236.82733
1547,205.9736842105263,224.80138
1548,175.26315789473685,196.91351
1549,164.38461538461533,196.5993
1550,151.21621621621625,164.1825
1551,154.63157894736847,165.4031
1552,149.65789473684217,154.69954
1553,151.73684210526315,155.06595
1554,144.2894736842105,152.37689
1555,167.69230769230774,153.38823
1556,185.55263157894743,173.48105
1557,171.63157894736838,171.4254
1558,150.1578947368421,166.18164
1559,142.3947368421053,165.41496
1560,137.1578947368421,143.01562
1561,129.86842105263165,144.43881
1562,127.4210526315789,127.38167
1563,122.99999999999997,126.90329
1564,121.74358974358971,122.826584
1565,174.8421052631579,123.53926
1566,186.97368421052641,191.81204
1567,217.5526315789473,191.65005
1568,176.71052631578954,216.13684
1569,169.35897435897434,205.56117
1570,152.36842105263156,166.04466
1571,140.0,160.83182
1572,138.38461538461542,134.85574
1573,138.4473684210527,131.83867
1574,136.7631578947368,138.28407
1575,129.23684210526318,136.93698
1576,125.97435897435892,126.97574
1577,125.84210526315792,126.66977
1578,129.2894736842105,126.584656
1579,142.97368421052636,127.05675
1580,143.3846153846154,147.07166
1581,143.4473684210527,148.38548
1582,143.36842105263162,145.88936
1583,133.6923076923077,148.64911
1584,143.63157894736838,133.05278
1585,159.18421052631572,134.88228
1586,173.02631578947376,163.18703
1587,176.79487179487177,163.21576
1588,208.13157894736847,175.55872
1589,272.6842105263159,171.95302
1590,265.5263157894737,270.4634
1591,257.9736842105262,245.96645
1592,185.94871794871796,239.1134
1593,136.26315789473688,217.74739
1594,136.25641025641025,127.25676
1595,143.5263157894736,126.98273
1596,149.8947368421052,141.80649
1597,130.61538461538458,137.22134
1598,120.921052631579,125.72594
1599,115.60526315789471,126.94505
1600,115.3684210526316,117.00252
1601,145.1315789473684,119.022484
1602,155.39473684210523,148.27399
1603,131.76923076923077,143.22418
1604,129.0789473684211,126.42644
1605,124.36842105263156,127.83305
1606,128.69230769230765,124.705765
1607,128.6052631578947,124.91914
1608,144.2894736842105,128.047
1609,168.34210526315792,129.56879
1610,144.68421052631578,174.22357
1611,176.56410256410263,171.3311
1612,169.0526315789473,186.15297
1613,162.9473684210527,183.19879
1614,157.07894736842098,160.84941
1615,187.10526315789465,159.0709
1616,227.53846153846158,191.80751
1617,206.8684210526316,183.6316
1618,244.26315789473693,194.18407
1619,279.2368421052631,184.15034
1620,278.79487179487165,270.5368
1621,184.23684210526324,247.54204
1622,156.1578947368421,160.85266
1623,143.3846153846154,160.27121
1624,168.86842105263153,140.96939
1625,173.15789473684208,138.04198
1626,139.82051282051285,170.0863
1627,131.7894736842105,167.61081
1628,120.71052631578954,133.38152
1629,122.23684210526318,136.18398
1630,132.3157894736842,123.22809
1631,128.39473684210523,122.828354
1632,124.3947368421052,125.72229
1633,126.65789473684214,126.49718
1634,128.73684210526318,129.10266
1635,129.2972972972973,130.93646
1636,137.63157894736835,129.70421
1637,147.5526315789474,130.7966
1638,155.25641025641025,151.46574
1639,191.21052631578956,153.26509
1640,304.1842105263158,195.43631
1641,327.28947368421063,187.39104
1642,338.0263157894736,303.7383
1643,334.76315789473693,267.7895
1644,307.2368421052632,291.81747
1645,305.5263157894736,245.83936
1646,245.02631578947356,275.68732
1647,182.63157894736847,245.79852
1648,182.2631578947369,170.88419
1649,191.52631578947367,170.33603
1650,193.63157894736844,190.6243
1651,215.2631578947368,185.39252
1652,197.89473684210523,216.40723
1653,187.21052631578945,212.59326
1654,184.1578947368422,187.81653
1655,177.5263157894737,190.259
1656,186.91891891891885,175.68411
1657,202.7368421052632,175.35814
1658,213.0263157894737,208.28302
1659,227.65789473684205,212.35199
1660,228.8684210526316,234.1162
1661,211.945945945946,236.18544
1662,278.1315789473684,208.94246
1663,278.7631578947369,210.02072
1664,302.6052631578947,266.70752
1665,322.0263157894737,253.71445
1666,295.50000000000006,308.95117
1667,247.8421052631578,286.23032
1668,223.76315789473688,231.51881
1669,216.3157894736843,225.36838
1670,190.3684210526316,214.78758
1671,198.23684210526312,210.6537
1672,184.36842105263162,200.39691
1673,201.23684210526324,199.34456
1674,197.86842105263162,206.8179
1675,202.0526315789474,206.10985
1676,212.56756756756764,203.83961
1677,214.94736842105272,204.69708
1678,210.3947368421052,214.38432
1679,206.47368421052627,214.34532
1680,207.31578947368416,207.70993
1681,211.39473684210523,211.01952
1682,236.55263157894728,214.93376
1683,319.7105263157896,216.65636
1684,320.0526315789474,329.9849
1685,332.9473684210526,312.37238
1686,313.9473684210527,322.50085
1687,273.5405405405405,302.11075
1688,258.79487179487165,256.40985
1689,252.76315789473693,245.96284
1690,269.3421052631579,247.3117
1691,289.842105263158,241.04738
1692,272.02631578947364,293.56747
1693,275.78378378378386,286.6725
1694,253.34210526315792,281.31845
1695,246.921052631579,284.15945
1696,228.3421052631579,248.40575
1697,223.15789473684217,250.272
1698,206.50000000000006,223.22517
1699,209.05263157894743,224.82536
1700,205.55263157894743,211.65509
1701,218.2894736842105,212.84167
1702,211.39473684210523,223.63007
1703,200.26315789473688,225.672
1704,210.7631578947369,200.11603
1705,216.21052631578945,203.9402
1706,220.42105263157904,219.81001
1707,224.26315789473685,222.9523
1708,224.81578947368428,228.229
1709,233.4736842105264,232.95038
1710,238.89473684210523,239.58347
1711,278.34210526315786,242.31557
1712,306.7631578947367,286.91977
1713,311.3421052631578,282.31522
1714,321.3684210526317,302.9069
1715,289.15789473684197,289.4949
1716,253.68421052631584,274.00958
1717,241.4736842105263,264.24875
1718,239.86842105263162,238.48817
1719,239.18421052631572,235.66515
1720,233.54054054054058,239.43887
1721,228.55263157894746,238.3397
1722,232.71052631578948,229.82037
1723,238.74358974358967,231.70427
1724,230.3684210526316,242.28397
1725,215.94594594594597,244.60384
1726,219.31578947368413,214.48544
1727,208.86842105263165,218.59044
1728,216.36842105263167,208.75284
1729,219.97368421052636,211.77792
1730,227.36842105263165,224.33914
1731,224.027027027027,229.45712
1732,264.8421052631578,227.50305
1733,334.7105263157895,233.08852
1734,343.6315789473683,343.1047
1735,331.2368421052631,332.43445
1736,315.63157894736844,315.66266
1737,275.76315789473693,299.35168
1738,271.6842105263159,259.46408
1739,264.7894736842106,250.0791
1740,178.13157894736844,259.3216
1741,148.3684210526316,253.63617
1742,129.26315789473682,145.51277
1743,121.1842105263158,150.72266
1744,115.76315789473682,120.14769
1745,115.73684210526318,124.40221
1746,116.81578947368425,114.84728
1747,112.86842105263153,117.90401
1748,111.49999999999999,112.76551
1749,110.26315789473684,114.90819
1750,109.47368421052632,110.00702
1751,109.84210526315792,110.67343
1752,110.18421052631578,110.06948
1753,106.2894736842105,111.129585
1754,105.94736842105259,107.15055
1755,102.68421052631577,109.67156
1756,102.63157894736847,103.64166
1757,103.94871794871798,105.7044
1758,101.71052631578951,106.23056
1759,103.18421052631578,108.615974
1760,113.86486486486491,105.991325
1761,193.87179487179495,108.64095
1762,249.26315789473676,207.03255
1763,303.89473684210526,196.24585
1764,239.86842105263162,287.0824
1765,168.6052631578947,246.35518
1766,157.86842105263162,141.63857
1767,134.81578947368422,129.62866
1768,117.60526315789468,124.48276
1769,114.28947368421055,119.042404
1770,108.92105263157892,112.402275
1771,108.34210526315793,110.47377
1772,107.18421052631582,107.97852
1773,107.9230769230769,107.98657
1774,115.34210526315786,109.42055
1775,123.71052631578948,110.92267
1776,126.76315789473682,121.828186
1777,128.3421052631579,117.99739
1778,128.07894736842098,127.805664
1779,123.55263157894734,127.409454
1780,118.02631578947363,123.28529
1781,109.47368421052632,123.98961
1782,110.64102564102568,108.32585
1783,172.21052631578956,109.057106
1784,166.28947368421055,189.37782
1785,124.60526315789477,184.36073
1786,115.60526315789471,116.316505
1787,111.0526315789474,118.17696
1788,107.36842105263162,110.661476
1789,109.92105263157892,107.98363
1790,108.3947368421053,108.448586
1791,103.56410256410253,107.84844
1792,102.31578947368423,103.384384
1793,101.1315789473684,103.626976
1794,101.2368421052632,101.2604
1795,107.23684210526312,101.23785
1796,112.50000000000003,108.63214
1797,109.65789473684211,109.43892
1798,110.97368421052636,110.80904
1799,115.31578947368426,113.402626
1800,110.60526315789471,118.243904
1801,103.47368421052636,119.82389
1802,105.36842105263162,103.25302
1803,102.2631578947368,105.22254
1804,104.35897435897441,102.93435
1805,106.36842105263155,104.100975
1806,145.5526315789473,109.005325
1807,162.36842105263156,111.50657
1808,131.15789473684214,161.88905
1809,107.50000000000001,157.57709
1810,99.73684210526314,103.41036
1811,95.86842105263153,104.94329
1812,95.34210526315788,93.97512
1813,89.99999999999999,91.52294
1814,85.52631578947371,88.29397
1815,84.68421052631581,88.376816
1816,84.72972972972971,84.851585
1817,85.51282051282051,84.83919
1818,95.76315789473685,85.795135
1819,89.45945945945941,86.0671
1820,84.63157894736842,88.024574
1821,82.39473684210526,89.23612
1822,80.28947368421052,83.387596
1823,76.52631578947368,85.071396
1824,75.36842105263156,76.22314
1825,75.23684210526318,77.14334
1826,88.3684210526316,76.60712
1827,166.81578947368428,77.911514
1828,189.55263157894737,180.15508
1829,125.26315789473676,171.76303
1830,101.65789473684207,108.5468
1831,108.18918918918918,102.13687
1832,100.78947368421055,105.92215
1833,93.89473684210523,97.15477
1834,92.28947368421056,88.28659
1835,99.57894736842103,85.70532
1836,98.94736842105264,99.39271
1837,97.39473684210522,92.6789
1838,102.8918918918919,96.16833
1839,103.15789473684215,95.716934
1840,90.57894736842104,101.44792
1841,90.97368421052632,100.34972
1842,95.81578947368418,92.84553
1843,106.8947368421053,94.323296
1844,114.97368421052633,111.92413
1845,93.26315789473679,113.96562
1846,83.18421052631577,89.358765
1847,82.48648648648646,91.58523
1848,83.64102564102566,83.26633
1849,83.51351351351349,82.86643
1850,83.10526315789477,83.13519
1851,87.81578947368423,83.5755
1852,89.28947368421049,91.1716
1853,91.10526315789475,92.840996
1854,93.21052631578952,92.59815
1855,94.89473684210529,93.78338
1856,95.5789473684211,95.58001
1857,90.4736842105263,96.292
1858,89.18421052631581,90.13248
1859,102.59459459459461,91.16886
1860,155.38461538461533,107.74577
1861,135.21052631578948,108.10915
1862,119.94736842105262,125.28647
1863,122.34210526315783,119.01837
1864,121.63157894736848,120.723816
1865,109.31578947368422,116.28647
1866,110.2972972972973,103.562546
1867,116.15384615384616,101.16046
1868,104.35135135135134,118.07677
1869,101.68421052631578,115.731514
1870,106.86842105263163,101.52838
1871,102.44736842105266,101.7139
1872,99.87179487179485,102.14786
1873,110.15789473684207,103.43049
1874,112.92105263157893,115.106865
1875,130.86842105263162,117.60612
1876,236.7894736842106,136.8384
1877,317.0526315789474,137.82468
1878,218.63157894736833,304.92123
1879,162.18421052631575,268.2068
1880,170.51282051282058,139.4805
1881,182.13157894736844,128.19711
1882,178.3589743589743,170.73924
1883,135.7105263157895,155.14813
1884,124.63157894736844,125.84747
1885,107.64102564102559,124.394
1886,113.63157894736841,104.277466
1887,108.78947368421056,105.63751
1888,103.60526315789471,106.480385
1889,95.0789473684211,107.35977
1890,114.47368421052637,94.16359
1891,101.47368421052632,96.293755
1892,110.5128205128205,98.939316
1893,100.71052631578952,100.1913
1894,102.3421052631579,98.18858
1895,102.99999999999997,99.747955
1896,100.28947368421049,104.76563
1897,97.00000000000001,106.98578
1898,93.6578947368421,98.10252
1899,96.48717948717946,100.42322
1900,102.10526315789473,100.007805
1901,109.42105263157896,102.32204
1902,121.34210526315788,113.14915
1903,123.25641025641028,115.606316
1904,128.97368421052633,123.793274
1905,215.7105263157895,124.04466
1906,333.58974358974365,221.65247
1907,355.9736842105264,199.4904
1908,348.05263157894717,318.9012
1909,341.05128205128204,263.83014
1910,300.0,281.75772
1911,216.44736842105257,223.49846
1912,163.0,184.46135
1913,156.52631578947364,173.48962
1914,159.21052631578954,155.84474
1915,143.9736842105263,152.0097
1916,138.66666666666666,139.71812
1917,137.94736842105266,141.95113
1918,140.26315789473682,139.97539
1919,135.1578947368421,143.16457
1920,129.68421052631578,134.44603
1921,128.68421052631575,136.20554
1922,125.02631578947373,127.98207
1923,118.71052631578951,128.57037
1924,113.82051282051285,118.32462
1925,105.3157894736842,120.03357
1926,100.76315789473686,104.109474
1927,102.92307692307696,105.33035
1928,104.28947368421048,104.11736
1929,169.42105263157893,104.55672
1930,286.78947368421046,185.1202
1931,293.26315789473676,182.46605
1932,245.13157894736838,275.578
1933,170.68421052631584,247.00328
1934,160.3947368421052,142.35237
1935,137.2368421052632,129.52924
1936,139.7179487179487,125.32262
1937,156.21052631578945,119.34357
1938,152.05263157894743,155.82027
1939,127.36842105263156,145.14433
1940,114.39473684210525,118.09333
1941,116.17948717948717,116.09787
1942,113.50000000000003,118.38373
1943,118.92105263157897,118.75641
1944,121.1842105263158,118.28027
1945,122.07894736842101,118.06587
1946,125.89473684210532,123.70845
1947,129.3684210526316,125.30452
1948,134.28947368421055,131.22282
1949,120.81578947368423,132.43823
1950,125.69230769230762,118.311165
1951,235.9473684210527,120.57507
1952,315.421052631579,251.87106
1953,316.82051282051293,230.2752
1954,320.28947368421046,293.13226
1955,303.15789473684197,257.57474
1956,183.92105263157887,261.04358
1957,137.13157894736844,220.44551
1958,122.57894736842107,126.58888
1959,120.17948717948724,124.17639
1960,117.68421052631584,117.60329
1961,120.23684210526321,116.286934
1962,123.68421052631578,120.476006
1963,120.28947368421056,121.02454
1964,122.30769230769229,120.9758
1965,124.10526315789474,122.634384
1966,140.10526315789468,122.712616
1967,132.94736842105266,121.306564
1968,125.31578947368428,129.81206
1969,127.94736842105263,130.1393
1970,207.71052631578948,131.35442
1971,286.66666666666663,133.4166
1972,318.6052631578948,282.6137
1973,336.6842105263158,255.72083
1974,320.7368421052631,302.5559
1975,293.92105263157885,255.73431
1976,260.1578947368422,255.58508
1977,230.97368421052636,223.45502
1978,192.8205128205129,212.01895
1979,182.94736842105266,199.29747
1980,191.81578947368416,179.46338
1981,172.10526315789474,173.56435
1982,165.2631578947369,167.48584
1983,164.3157894736842,169.44673
1984,168.6052631578947,165.80128
1985,163.23684210526318,168.13072
1986,152.3947368421052,161.80798
1987,146.50000000000003,162.96307
1988,150.63157894736844,146.42596
1989,189.51282051282047,148.25316
1990,255.26315789473693,202.81421
1991,184.65789473684214,205.0774
1992,140.4736842105264,168.60654
1993,130.55263157894737,169.43117
1994,131.1282051282052,130.51022
1995,128.8421052631579,128.56613
1996,122.34210526315783,124.01936
1997,213.78947368421052,121.23005
1998,156.73684210526315,243.89609
1999,147.35897435897442,241.24098
2000,170.84210526315795,144.65971
2001,155.71052631578945,142.8789
2002,165.07894736842098,149.30702
2003,122.3947368421052,145.96666
2004,116.44736842105262,112.15473
2005,109.6315789473684,113.94875
2006,109.71794871794874,107.17607
2007,109.07894736842108,106.01008
2008,104.94736842105259,107.92773
2009,100.6842105263158,106.88923
2010,99.05263157894733,101.212395
2011,99.55263157894734,102.58905
2012,113.34210526315788,100.409615
2013,232.60526315789468,101.179985
2014,285.7179487179486,246.63943
2015,308.2631578947367,231.47997
2016,319.5135135135135,284.80136
2017,277.4210526315791,241.65929
2018,206.58974358974362,226.89966
2019,154.10526315789474,183.76196
2020,242.39473684210515,136.6782
2021,265.78947368421063,130.48589
2022,203.3684210526315,248.49637
2023,164.57894736842113,214.1376
2024,153.23684210526318,154.2642
2025,150.02631578947364,151.98552
2026,174.58974358974356,149.72177
2027,229.52631578947378,147.86595
2028,314.1052631578947,229.61514
2029,334.078947368421,220.11397
2030,303.1315789473683,321.98938
2031,296.02631578947376,300.79102
2032,320.65789473684214,273.2931
2033,324.9210526315791,247.42793
2034,290.9230769230769,296.6566
2035,257.60526315789474,266.77786
2036,240.49999999999991,242.64568
2037,221.05128205128196,227.38895
2038,222.8684210526316,213.06052
2039,292.00000000000006,208.50026
2040,293.8684210526317,313.77365
2041,262.66666666666674,316.16888
2042,275.5789473684211,254.9176
2043,297.47368421052624,255.65643
2044,311.7948717948717,302.782
2045,326.9736842105264,299.59232
2046,331.55263157894746,322.6047
2047,323.7894736842104,316.55197
2048,310.10526315789485,316.8945
2049,246.3846153846153,305.88434
2050,167.6842105263158,231.4058
2051,154.9736842105263,231.18074
2052,154.6052631578947,153.88583
2053,162.6315789473684,156.04398
2054,180.7105263157895,160.86214
2055,183.18421052631575,159.80829
2056,191.20512820512818,181.17021
2057,171.9736842105263,177.9371
2058,166.2631578947369,167.87872
2059,156.6052631578947,168.58208
2060,152.5526315789474,152.0434
2061,151.79487179487177,151.11017
2062,158.28947368421052,153.36877
2063,141.99999999999994,155.25189
2064,128.36842105263156,139.51283
2065,129.76315789473685,141.64484
2066,137.28947368421055,131.70428
2067,140.0526315789474,132.28444
2068,149.5641025641025,141.29063
2069,160.5,143.20297
2070,198.0263157894737,164.50162
2071,301.1842105263158,166.08438
2072,311.02564102564105,305.8818
2073,259.76315789473676,281.18008
2074,207.5526315789474,229.72401
2075,196.44736842105263,205.932
2076,191.84210526315783,185.92001
2077,206.81578947368416,173.00081
2078,210.28947368421055,202.9426
2079,189.17948717948715,192.65178
2080,201.99999999999997,181.28673
2081,168.921052631579,175.16039
2082,183.76315789473685,162.10976
2083,154.02631578947373,164.2052
2084,147.12820512820517,146.34001
2085,154.6052631578947,148.33492
2086,158.31578947368416,157.23354
2087,156.21052631578945,157.36241
2088,162.421052631579,157.14233
2089,143.94736842105263,159.35736
2090,145.05263157894734,141.99748
2091,164.18421052631578,145.41924
2092,174.8421052631579,170.8684
2093,189.6410256410257,172.70802
2094,180.0263157894736,193.52042
2095,312.26315789473676,194.65427
2096,320.1315789473685,330.16934
2097,323.34210526315775,301.23837
2098,324.3947368421052,300.48935
2099,283.33333333333337,267.49487
2100,211.39473684210523,252.73276
2101,181.7631578947369,228.56723
2102,175.3421052631579,173.6362
2103,153.4473684210527,169.85297
2104,171.51282051282047,147.2775
2105,148.1578947368421,148.11781
2106,146.21052631578954,144.30144
2107,161.78947368421046,148.0916
2108,185.2894736842105,165.9319
2109,170.5526315789474,165.1687
2110,140.0,163.7221
2111,132.15789473684214,161.41548
2112,133.8157894736842,133.23152
2113,150.52631578947373,134.67975
2114,289.89743589743586,156.10533
2115,284.26315789473676,157.32939
2116,310.6842105263159,270.29156
2117,263.86842105263156,255.96255
2118,174.23076923076923,234.75111
2119,150.86842105263156,214.50214
2120,151.94736842105263,143.16237
2121,147.84210526315783,137.84882
2122,152.26315789473688,143.72539
2123,162.69230769230776,139.9868
2124,192.6842105263157,159.32796
2125,207.78947368421046,152.19434
2126,197.3421052631579,196.16003
2127,188.4102564102565,180.36469
2128,176.68421052631575,179.88347
2129,161.81578947368425,173.82416
2130,157.89473684210532,158.18034
2131,151.5,157.7294
2132,146.15789473684208,150.526
2133,146.078947368421,150.44788
2134,142.4736842105263,147.39449
2135,150.6842105263158,148.19014
2136,169.43589743589746,154.34943
2137,141.0263157894736,155.66101
2138,142.57894736842107,135.76398
2139,161.78571428571425,139.28589
