,CO,NBeats
0,213.1315789473684,225.0759
1,214.07894736842104,227.96188
2,219.28947368421058,221.34343
3,200.78947368421046,225.65079
4,198.38461538461536,203.39293
5,219.05263157894743,207.47752
6,236.42105263157904,232.47629
7,227.56410256410248,237.67545
8,224.92105263157893,230.60501
9,257.3333333333333,233.1552
10,272.52631578947364,272.3089
11,239.974358974359,272.48096
12,221.13157894736847,234.75699
13,228.4102564102565,233.9586
14,233.3947368421053,237.90028
15,220.56410256410257,239.64938
16,261.1578947368422,222.38159
17,232.28947368421052,224.59775
18,241.948717948718,228.5426
19,215.94736842105254,229.18759
20,230.38461538461536,213.6556
21,210.5263157894736,216.98775
22,210.41025641025635,207.90976
23,209.73684210526324,211.68706
24,223.9230769230769,214.96632
25,257.15789473684214,220.38368
26,220.2105263157895,265.22577
27,204.87179487179486,267.60168
28,208.4210526315789,207.5651
29,204.2051282051283,212.26175
30,208.7105263157895,209.53795
31,208.48717948717945,213.56206
32,213.55263157894728,214.38754
33,263.578947368421,220.5075
34,298.1282051282052,278.49207
35,307.6052631578948,278.52664
36,231.6666666666666,300.92474
37,214.57894736842098,291.7787
38,208.78947368421055,216.55042
39,216.10526315789468,217.12274
40,208.66666666666666,218.22415
41,208.47368421052641,219.42809
42,208.6578947368422,211.00017
43,243.69230769230757,214.51308
44,248.34210526315795,250.6293
45,256.921052631579,249.34775
46,278.8157894736843,255.71097
47,326.2368421052631,253.96124
48,312.6315789473685,325.73962
49,288.57894736842104,313.991
50,296.34210526315786,278.04852
51,294.21052631578937,268.35812
52,247.60526315789468,285.2754
53,227.73684210526324,275.1299
54,228.2631578947368,228.63243
55,261.07894736842115,226.58594
56,300.55263157894746,260.0875
57,314.23684210526307,257.6054
58,318.6923076923077,308.75955
59,307.1578947368421,303.03488
60,310.5526315789472,298.93826
61,363.60526315789457,290.87473
62,275.1538461538462,348.03836
63,228.13157894736833,338.86383
64,212.55263157894743,227.31628
65,203.9736842105264,224.19489
66,205.6842105263157,196.66367
67,203.9736842105264,195.5892
68,191.47368421052636,203.72177
69,187.89473684210535,206.84073
70,189.23076923076914,187.30751
71,189.08108108108118,188.47427
72,187.73684210526324,190.0303
73,178.1794871794872,192.14595
74,176.7631578947368,180.09367
75,178.89473684210532,185.60674
76,187.71052631578948,186.78151
77,175.42105263157904,193.29951
78,170.35135135135138,177.34155
79,211.36842105263156,183.25484
80,210.10526315789465,233.12454
81,245.10526315789477,238.75473
82,261.73684210526324,259.17386
83,345.07894736842087,259.59814
84,252.05263157894734,347.56683
85,206.94736842105257,327.98395
86,198.3947368421052,197.83936
87,204.7368421052632,195.59276
88,206.08108108108104,204.14003
89,197.4736842105264,203.36058
90,219.07894736842113,196.24565
91,233.76315789473693,199.28465
92,217.1578947368422,233.72047
93,214.02631578947359,230.06339
94,201.52631578947364,214.02351
95,198.3684210526316,216.64246
96,190.7368421052631,202.87956
97,183.00000000000003,206.9914
98,183.59459459459458,188.57956
99,234.26315789473682,195.36362
100,240.02631578947376,251.6615
101,276.8421052631578,256.73376
102,288.0526315789472,285.56802
103,264.15789473684197,282.9366
104,216.57894736842104,255.60492
105,201.28947368421055,248.76399
106,190.62162162162167,200.57463
107,263.7948717948719,202.16614
108,307.10810810810807,272.19296
109,310.9736842105262,271.35455
110,297.1315789473683,291.3407
111,252.05263157894734,280.9199
112,251.55263157894728,238.84236
113,232.578947368421,233.8809
114,226.86486486486484,215.19264
115,242.36842105263165,215.89038
116,218.921052631579,244.67148
117,224.94736842105266,245.39676
118,239.4736842105264,224.60928
119,239.76315789473676,221.82297
120,221.86842105263156,239.97816
121,222.15789473684208,240.21523
122,213.44736842105266,227.11511
123,200.13157894736844,231.07343
124,202.2051282051283,203.33093
125,185.2631578947369,207.22096
126,194.578947368421,188.76065
127,253.97368421052647,193.90926
128,292.3421052631579,269.54556
129,261.0263157894736,273.27872
130,301.91891891891885,252.14099
131,276.41025641025635,248.75682
132,236.35135135135144,265.03998
133,210.49999999999994,258.12894
134,202.23684210526324,202.89838
135,216.28947368421044,204.22089
136,242.10526315789468,218.79713
137,229.84210526315798,220.19612
138,220.9210526315789,222.83049
139,225.49999999999997,223.07208
140,227.63157894736847,229.86333
141,233.76315789473693,232.21921
142,226.74358974358984,232.34781
143,233.78947368421055,233.66917
144,250.81578947368428,241.90706
145,269.4210526315789,244.40315
146,243.84210526315798,275.00366
147,213.8421052631578,273.35156
148,209.82051282051282,214.28252
149,216.89473684210523,216.61806
150,224.26315789473685,224.51802
151,256.4736842105263,227.40807
152,274.13157894736844,263.95288
153,277.57894736842104,266.67032
154,245.05263157894734,277.53998
155,242.1315789473684,272.5131
156,256.2307692307691,244.7388
157,234.68421052631584,244.67566
158,234.1052631578947,231.49457
159,269.58974358974353,231.73648
160,241.2105263157894,275.94504
161,224.89473684210526,276.0904
162,243.38461538461533,228.46858
163,259.657894736842,227.96957
164,242.89473684210517,263.8852
165,247.1794871794871,262.9688
166,222.00000000000006,252.4855
167,238.1025641025641,254.41272
168,268.2105263157896,247.21751
169,246.17948717948718,247.11525
170,204.5263157894737,244.5767
171,193.57894736842104,244.2802
172,195.1578947368422,200.43668
173,209.97435897435906,205.11826
174,215.2368421052632,215.16162
175,209.34210526315786,218.27495
176,229.84210526315798,212.28807
177,286.4615384615385,215.95473
178,305.5789473684211,296.26834
179,281.68421052631567,293.73523
180,244.65789473684202,266.76215
181,306.3333333333332,260.09863
182,311.42105263157885,315.13483
183,297.8157894736841,303.89005
184,251.47368421052641,290.60898
185,230.42105263157896,279.11255
186,218.2368421052632,227.8558
187,207.65789473684208,224.21309
188,201.8157894736842,204.79283
189,203.9736842105264,205.4109
190,232.2368421052632,205.51112
191,254.45945945945954,209.07657
192,276.0526315789473,255.34332
193,305.108108108108,253.57849
194,315.4999999999999,302.7162
195,280.81578947368433,296.0679
196,302.2631578947368,265.31165
197,273.7631578947368,257.80524
198,286.3783783783785,262.41202
199,265.9444444444445,256.33255
200,309.16216216216213,257.89078
201,304.1081081081082,253.84799
202,314.9166666666667,291.09265
203,289.81578947368416,285.18777
204,295.578947368421,281.8899
205,296.6842105263157,278.87354
206,270.4473684210527,291.51767
207,235.76923076923075,289.74185
208,194.6052631578948,230.7578
209,190.07894736842113,232.91447
210,183.65789473684208,189.66843
211,176.52631578947367,193.59055
212,174.65789473684214,174.44765
213,174.41025641025644,177.83275
214,170.02631578947364,177.48221
215,172.92105263157893,179.72816
216,177.65789473684214,175.81454
217,177.44736842105257,178.77608
218,162.76315789473685,180.01765
219,179.83783783783775,183.00394
220,171.52631578947367,193.65033
221,171.23684210526315,200.66754
222,163.71052631578942,176.89015
223,211.89473684210532,183.40288
224,213.78947368421052,235.71896
225,278.8947368421053,239.9688
226,276.7567567567569,296.0227
227,240.86842105263167,291.23434
228,267.3157894736843,228.1102
229,278.5263157894738,220.53256
230,232.89473684210535,270.2752
231,204.23684210526315,257.7899
232,200.71052631578954,203.04117
233,189.8378378378378,202.08125
234,180.8157894736843,187.40652
235,175.3421052631579,186.81305
236,182.63157894736847,178.82147
237,179.91891891891888,183.24417
238,181.94736842105266,181.86964
239,214.92105263157896,185.39761
240,296.4210526315791,227.26042
241,309.5000000000001,230.01036
242,312.6315789473685,296.7005
243,312.07894736842104,285.2043
244,313.4210526315789,290.1665
245,262.83783783783775,274.84195
246,303.5526315789472,242.26881
247,316.7105263157895,228.96632
248,317.02631578947376,293.9461
249,313.9473684210527,281.25198
250,310.9736842105262,285.92474
251,311.63157894736855,274.00543
252,313.4210526315789,308.2139
253,308.7368421052632,302.44223
254,272.3157894736842,305.69836
255,245.55263157894746,303.55374
256,227.1351351351351,243.55421
257,209.34210526315786,243.8271
258,202.7368421052632,204.2594
259,186.3947368421053,206.57997
260,173.7105263157895,184.30293
261,175.0526315789474,187.83214
262,185.42105263157896,178.79979
263,183.39473684210523,182.32356
264,185.4473684210526,184.28604
265,177.5526315789474,186.39859
266,187.60526315789468,179.80788
267,199.8421052631579,184.05907
268,200.65789473684214,207.93597
269,194.81578947368422,211.93686
270,217.078947368421,198.36003
271,200.55263157894743,202.83214
272,218.02631578947359,201.97563
273,224.99999999999994,205.28543
274,268.71052631578937,231.73251
275,262.32432432432427,234.64977
276,224.47368421052627,259.44714
277,279.4473684210528,255.70584
278,226.52631578947367,298.9079
279,218.72972972972974,295.71164
280,206.92105263157904,225.06256
281,229.0789473684211,225.64626
282,250.97368421052636,238.76195
283,234.68421052631584,241.44788
284,223.51351351351352,234.89812
285,227.6666666666666,235.86667
286,198.94736842105266,233.13196
287,186.21052631578945,233.46767
288,218.52631578947376,188.47354
289,210.36842105263167,193.23462
290,166.97368421052636,211.07425
291,148.6052631578948,214.3509
292,199.26315789473676,151.477
293,242.6315789473685,158.73534
294,190.10526315789468,246.4358
295,200.65789473684214,243.69861
296,211.15789473684214,208.8695
297,176.5526315789473,215.92796
298,164.73684210526312,166.13051
299,162.5789473684211,169.91283
300,162.81578947368425,170.20045
301,164.28947368421055,177.0595
302,164.81578947368428,170.19147
303,164.71052631578945,179.1769
304,161.84210526315795,171.63898
305,156.78947368421052,175.3176
306,155.13157894736835,160.26907
307,164.02631578947367,167.44836
308,165.52631578947367,172.01132
309,171.8717948717948,177.52542
310,175.78947368421055,181.63506
311,182.0,187.75397
312,182.4473684210526,192.45042
313,180.55263157894743,196.97295
314,184.50000000000003,186.54202
315,186.3157894736842,191.0945
316,187.57894736842104,193.61128
317,191.4473684210526,197.307
318,197.0263157894737,200.56683
319,205.28947368421046,205.50235
320,203.7894736842106,215.55905
321,193.40540540540542,219.43497
322,202.21052631578945,197.87659
323,256.55263157894734,202.78864
324,264.7105263157896,276.08878
325,286.84210526315803,275.65182
326,240.81578947368416,291.08105
327,227.89473684210523,284.77554
328,210.18421052631578,231.53365
329,211.31578947368416,229.47643
330,242.921052631579,215.72856
331,229.68421052631584,217.70706
332,209.4864864864864,227.15526
333,210.78947368421044,228.77783
334,204.55263157894734,216.93726
335,190.70270270270274,218.4169
336,189.60526315789474,190.27725
337,191.42105263157904,194.4277
338,192.76315789473688,199.11078
339,194.28947368421058,205.17444
340,201.36842105263167,201.22578
341,198.86842105263165,207.48811
342,193.44736842105272,203.89015
343,269.4210526315789,207.79036
344,323.421052631579,294.4235
345,335.3513513513513,294.97925
346,317.4210526315789,318.51984
347,317.0789473684209,300.84616
348,319.9210526315789,294.644
349,270.7894736842104,277.30106
350,341.7631578947369,252.94183
351,327.948717948718,241.9916
352,313.78947368421046,296.48376
353,266.2631578947368,283.34995
354,238.5526315789473,243.20984
355,220.42105263157904,234.0553
356,235.71052631578942,211.7291
357,228.44736842105272,214.5973
358,220.81578947368413,219.29977
359,225.40540540540542,222.86267
360,220.81578947368413,225.54355
361,203.86842105263162,228.63667
362,204.7894736842105,198.57326
363,209.5526315789474,201.30296
364,215.3421052631579,214.0548
365,285.49999999999994,218.27872
366,261.52631578947364,299.47693
367,229.3157894736843,300.2423
368,279.6842105263157,227.35413
369,283.89473684210526,226.94266
370,309.1578947368421,280.888
371,349.02631578947364,274.63126
372,316.4594594594595,332.92697
373,253.63157894736838,321.483
374,257.26315789473676,240.26125
375,243.23684210526315,230.80296
376,237.15789473684217,238.96837
377,239.15789473684202,239.56389
378,247.7027027027026,238.7861
379,254.92105263157896,241.62291
380,279.5263157894736,253.37213
381,271.921052631579,251.08786
382,269.2631578947368,268.2307
383,252.26315789473693,265.99625
384,245.70270270270268,248.6985
385,244.28947368421046,248.87393
386,246.50000000000006,246.56839
387,234.23684210526304,247.61919
388,243.18421052631567,235.70088
389,302.1842105263157,237.12718
390,301.0789473684209,307.7849
391,326.73684210526307,305.79794
392,337.3684210526316,323.46106
393,340.4864864864864,315.04712
394,340.5526315789472,325.76114
395,332.8684210526316,313.48697
396,339.4473684210528,317.14093
397,331.94736842105266,307.4302
398,288.57894736842104,317.2613
399,270.07894736842104,305.75616
400,288.3513513513513,268.2654
401,301.2105263157895,262.98022
402,305.26315789473676,297.32
403,300.55263157894746,293.8057
404,305.3421052631578,300.8542
405,296.97368421052636,297.34998
406,312.0526315789473,293.0823
407,303.7631578947369,287.9158
408,322.21052631578965,297.70657
409,277.7692307692307,295.39502
410,246.5263157894736,268.95978
411,273.97368421052636,266.0401
412,299.8684210526317,277.83923
413,315.3421052631578,278.3262
414,338.58974358974353,310.0857
415,330.4054054054053,305.48605
416,322.0263157894737,322.36414
417,289.7894736842106,314.3017
418,246.3846153846153,278.15
419,243.36842105263167,274.47488
420,272.57894736842104,241.39856
421,276.0789473684209,243.85892
422,249.42105263157904,268.36035
423,221.49999999999994,264.9308
424,203.18918918918922,219.26389
425,181.6052631578947,220.25104
426,192.21052631578956,174.15038
427,179.15789473684214,178.50746
428,165.84210526315795,179.22731
429,162.73684210526312,184.32297
430,156.78378378378378,168.01833
431,152.73684210526312,173.17844
432,151.2631578947369,155.44756
433,159.34210526315795,159.1395
434,161.8684210526316,167.19191
435,170.99999999999994,172.11958
436,156.5526315789474,178.62488
437,196.07894736842104,184.4589
438,246.5263157894736,216.03435
439,277.1842105263157,219.5786
440,253.28947368421046,277.0415
441,210.08108108108104,263.40085
442,173.6052631578948,197.88292
443,168.3947368421053,193.99571
444,165.78947368421058,167.25446
445,166.21052631578948,171.1362
446,163.65789473684214,162.40831
447,170.21052631578956,169.1267
448,168.6052631578947,171.64458
449,164.92105263157902,175.05952
450,166.23684210526312,165.6922
451,165.34210526315786,168.57143
452,167.36842105263165,167.81946
453,166.31578947368425,171.12404
454,184.0,172.78601
455,191.73684210526315,179.307
456,185.18421052631575,201.35762
457,179.52631578947364,204.76491
458,166.76315789473685,185.7398
459,153.13157894736838,191.50346
460,147.28947368421052,154.41595
461,142.97368421052636,162.06256
462,142.86842105263165,147.85252
463,145.4324324324324,156.97456
464,144.57894736842104,152.69698
465,146.10526315789468,161.0035
466,177.68421052631584,153.04295
467,209.26315789473682,158.40613
468,205.84210526315783,222.26216
469,209.70270270270265,219.70526
470,176.94736842105257,211.57716
471,155.89473684210523,210.13425
472,151.13157894736835,152.3784
473,158.4054054054054,156.59918
474,159.52631578947367,163.34523
475,162.13157894736835,170.25458
476,158.3783783783784,166.89957
477,148.8974358974359,175.80933
478,148.67567567567565,151.68732
479,156.5526315789474,156.35892
480,152.73684210526312,164.41992
481,153.07894736842107,169.05666
482,173.34210526315786,159.22905
483,177.28947368421058,165.94421
484,183.05263157894734,187.56429
485,172.84210526315786,190.60713
486,181.30769230769238,176.10391
487,193.15789473684214,180.71986
488,266.1315789473684,202.77798
489,248.5526315789474,203.75719
490,290.657894736842,239.84637
491,278.39473684210526,231.97385
492,313.3076923076923,263.09167
493,313.86842105263156,253.28506
494,318.51351351351354,293.89005
495,268.31578947368433,274.47287
496,217.78947368421058,250.41928
497,208.1842105263158,239.5346
498,201.42105263157887,206.23692
499,205.39473684210523,206.15202
500,195.84210526315792,202.20543
501,187.3421052631578,205.65015
502,174.10526315789477,186.57793
503,192.26315789473682,188.84007
504,195.0,197.35316
505,180.39473684210523,200.66536
506,178.21052631578948,176.81987
507,178.84210526315783,180.01523
508,170.57894736842098,187.33644
509,174.8684210526316,193.13898
510,238.54054054054063,182.0221
511,238.23684210526315,189.15231
512,260.78947368421046,237.29521
513,286.5526315789473,234.4918
514,213.0263157894737,286.54596
515,176.73684210526312,282.21393
516,172.89189189189193,165.88004
517,167.60526315789468,169.43896
518,165.50000000000006,166.26607
519,167.84210526315795,171.53136
520,171.28947368421052,167.76459
521,178.44736842105257,175.88043
522,177.945945945946,182.61598
523,178.71052631578948,184.05879
524,179.6315789473684,181.26994
525,174.0,183.49783
526,166.13157894736847,176.14238
527,163.13157894736838,181.2494
528,161.3947368421052,169.31276
529,160.07894736842104,176.71939
530,154.86842105263156,166.79013
531,158.65789473684208,174.5098
532,195.4594594594594,167.86024
533,167.15789473684217,175.5672
534,227.84210526315786,163.5249
535,279.8947368421052,167.47327
536,300.842105263158,287.80664
537,304.9736842105262,278.58664
538,307.44736842105254,287.40414
539,308.2631578947367,268.3907
540,308.5263157894736,291.80368
541,294.5526315789473,262.0927
542,216.76315789473693,277.11374
543,182.08108108108107,260.18176
544,178.15789473684208,181.41751
545,175.6052631578947,180.8533
546,182.64864864864862,171.1216
547,200.0789473684211,171.61382
548,201.7894736842105,202.16385
549,187.73684210526324,204.54129
550,180.89473684210517,181.92598
551,180.1842105263157,182.2502
552,188.57894736842104,180.54749
553,188.18421052631572,183.04115
554,187.63157894736838,191.64062
555,174.8684210526316,197.16913
556,176.71052631578954,178.74077
557,170.28947368421058,185.22064
558,248.57894736842098,175.5421
559,262.55263157894746,182.62643
560,245.34210526315786,260.28802
561,275.02631578947364,256.11746
562,215.99999999999997,281.35226
563,176.52631578947367,278.49533
564,167.81578947368425,165.22601
565,163.05128205128204,168.94576
566,159.56756756756752,165.03214
567,154.65789473684214,171.60747
568,152.52631578947373,154.90756
569,162.6315789473684,162.7752
570,163.7631578947368,170.27147
571,158.62162162162156,170.90611
572,148.81578947368428,159.05417
573,145.49999999999994,161.38075
574,147.86842105263162,148.73193
575,148.00000000000006,154.95937
576,153.89473684210523,154.19017
577,154.83783783783787,161.22073
578,150.44736842105263,163.47853
579,159.36842105263165,169.5891
580,203.49999999999991,171.64499
581,205.63157894736844,178.11145
582,184.26315789473693,208.90321
583,164.4210526315789,205.63734
584,162.421052631579,165.09673
585,165.97368421052633,169.95177
586,164.23684210526318,171.34868
587,161.0526315789473,176.38042
588,163.42105263157887,164.48569
589,176.84210526315792,172.32175
590,205.50000000000009,189.90398
591,210.84210526315786,197.38673
592,223.84210526315783,214.75812
593,188.25641025641033,215.81328
594,176.3947368421053,179.8576
595,179.57894736842104,181.48375
596,173.52631578947367,186.01804
597,166.89473684210523,191.1663
598,160.47368421052627,168.43379
599,154.2631578947369,176.04451
600,155.65789473684217,159.38962
601,153.49999999999994,167.03145
602,153.81578947368416,157.87367
603,155.99999999999994,164.71599
604,153.47368421052633,161.50363
605,152.60526315789474,166.94417
606,153.34210526315786,159.12831
607,153.92105263157902,165.67116
608,153.49999999999994,161.14442
609,159.8947368421052,167.33122
610,165.39473684210532,170.19104
611,185.15789473684208,176.64471
612,210.86842105263162,199.91179
613,223.97368421052636,203.36836
614,241.40540540540553,231.6458
615,220.8684210526316,228.44525
616,222.18421052631584,215.71939
617,200.66666666666666,211.18939
618,198.5263157894736,195.71526
619,189.15789473684214,194.6578
620,180.21621621621622,189.39207
621,169.71052631578954,193.74316
622,183.76315789473685,173.05339
623,187.1842105263158,179.74861
624,182.15789473684214,193.63641
625,197.81081081081078,199.21124
626,249.18421052631572,207.54097
627,225.18421052631578,213.59766
628,215.39473684210523,218.38309
629,213.5263157894736,217.58699
630,202.56410256410257,218.45204
631,191.6052631578947,221.17413
632,216.86842105263165,192.59488
633,250.6578947368422,196.97845
634,238.02631578947373,256.67953
635,298.8157894736843,258.1432
636,298.66666666666674,308.0888
637,309.02631578947364,306.70572
638,305.9210526315791,301.62054
639,300.4736842105264,289.1078
640,273.02631578947376,290.8
641,220.57894736842107,280.5066
642,210.31578947368422,214.41298
643,196.54054054054055,211.14134
644,185.9473684210527,194.26616
645,180.68421052631572,194.55055
646,181.23684210526318,181.58641
647,182.05263157894743,183.25484
648,185.2894736842105,184.31845
649,190.05263157894728,185.91754
650,188.6052631578948,192.875
651,176.36842105263165,195.70316
652,170.92105263157893,174.98097
653,172.9736842105264,179.75696
654,175.18421052631575,180.51387
655,194.1052631578947,187.0761
656,179.84210526315795,206.19533
657,239.86842105263162,212.4502
658,252.76315789473693,265.50772
659,272.73684210526307,268.79868
660,202.15789473684208,275.70972
661,169.68421052631578,268.93787
662,160.64864864864862,164.11961
663,156.3421052631579,167.95012
664,160.1315789473684,156.3168
665,163.0,162.91425
666,159.28947368421046,161.43655
667,161.24324324324334,167.85228
668,162.02564102564097,165.74426
669,159.36842105263165,167.25148
670,156.10526315789474,160.37073
671,154.6052631578947,162.27362
672,158.00000000000006,159.19296
673,164.48648648648648,165.41971
674,160.00000000000006,174.60338
675,243.86842105263162,180.99153
676,252.3421052631578,276.0502
677,276.7105263157894,275.13837
678,277.32432432432444,276.30588
679,303.3947368421054,265.214
680,296.2894736842104,292.30878
681,300.05263157894746,269.91306
682,301.0263157894737,284.04865
683,299.43243243243234,260.06998
684,299.0263157894737,278.19324
685,266.2631578947368,257.75113
686,190.57894736842096,249.7633
687,175.027027027027,238.80385
688,172.4615384615384,175.38104
689,166.1081081081081,178.18057
690,163.34210526315783,161.65706
691,161.3157894736843,163.37512
692,161.42105263157902,166.9291
693,156.3421052631579,168.18262
694,164.60526315789474,156.08485
695,168.23684210526312,157.03424
696,177.5263157894737,171.42456
697,179.28947368421046,171.63017
698,178.71052631578948,185.40866
699,171.0526315789473,190.28416
700,161.9210526315789,175.31404
701,168.13157894736847,180.64499
702,173.7105263157895,178.20166
703,230.7368421052632,185.15509
704,250.3947368421052,252.34021
705,210.1282051282051,254.14474
706,175.52631578947364,202.29907
707,159.73684210526312,203.08952
708,157.84210526315795,159.95137
709,147.86842105263162,166.46259
710,143.0526315789474,144.41745
711,141.2894736842105,152.68109
712,152.42105263157896,142.17133
713,166.50000000000006,149.02223
714,162.31578947368425,175.62538
715,159.71052631578942,178.81558
716,162.6315789473684,159.35327
717,153.421052631579,161.98907
718,153.57894736842098,154.68828
719,148.3684210526316,159.81729
720,146.47368421052636,153.34393
721,141.9736842105263,160.09663
722,145.23684210526312,149.36258
723,151.10526315789468,157.56694
724,143.55263157894734,162.44115
725,202.15789473684208,169.1307
726,224.18421052631587,230.13441
727,221.35135135135138,233.84238
728,179.0526315789474,219.45227
729,174.8684210526316,215.15005
730,174.36842105263162,179.27353
731,161.84210526315795,181.56763
732,154.76315789473688,157.0638
733,152.13157894736835,161.49597
734,153.99999999999994,152.85051
735,154.28947368421055,160.06726
736,156.921052631579,159.528
737,156.48717948717947,165.44186
738,160.6052631578948,161.72559
739,168.0526315789474,165.32811
740,167.5526315789474,177.3399
741,166.13157894736847,182.85529
742,167.5526315789474,171.78287
743,166.31578947368425,176.93661
744,159.4736842105264,174.17097
745,161.81578947368425,179.6268
746,156.39473684210523,170.9666
747,152.10256410256414,178.30312
748,148.2368421052631,158.47395
749,152.13157894736835,166.18271
750,150.6486486486486,161.90828
751,156.76923076923072,169.64655
752,160.05263157894734,166.18254
753,176.05263157894746,173.20758
754,243.1891891891892,189.29259
755,229.7631578947369,193.51186
756,264.9473684210526,224.74051
757,285.07894736842115,218.37294
758,238.3684210526316,275.52148
759,208.6578947368422,259.22076
760,191.0540540540541,200.73495
761,176.5526315789473,195.13168
762,174.55263157894737,171.7255
763,168.6052631578947,174.4282
764,166.1081081081081,167.9683
765,218.36842105263167,174.68788
766,202.60526315789465,229.97966
767,193.08108108108112,233.90802
768,186.34210526315786,189.45097
769,191.921052631579,191.82788
770,185.16216216216225,199.2784
771,177.26315789473688,202.20872
772,187.36842105263156,178.68474
773,190.9473684210526,185.30682
774,201.71052631578942,196.86543
775,209.2894736842105,200.96783
776,228.31578947368413,219.10616
777,246.00000000000003,223.54422
778,281.7368421052633,254.33066
779,232.36842105263153,253.05103
780,221.10256410256414,220.05649
781,205.97297297297294,217.8965
782,221.55263157894737,206.85008
783,224.18421052631587,209.51021
784,212.35897435897436,225.46582
785,204.84210526315795,228.34943
786,190.13157894736844,209.06857
787,200.18421052631584,212.99608
788,197.4210526315789,209.21753
789,188.50000000000009,214.46376
790,190.1282051282051,190.23175
791,186.3947368421053,195.89925
792,207.81578947368425,193.15494
793,192.5263157894736,199.15675
794,195.21052631578948,193.52118
795,194.5,198.14577
796,184.68421052631587,201.74765
797,192.23684210526315,206.87839
798,196.84210526315795,202.34457
799,268.6315789473683,208.66211
800,325.44736842105254,290.12173
801,338.92307692307685,290.00696
802,342.7894736842106,317.54535
803,282.2894736842106,302.5062
804,270.94736842105254,250.53693
805,242.921052631579,237.98483
806,219.71052631578956,229.82431
807,198.86842105263165,223.77312
808,204.36842105263153,196.03502
809,205.99999999999997,194.90997
810,176.10526315789474,199.16742
811,162.18421052631575,196.77405
812,158.21052631578942,162.08788
813,150.44736842105263,166.05165
814,143.47368421052627,150.157
815,138.0,153.45793
816,140.71052631578954,142.59613
817,155.3783783783784,147.29611
818,166.53846153846155,164.92564
819,178.97368421052633,168.8656
820,274.47368421052624,186.79347
821,315.7435897435897,188.70021
822,322.6842105263159,299.98468
823,331.42105263157885,276.84036
824,312.39473684210515,293.54904
825,293.1315789473684,262.68423
826,273.28205128205127,273.68787
827,273.92105263157896,236.70741
828,254.34210526315786,257.16922
829,206.42105263157893,240.4525
830,196.9473684210527,193.73268
831,225.57894736842107,188.34357
832,203.92105263157887,228.75409
833,196.07894736842104,230.55026
834,181.3947368421052,194.88687
835,156.2631578947369,198.13028
836,152.68421052631575,154.05792
837,168.13157894736847,157.13138
838,184.2564102564103,178.51979
839,189.5,183.88098
840,184.73684210526312,190.9422
841,193.1842105263158,194.60068
842,167.86842105263165,203.18176
843,136.84210526315783,206.78423
844,132.74358974358972,124.79634
845,138.31578947368422,132.85844
846,251.55263157894728,146.06981
847,258.15789473684214,154.77934
848,275.921052631579,245.00507
849,261.07894736842115,240.65836
850,224.0789473684211,239.03976
851,215.79487179487177,232.95016
852,175.18421052631575,196.23909
853,152.63157894736838,190.60939
854,146.9473684210526,141.5119
855,140.41025641025638,145.1524
856,144.57894736842104,138.49863
857,151.84210526315792,145.71036
858,159.49999999999997,159.23866
859,167.921052631579,161.1815
860,167.5641025641026,171.11804
861,159.49999999999997,169.61923
862,149.05263157894743,157.50542
863,144.68421052631578,160.19797
864,157.07894736842098,147.68893
865,166.2631578947369,154.42392
866,165.5526315789474,176.17694
867,192.97368421052641,181.42413
868,283.8421052631578,212.2376
869,301.2894736842105,217.50117
870,313.21052631578937,287.69278
871,304.2894736842106,269.21097
872,229.81578947368425,274.9475
873,180.0263157894736,253.4993
874,169.02702702702706,166.45247
875,171.7631578947369,163.16856
876,165.10526315789474,166.66295
877,159.84210526315795,169.77667
878,150.52631578947373,154.47986
879,145.23684210526312,157.2425
880,153.3684210526316,149.66216
881,148.21052631578945,149.48663
882,147.3684210526316,148.4245
883,147.4736842105264,148.18155
884,146.68421052631584,151.96616
885,148.05263157894734,157.09468
886,144.81578947368425,155.24214
887,145.8947368421052,161.40207
888,148.47368421052627,153.80238
889,154.7368421052632,160.26756
890,156.23684210526318,165.53384
891,150.65789473684205,171.77531
892,149.6052631578948,156.44386
893,151.9736842105264,162.23125
894,141.10526315789477,161.38913
895,141.1538461538462,167.31543
896,140.2368421052632,148.9372
897,138.4473684210527,156.75029
898,145.65789473684208,146.31938
899,245.47368421052627,153.52174
900,212.0789473684211,278.87283
901,221.34210526315783,275.0538
902,172.36842105263156,222.73766
903,157.5384615384616,220.73119
904,145.23684210526312,155.54382
905,142.23684210526318,157.87413
906,142.1842105263158,140.68814
907,153.39473684210526,148.2551
908,143.65789473684214,153.472
909,128.73684210526318,160.87209
910,129.63157894736844,127.59114
911,127.21052631578951,129.62277
912,129.68421052631578,131.0983
913,126.92105263157896,133.87172
914,124.21052631578945,131.54408
915,127.1052631578948,137.94008
916,131.10256410256417,135.85541
917,129.7105263157895,141.97173
918,129.40540540540547,135.78156
919,139.60526315789477,140.92113
920,227.4615384615384,148.99956
921,275.7894736842105,153.46335
922,298.2631578947367,266.42938
923,311.5,240.69705
924,310.842105263158,279.27533
925,299.3243243243244,247.50056
926,255.41025641025635,277.141
927,259.6052631578948,230.283
928,170.44736842105263,240.86378
929,162.37837837837836,216.82747
930,157.5263157894737,166.32852
931,171.18421052631575,164.54422
932,163.18421052631572,169.75145
933,164.0526315789473,169.03593
934,152.52631578947373,167.8939
935,152.34210526315792,167.77148
936,170.28947368421058,151.45374
937,175.00000000000006,151.35893
938,158.02631578947373,179.08986
939,155.94736842105257,178.47556
940,162.3947368421052,162.83421
941,150.2631578947368,170.12132
942,144.71052631578945,151.678
943,165.81578947368425,157.62474
944,247.73684210526324,182.06763
945,271.2631578947368,189.42226
946,291.578947368421,267.81274
947,181.00000000000003,256.99374
948,160.52631578947367,147.83177
949,153.0689655172413,146.18842
950,152.26315789473688,146.46683
951,146.39473684210532,152.57588
952,141.7368421052631,138.80273
953,141.71052631578948,147.41254
954,142.3421052631579,138.89943
955,146.83783783783787,143.08969
956,153.421052631579,147.1124
957,146.05263157894734,148.84598
958,142.63157894736847,142.14612
959,145.84210526315783,143.40176
960,153.84210526315792,154.35312
961,159.07894736842107,160.7554
962,163.23684210526318,167.84872
963,153.92105263157902,172.10971
964,206.6315789473684,160.44748
965,306.108108108108,165.54742
966,320.68421052631584,319.56934
967,328.5789473684211,298.76022
968,324.2631578947369,297.79944
969,294.3157894736841,270.36902
970,267.7105263157896,267.90637
971,259.657894736842,234.7821
972,215.05405405405403,249.12929
973,186.3947368421053,234.19168
974,175.9473684210527,183.61372
975,187.68421052631575,180.5442
976,166.18421052631575,187.66548
977,151.2631578947369,186.1022
978,141.57894736842098,152.19878
979,144.9736842105263,154.53357
980,142.07894736842107,151.38422
981,148.8108108108108,152.69963
982,160.81578947368422,154.6709
983,161.57894736842098,157.13364
984,176.078947368421,165.74724
985,183.00000000000003,167.97086
986,163.97368421052633,190.7181
987,163.1351351351352,192.59431
988,181.3947368421052,167.39429
989,267.421052631579,172.12228
990,270.921052631579,290.4003
991,186.34210526315786,276.85858
992,167.44736842105263,168.13652
993,171.54054054054052,169.10767
994,169.25641025641022,180.27957
995,169.13157894736838,185.65015
996,164.4736842105264,165.64954
997,166.78947368421055,173.22194
998,170.73684210526318,166.63364
999,170.49999999999994,169.97887
1000,168.31578947368425,173.65204
1001,175.8684210526316,178.94365
1002,168.71052631578942,179.15419
1003,165.3684210526316,182.41626
1004,162.60526315789468,171.45943
1005,159.26315789473688,178.30548
1006,161.44736842105266,165.66566
1007,166.4210526315789,172.61917
1008,169.92105263157902,175.738
1009,160.02631578947367,183.08632
1010,231.7105263157894,163.85732
1011,286.102564102564,170.17592
1012,301.4473684210526,293.1458
1013,262.3421052631579,281.14243
1014,204.02631578947373,239.94405
1015,199.34210526315798,230.92212
1016,187.84210526315786,198.95963
1017,186.0526315789474,196.33728
1018,174.05405405405403,180.82014
1019,173.92105263157887,184.16124
1020,169.36842105263156,173.05025
1021,165.60526315789468,177.86617
1022,160.31578947368416,169.17096
1023,157.47368421052633,172.09647
1024,154.68421052631575,160.23196
1025,144.57894736842104,163.1513
1026,146.57894736842104,146.21759
1027,180.89473684210517,152.72665
1028,233.8421052631579,199.86388
1029,264.07894736842115,204.87418
1030,188.21052631578954,266.98947
1031,171.52631578947367,259.9331
1032,164.71052631578945,168.98088
1033,151.578947368421,173.39206
1034,158.78947368421046,143.56877
1035,179.7631578947369,148.99054
1036,182.94736842105266,178.6977
1037,161.42105263157902,187.0434
1038,150.55263157894743,158.53592
1039,147.84210526315783,162.6165
1040,153.34210526315786,152.40273
1041,150.6052631578947,156.15936
1042,196.921052631579,153.20001
1043,283.3947368421054,160.49304
1044,289.1052631578947,297.07483
1045,218.44736842105263,287.41504
1046,167.52631578947373,191.48904
1047,159.68421052631584,189.72601
1048,154.23684210526315,156.25954
1049,153.5263157894737,159.52728
1050,150.84210526315783,147.86617
1051,162.1052631578948,155.67351
1052,223.24324324324323,157.87788
1053,222.65789473684205,162.74857
1054,195.26315789473685,214.2138
1055,204.1842105263157,211.87119
1056,176.44736842105257,199.36533
1057,173.86842105263156,198.49202
1058,201.71052631578942,173.33015
1059,208.47368421052641,176.83633
1060,190.64864864864873,205.90036
1061,184.36842105263162,207.77415
1062,204.7368421052632,190.48654
1063,221.34210526315783,198.60332
1064,275.52631578947376,228.96103
1065,310.18421052631584,228.79471
1066,307.55263157894734,307.7441
1067,327.60526315789474,299.08228
1068,290.8684210526317,310.14056
1069,238.31578947368413,293.00745
1070,245.7837837837838,225.18755
1071,250.71052631578948,219.04445
1072,260.5263157894737,245.63686
1073,264.8684210526316,243.17348
1074,233.26315789473682,259.90228
1075,207.2631578947369,256.66388
1076,220.47368421052624,204.79524
1077,221.49999999999994,205.11472
1078,208.7368421052632,219.61337
1079,197.1315789473684,222.20981
1080,213.05263157894734,200.26056
1081,226.26315789473685,206.29604
1082,219.92105263157887,232.64236
1083,247.73684210526324,234.26085
1084,295.18421052631567,257.2434
1085,293.7105263157896,259.74396
1086,270.1052631578947,287.66632
1087,242.07894736842093,279.61603
1088,232.6315789473685,237.97636
1089,304.05263157894734,236.50853
1090,322.5263157894736,309.80923
1091,331.63157894736855,302.99203
1092,335.1842105263159,319.73065
1093,322.94736842105266,307.69843
1094,306.05263157894734,298.55295
1095,270.9459459459459,285.74023
1096,227.94736842105272,257.1578
1097,211.6153846153846,255.68887
1098,217.78947368421058,211.1841
1099,241.55263157894728,212.00648
1100,237.44736842105252,237.42053
1101,256.31578947368433,235.1897
1102,247.07894736842115,257.90927
1103,248.65789473684217,257.80347
1104,233.78947368421055,246.76767
1105,231.76315789473693,244.95207
1106,238.94594594594588,231.51416
1107,240.3157894736842,233.43031
1108,242.99999999999994,245.31561
1109,302.52631578947376,246.29347
1110,308.65789473684197,310.67606
1111,320.31578947368416,307.02127
1112,306.0540540540541,314.23587
1113,291.4473684210526,303.40884
1114,279.7631578947368,285.3482
1115,251.34210526315798,278.22144
1116,237.34210526315795,246.65343
1117,223.8947368421052,244.21112
1118,209.47368421052633,223.62349
1119,214.71052631578956,223.23062
1120,197.86842105263162,215.55736
1121,192.07894736842107,215.89282
1122,189.81578947368422,192.57375
1123,177.18421052631578,195.59602
1124,190.7368421052631,178.01413
1125,182.3157894736842,181.91531
1126,172.10526315789474,184.80931
1127,155.47368421052636,189.4586
1128,154.7894736842105,156.36224
1129,151.10526315789468,162.83395
1130,147.84210526315783,155.67674
1131,145.8947368421052,162.27626
1132,146.0,151.2609
1133,146.99999999999997,158.99081
1134,255.05263157894734,153.66017
1135,223.55263157894734,160.27223
1136,267.10526315789474,211.62573
1137,243.2631578947369,204.97092
1138,205.50000000000009,221.80634
1139,176.92105263157887,214.0679
1140,159.31578947368416,162.41907
1141,155.5641025641025,162.63756
1142,155.86486486486496,150.36569
1143,156.13157894736835,155.98718
1144,175.36842105263165,154.34064
1145,170.94736842105257,163.59517
1146,140.5526315789473,170.66965
1147,134.8421052631579,172.86072
1148,136.1315789473684,133.41277
1149,137.97368421052636,138.25609
1150,142.07894736842107,141.02568
1151,156.31578947368422,146.70467
1152,171.7631578947369,168.6441
1153,230.92105263157902,175.8794
1154,285.3947368421053,250.46161
1155,299.1842105263157,247.94966
1156,274.8947368421053,277.1907
1157,219.44736842105254,255.07007
1158,181.94736842105266,202.19034
1159,160.86842105263153,188.65417
1160,149.13157894736835,152.22307
1161,144.94594594594594,153.43536
1162,145.94736842105263,140.86516
1163,152.92105263157896,146.82683
1164,150.8717948717949,153.85548
1165,142.35135135135133,154.65611
1166,138.39473684210523,141.42183
1167,131.42105263157893,140.73872
1168,128.05263157894737,129.34175
1169,115.05263157894734,131.36502
1170,106.84210526315793,114.276184
1171,102.55263157894737,121.57462
1172,99.52631578947364,106.371445
1173,98.07894736842103,114.84052
1174,101.47368421052632,101.89037
1175,101.42105263157897,108.704865
1176,101.2368421052632,104.24061
1177,100.28947368421049,108.713234
1178,105.15789473684214,98.18293
1179,102.7894736842105,102.396645
1180,104.55263157894738,96.23022
1181,106.36842105263155,99.21054
1182,106.65789473684215,100.34681
1183,104.34210526315792,103.50482
1184,103.6315789473684,97.10101
1185,104.55263157894738,100.844124
1186,170.68421052631584,99.639946
1187,237.1315789473684,103.59494
1188,236.13157894736844,228.09325
1189,242.43243243243242,200.87912
1190,180.23076923076925,218.65138
1191,148.0270270270271,195.98862
1192,135.7105263157895,140.93365
1193,132.5526315789474,134.74678
1194,134.34210526315795,123.436584
1195,149.7105263157895,125.67619
1196,153.84210526315792,149.65169
1197,158.51282051282047,160.70132
1198,146.92105263157896,161.81279
1199,144.35135135135135,160.71437
1200,154.0526315789473,142.07626
1201,158.68421052631575,143.8078
1202,182.21052631578945,163.00473
1203,234.63157894736844,165.49321
1204,266.89473684210515,251.73303
1205,295.7105263157895,245.61224
1206,236.36842105263165,289.59354
1207,263.2368421052633,271.12265
1208,280.0789473684211,267.2012
1209,303.7368421052632,250.80414
1210,283.0263157894737,289.96533
1211,267.43243243243245,262.86508
1212,276.7105263157894,250.73325
1213,269.65789473684214,241.34831
1214,214.3947368421053,259.29477
1215,176.23684210526324,251.16794
1216,259.3157894736843,174.17363
1217,308.28947368421063,178.18796
1218,313.76315789473693,290.70532
1219,312.4210526315789,285.92978
1220,311.55263157894734,299.79608
1221,276.42105263157896,295.34744
1222,198.8157894736842,257.4246
1223,167.5,250.43103
1224,170.72972972972974,158.07101
1225,160.31578947368416,164.2725
1226,158.39473684210523,155.93259
1227,166.21052631578948,159.30005
1228,166.3947368421053,174.24782
1229,160.76315789473682,174.90332
1230,219.73684210526307,157.97302
1231,246.3157894736841,157.71887
1232,301.34210526315786,244.78972
1233,240.84210526315795,235.78122
1234,216.10526315789468,212.86693
1235,185.18421052631575,207.27527
1236,214.47368421052641,173.59528
1237,217.52631578947376,173.89781
1238,176.86842105263153,207.47122
1239,183.1315789473684,207.57588
1240,159.13513513513516,189.49953
1241,157.46153846153845,195.95576
1242,154.7894736842105,160.23602
1243,150.578947368421,165.8815
1244,148.31578947368425,154.4741
1245,173.6052631578948,158.95982
1246,174.0263157894736,185.69098
1247,153.99999999999994,192.1773
1248,149.44736842105257,148.97516
1249,150.2105263157895,152.06705
1250,146.2368421052631,158.33809
1251,142.7894736842105,163.94255
1252,144.94594594594594,146.7196
1253,209.10526315789474,155.04652
1254,220.4615384615385,235.81961
1255,272.7567567567567,236.93805
1256,221.86842105263156,281.79822
1257,214.2051282051283,276.2135
1258,207.94594594594602,209.275
1259,236.47368421052641,204.03671
1260,245.73684210526307,237.58078
1261,257.5526315789474,226.70674
1262,189.8684210526315,248.9014
1263,182.79487179487185,242.85289
1264,183.18421052631575,189.0496
1265,209.0789473684211,189.17715
1266,212.13157894736838,216.60234
1267,209.10526315789474,218.78253
1268,211.2894736842105,212.28246
1269,221.13157894736847,216.77892
1270,231.97368421052627,228.56956
1271,216.78947368421055,229.59244
1272,189.31578947368425,213.8683
1273,154.81578947368422,214.9149
1274,140.10526315789468,151.65724
1275,150.55263157894743,158.33801
1276,158.31578947368416,159.61903
1277,196.84210526315795,167.75764
1278,303.3684210526317,203.46642
1279,306.57894736842115,208.9938
1280,313.64102564102575,279.81558
1281,239.3243243243243,268.6956
1282,245.47368421052627,194.60612
1283,177.57894736842096,188.04042
1284,170.99999999999994,145.935
1285,185.73684210526318,143.15134
1286,173.421052631579,177.83566
1287,157.44736842105263,181.99661
1288,153.07692307692304,150.90474
1289,144.2894736842105,152.31001
1290,160.23684210526315,149.06445
1291,182.5,150.49011
1292,157.83783783783778,185.8707
1293,143.7368421052632,187.3562
1294,141.2894736842105,140.45695
1295,132.35897435897436,146.4906
1296,131.68421052631575,133.4781
1297,128.83783783783787,140.4076
1298,136.42105263157893,134.3248
1299,168.02631578947364,142.92924
1300,278.2631578947369,186.49338
1301,295.15789473684214,190.75655
1302,249.5263157894736,277.62274
1303,203.23684210526312,258.43835
1304,201.9736842105263,180.57434
1305,218.26315789473676,174.46101
1306,242.02564102564105,210.17085
1307,209.36842105263156,196.19318
1308,188.18421052631572,181.26984
1309,177.48648648648646,179.77536
1310,163.43589743589743,176.5863
1311,151.29729729729735,179.72684
1312,143.921052631579,149.71858
1313,145.51282051282047,155.77577
1314,144.9210526315789,150.74718
1315,140.4736842105264,157.2067
1316,139.39473684210526,143.25102
1317,141.4210526315789,148.15501
1318,152.31578947368416,146.30617
1319,155.5526315789474,149.16573
1320,152.3947368421052,161.43863
1321,153.4473684210527,165.08572
1322,155.28947368421046,160.77074
1323,147.18421052631575,165.79922
1324,150.44736842105263,151.56894
1325,173.81578947368422,157.19783
1326,162.86842105263156,190.63416
1327,203.3684210526315,194.67511
1328,166.35897435897434,226.60577
1329,167.2105263157895,229.93442
1330,259.6842105263158,175.45251
1331,277.6052631578947,181.12416
1332,257.5789473684211,269.6445
1333,274.54054054054046,252.82346
1334,252.28205128205133,268.07816
1335,225.49999999999997,259.52396
1336,246.10526315789477,216.086
1337,276.1842105263159,206.77304
1338,238.89473684210523,270.7381
1339,239.84210526315783,264.73642
1340,254.68421052631578,241.65564
1341,228.15789473684217,240.09633
1342,243.36842105263167,225.08702
1343,235.1578947368421,223.83118
1344,225.36842105263162,237.13121
1345,233.99999999999997,240.3457
1346,243.40540540540533,241.6156
1347,240.68421052631587,243.93126
1348,241.4736842105263,243.66348
1349,204.23684210526315,244.0502
1350,180.7105263157895,202.63965
1351,295.68421052631567,206.3979
1352,292.28947368421063,316.70285
1353,313.5675675675675,318.01535
1354,300.4210526315791,311.12283
1355,300.078947368421,302.11395
1356,271.97368421052624,288.56937
1357,278.34210526315786,277.21207
1358,254.63157894736833,266.5627
1359,199.07894736842113,261.6801
1360,195.81578947368428,192.94054
1361,201.60526315789465,191.45413
1362,182.81578947368416,198.89494
1363,192.99999999999997,196.65952
1364,184.078947368421,196.65102
1365,199.02631578947359,200.4984
1366,235.97368421052627,202.74881
1367,195.63157894736835,203.68668
1368,156.1842105263158,186.9849
1369,142.13157894736835,189.19942
1370,168.59459459459455,142.62988
1371,186.1842105263157,150.6681
1372,219.05263157894743,189.7428
1373,204.60526315789468,193.56987
1374,238.842105263158,201.32025
1375,262.6052631578947,204.77052
1376,261.3684210526315,261.29507
1377,274.6578947368422,258.7457
1378,212.13157894736838,262.14377
1379,169.57894736842098,250.66089
1380,136.02631578947367,163.74623
1381,143.76315789473682,166.47624
1382,162.3947368421052,150.69614
1383,174.13157894736844,158.0265
1384,181.18918918918914,169.99011
1385,184.921052631579,174.98857
1386,151.65789473684217,184.3111
1387,132.4871794871795,182.23827
1388,136.8684210526316,117.28367
1389,141.99999999999994,121.872696
1390,129.10526315789477,146.59767
1391,138.07894736842098,151.55663
1392,153.02702702702706,148.72131
1393,163.97368421052633,159.2181
1394,243.2631578947369,174.03323
1395,295.657894736842,175.36853
1396,301.6578947368421,290.57266
1397,334.157894736842,271.5063
1398,297.3157894736842,299.5556
1399,205.81578947368425,264.75888
1400,199.40540540540542,181.81328
1401,204.76315789473682,165.6106
1402,190.42105263157904,193.01443
1403,174.78947368421055,189.36609
1404,170.65789473684205,173.2585
1405,166.47368421052633,174.71432
1406,175.71052631578942,169.38618
1407,164.73684210526312,168.71033
1408,145.1351351351351,163.964
1409,141.81578947368428,166.46317
1410,130.97368421052627,144.14134
1411,123.94736842105257,149.75177
1412,117.8421052631579,124.43878
1413,114.65789473684211,131.41618
1414,116.05263157894737,119.57036
1415,119.2894736842105,126.50566
1416,115.81578947368425,126.25871
1417,113.92105263157893,131.32535
1418,116.02631578947368,116.48448
1419,115.63157894736847,120.43343
1420,113.68421052631575,118.32313
1421,135.1578947368421,122.48598
1422,215.3421052631579,146.04167
1423,224.65789473684214,148.95612
1424,195.2894736842105,213.08946
1425,138.05263157894743,193.60434
1426,124.28947368421058,122.46001
1427,121.50000000000006,123.243
1428,120.94594594594595,116.23657
1429,123.52631578947367,122.13704
1430,123.89473684210523,122.03894
1431,116.05263157894737,131.31288
1432,117.39473684210525,118.442635
1433,125.18421052631581,124.35751
1434,122.23684210526318,129.44957
1435,116.97368421052633,129.31555
1436,113.60526315789477,113.74302
1437,117.97368421052636,117.79186
1438,117.44736842105264,123.50215
1439,116.60526315789477,128.82272
1440,118.44736842105257,120.19738
1441,125.61538461538467,126.04451
1442,123.84210526315792,131.48932
1443,122.55263157894734,135.3792
1444,117.8421052631579,125.9946
1445,117.21052631578945,130.60445
1446,113.65789473684212,118.63369
1447,112.00000000000004,123.40074
1448,113.21052631578944,114.7763
1449,116.3421052631579,121.00197
1450,112.76315789473686,121.60218
1451,109.47368421052632,127.09665
1452,101.8684210526316,111.58583
1453,98.47368421052629,117.51032
1454,104.81578947368419,96.60053
1455,109.10526315789471,102.92894
1456,108.15789473684207,111.97081
1457,105.71052631578945,116.45294
1458,109.31578947368422,104.24266
1459,118.13157894736837,109.316345
1460,125.78947368421055,119.24123
1461,123.31578947368419,121.23557
1462,137.578947368421,119.12692
1463,117.52631578947373,120.22014
1464,110.3513513513514,108.40209
1465,106.39473684210527,110.21985
1466,101.39473684210527,104.15018
1467,98.84210526315792,110.119415
1468,99.27027027027025,98.584145
1469,100.89743589743593,106.23019
1470,97.56756756756752,105.321976
1471,98.97368421052632,112.49891
1472,102.71052631578947,98.68448
1473,115.60526315789471,104.719376
1474,186.47368421052636,115.96945
1475,187.3947368421052,117.21849
1476,167.36842105263165,171.65398
1477,122.89473684210529,156.24725
1478,116.94736842105257,101.860115
1479,109.17948717948718,102.71531
1480,104.50000000000004,98.67676
1481,102.45945945945941,102.8137
1482,99.9210526315789,101.58357
1483,99.13157894736844,111.06654
1484,97.42105263157897,103.982956
1485,94.7368421052632,112.124825
1486,92.76315789473684,93.60435
1487,91.55263157894737,95.53826
1488,90.60526315789473,85.99039
1489,91.9487179487179,90.40961
1490,95.64864864864866,85.838524
1491,97.47368421052633,90.50864
1492,101.28205128205126,89.80346
1493,108.37837837837837,93.06031
1494,109.78947368421052,99.95206
1495,196.13157894736838,101.330284
1496,220.1025641025641,196.39809
1497,152.21621621621625,179.14397
1498,155.76315789473682,125.91914
1499,143.4210526315789,117.70925
1500,132.3157894736842,134.55034
1501,131.15789473684214,128.2636
1502,117.1842105263158,131.01562
1503,109.1842105263158,133.94464
1504,105.02631578947364,106.93122
1505,104.02631578947367,113.73349
1506,105.26315789473679,110.87011
1507,106.13513513513517,117.50879
1508,103.3157894736842,108.28847
1509,101.43589743589745,111.61644
1510,99.47368421052633,101.072716
1511,104.78947368421053,105.129875
1512,107.89473684210526,105.58611
1513,110.60526315789471,109.45611
1514,111.60526315789474,107.845505
1515,111.10526315789477,110.904724
1516,116.13157894736845,106.48284
1517,123.63157894736844,109.51139
1518,213.44736842105266,122.18312
1519,320.94871794871796,123.11566
1520,268.55263157894734,283.85553
1521,232.13157894736835,233.34813
1522,218.8461538461538,215.82216
1523,205.4324324324324,193.3636
1524,198.076923076923,199.45221
1525,181.05263157894737,175.04803
1526,175.89473684210526,158.1319
1527,165.3157894736842,154.38132
1528,150.99999999999994,162.09213
1529,165.1315789473684,165.06728
1530,145.5526315789473,178.15747
1531,141.1842105263158,181.7669
1532,152.5526315789474,142.1163
1533,151.44736842105266,146.95602
1534,170.7631578947369,156.3573
1535,176.48717948717945,160.1345
1536,195.13157894736838,182.4574
1537,201.99999999999997,186.09946
1538,206.50000000000006,207.17836
1539,233.15789473684208,205.50931
1540,288.8684210526315,245.68858
1541,345.44736842105283,239.51215
1542,326.73684210526307,331.26804
1543,262.56410256410254,299.26288
1544,234.34210526315786,238.83922
1545,240.86842105263167,225.1258
1546,238.30769230769235,240.61508
1547,205.9736842105263,234.80072
1548,175.26315789473685,201.83772
1549,164.38461538461533,202.7084
1550,151.21621621621625,164.00793
1551,154.63157894736847,164.69614
1552,149.65789473684217,159.64264
1553,151.73684210526315,162.60927
1554,144.2894736842105,155.615
1555,167.69230769230774,157.30673
1556,185.55263157894743,179.37442
1557,171.63157894736838,182.31421
1558,150.1578947368421,166.06625
1559,142.3947368421053,167.04976
1560,137.1578947368421,145.23221
1561,129.86842105263165,152.00919
1562,127.4210526315789,130.57097
1563,122.99999999999997,139.17259
1564,121.74358974358971,128.14958
1565,174.8421052631579,136.22609
1566,186.97368421052641,202.7725
1567,217.5526315789473,207.22981
1568,176.71052631578954,221.43764
1569,169.35897435897434,216.55116
1570,152.36842105263156,168.19849
1571,140.0,169.09154
1572,138.38461538461542,134.93134
1573,138.4473684210527,139.53246
1574,136.7631578947368,139.37099
1575,129.23684210526318,147.35307
1576,125.97435897435892,132.43776
1577,125.84210526315792,138.34775
1578,129.2894736842105,132.18405
1579,142.97368421052636,135.45148
1580,143.3846153846154,153.86151
1581,143.4473684210527,157.76868
1582,143.36842105263162,149.7439
1583,133.6923076923077,154.13968
1584,143.63157894736838,135.80428
1585,159.18421052631572,140.83022
1586,173.02631578947376,170.76283
1587,176.79487179487177,172.86139
1588,208.13157894736847,186.93188
1589,272.6842105263159,187.45004
1590,265.5263157894737,288.40366
1591,257.9736842105262,271.5677
1592,185.94871794871796,250.43713
1593,136.26315789473688,235.63982
1594,136.25641025641025,123.56065
1595,143.5263157894736,128.10007
1596,149.8947368421052,144.52242
1597,130.61538461538458,152.43854
1598,120.921052631579,123.46715
1599,115.60526315789471,128.68251
1600,115.3684210526316,123.620834
1601,145.1315789473684,122.10857
1602,155.39473684210523,158.44078
1603,131.76923076923077,155.51654
1604,129.0789473684211,126.60811
1605,124.36842105263156,130.14877
1606,128.69230769230765,127.5921
1607,128.6052631578947,133.47632
1608,144.2894736842105,130.01025
1609,168.34210526315792,134.86005
1610,144.68421052631578,181.82198
1611,176.56410256410263,180.90239
1612,169.0526315789473,200.35075
1613,162.9473684210527,205.87352
1614,157.07894736842098,161.67097
1615,187.10526315789465,162.25346
1616,227.53846153846158,203.84012
1617,206.8684210526316,204.0721
1618,244.26315789473693,203.76218
1619,279.2368421052631,200.5705
1620,278.79487179487165,282.46732
1621,184.23684210526324,268.59436
1622,156.1578947368421,159.69597
1623,143.3846153846154,159.49484
1624,168.86842105263153,142.7612
1625,173.15789473684208,149.59944
1626,139.82051282051285,165.95029
1627,131.7894736842105,173.09796
1628,120.71052631578954,132.85645
1629,122.23684210526318,136.60603
1630,132.3157894736842,121.40556
1631,128.39473684210523,123.44295
1632,124.3947368421052,131.0928
1633,126.65789473684214,133.71469
1634,128.73684210526318,133.71729
1635,129.2972972972973,140.03763
1636,137.63157894736835,132.1909
1637,147.5526315789474,135.08322
1638,155.25641025641025,156.90308
1639,191.21052631578956,158.88557
1640,304.1842105263158,209.17679
1641,327.28947368421063,206.80745
1642,338.0263157894736,291.99603
1643,334.76315789473693,252.13263
1644,307.2368421052632,291.91022
1645,305.5263157894736,248.77614
1646,245.02631578947356,289.74384
1647,182.63157894736847,244.80457
1648,182.2631578947369,166.37889
1649,191.52631578947367,160.0447
1650,193.63157894736844,179.86444
1651,215.2631578947368,177.5425
1652,197.89473684210523,215.7643
1653,187.21052631578945,217.74036
1654,184.1578947368422,182.13902
1655,177.5263157894737,182.27248
1656,186.91891891891885,175.50772
1657,202.7368421052632,178.87276
1658,213.0263157894737,209.87697
1659,227.65789473684205,215.29868
1660,228.8684210526316,238.24094
1661,211.945945945946,240.67624
1662,278.1315789473684,213.48984
1663,278.7631578947369,215.52904
1664,302.6052631578947,271.91995
1665,322.0263157894737,264.40005
1666,295.50000000000006,309.69962
1667,247.8421052631578,297.61697
1668,223.76315789473688,238.68936
1669,216.3157894736843,231.8849
1670,190.3684210526316,217.2331
1671,198.23684210526312,219.44345
1672,184.36842105263162,201.24919
1673,201.23684210526324,205.34328
1674,197.86842105263162,203.55724
1675,202.0526315789474,204.9674
1676,212.56756756756764,203.5038
1677,214.94736842105272,205.22006
1678,210.3947368421052,216.54767
1679,206.47368421052627,218.11084
1680,207.31578947368416,211.21912
1681,211.39473684210523,214.50256
1682,236.55263157894728,219.7315
1683,319.7105263157896,222.71355
1684,320.0526315789474,330.6233
1685,332.9473684210526,324.4022
1686,313.9473684210527,316.79797
1687,273.5405405405405,301.44736
1688,258.79487179487165,258.46143
1689,252.76315789473693,248.70288
1690,269.3421052631579,249.39622
1691,289.842105263158,246.01549
1692,272.02631578947364,282.2711
1693,275.78378378378386,275.3414
1694,253.34210526315792,273.2522
1695,246.921052631579,267.28848
1696,228.3421052631579,245.08658
1697,223.15789473684217,244.97095
1698,206.50000000000006,224.47307
1699,209.05263157894743,228.21693
1700,205.55263157894743,214.1753
1701,218.2894736842105,217.18839
1702,211.39473684210523,223.83206
1703,200.26315789473688,226.08022
1704,210.7631578947369,202.97609
1705,216.21052631578945,206.32861
1706,220.42105263157904,223.11404
1707,224.26315789473685,226.06691
1708,224.81578947368428,231.19237
1709,233.4736842105264,234.56407
1710,238.89473684210523,243.23634
1711,278.34210526315786,244.56107
1712,306.7631578947367,289.78842
1713,311.3421052631578,287.35086
1714,321.3684210526317,303.73877
1715,289.15789473684197,293.26166
1716,253.68421052631584,275.08542
1717,241.4736842105263,266.00726
1718,239.86842105263162,240.84816
1719,239.18421052631572,239.0448
1720,233.54054054054058,238.57353
1721,228.55263157894746,237.57625
1722,232.71052631578948,227.42465
1723,238.74358974358967,227.154
1724,230.3684210526316,239.86018
1725,215.94594594594597,240.73117
1726,219.31578947368413,215.14961
1727,208.86842105263165,218.46219
1728,216.36842105263167,212.72139
1729,219.97368421052636,216.5081
1730,227.36842105263165,226.43593
1731,224.027027027027,230.78116
1732,264.8421052631578,229.47327
1733,334.7105263157895,232.36667
1734,343.6315789473683,337.19827
1735,331.2368421052631,328.5871
1736,315.63157894736844,309.1956
1737,275.76315789473693,295.36166
1738,271.6842105263159,260.87543
1739,264.7894736842106,251.8359
1740,178.13157894736844,260.18115
1741,148.3684210526316,257.1114
1742,129.26315789473682,148.45137
1743,121.1842105263158,149.44771
1744,115.76315789473682,123.24596
1745,115.73684210526318,123.52734
1746,116.81578947368425,136.0389
1747,112.86842105263153,134.21571
1748,111.49999999999999,118.856445
1749,110.26315789473684,112.54954
1750,109.47368421052632,113.29001
1751,109.84210526315792,109.65729
1752,110.18421052631578,110.23603
1753,106.2894736842105,113.837845
1754,105.94736842105259,105.38309
1755,102.68421052631577,110.461334
1756,102.63157894736847,101.28614
1757,103.94871794871798,106.892235
1758,101.71052631578951,103.07599
1759,103.18421052631578,108.22195
1760,113.86486486486491,101.65742
1761,193.87179487179495,106.73279
1762,249.26315789473676,211.06845
1763,303.89473684210526,198.48158
1764,239.86842105263162,257.70422
1765,168.6052631578947,219.66791
1766,157.86842105263162,154.983
1767,134.81578947368422,142.12315
1768,117.60526315789468,120.041145
1769,114.28947368421055,117.978294
1770,108.92105263157892,108.63708
1771,108.34210526315793,118.5953
1772,107.18421052631582,106.68336
1773,107.9230769230769,106.7635
1774,115.34210526315786,118.79888
1775,123.71052631578948,113.96403
1776,126.76315789473682,125.491776
1777,128.3421052631579,123.77199
1778,128.07894736842098,127.03923
1779,123.55263157894734,128.18565
1780,118.02631578947363,120.53319
1781,109.47368421052632,122.90842
1782,110.64102564102568,106.7694
1783,172.21052631578956,112.23696
1784,166.28947368421055,197.76443
1785,124.60526315789477,196.27428
1786,115.60526315789471,118.23514
1787,111.0526315789474,122.85605
1788,107.36842105263162,110.435295
1789,109.92105263157892,116.38903
1790,108.3947368421053,112.265045
1791,103.56410256410253,120.23909
1792,102.31578947368423,102.356865
1793,101.1315789473684,108.5333
1794,101.2368421052632,105.287796
1795,107.23684210526312,110.45067
1796,112.50000000000003,106.84391
1797,109.65789473684211,110.28997
1798,110.97368421052636,106.09348
1799,115.31578947368426,109.20175
1800,110.60526315789471,113.6266
1801,103.47368421052636,116.32741
1802,105.36842105263162,95.37586
1803,102.2631578947368,99.76474
1804,104.35897435897441,97.91242
1805,106.36842105263155,102.5699
1806,145.5526315789473,107.618164
1807,162.36842105263156,113.31265
1808,131.15789473684214,164.21397
1809,107.50000000000001,157.03758
1810,99.73684210526314,95.958664
1811,95.86842105263153,101.12255
1812,95.34210526315788,86.72271
1813,89.99999999999999,92.99057
1814,85.52631578947371,88.72416
1815,84.68421052631581,98.05796
1816,84.72972972972971,83.56256
1817,85.51282051282051,91.34978
1818,95.76315789473685,84.54452
1819,89.45945945945941,87.055214
1820,84.63157894736842,77.65255
1821,82.39473684210526,80.23331
1822,80.28947368421052,66.211555
1823,76.52631578947368,70.388275
1824,75.36842105263156,58.38961
1825,75.23684210526318,62.565987
1826,88.3684210526316,59.757187
1827,166.81578947368428,64.69634
1828,189.55263157894737,163.23529
1829,125.26315789473676,150.62321
1830,101.65789473684207,87.24296
1831,108.18918918918918,82.98333
1832,100.78947368421055,83.679955
1833,93.89473684210523,83.73065
1834,92.28947368421056,78.759186
1835,99.57894736842103,81.2902
1836,98.94736842105264,88.478134
1837,97.39473684210522,94.201195
1838,102.8918918918919,98.05091
1839,103.15789473684215,102.7405
1840,90.57894736842104,96.60763
1841,90.97368421052632,97.07639
1842,95.81578947368418,82.07594
1843,106.8947368421053,87.21678
1844,114.97368421052633,100.671
1845,93.26315789473679,102.29204
1846,83.18421052631577,80.55356
1847,82.48648648648646,84.46598
1848,83.64102564102566,70.25541
1849,83.51351351351349,76.23474
1850,83.10526315789477,75.18798
1851,87.81578947368423,80.36149
1852,89.28947368421049,79.626236
1853,91.10526315789475,85.011185
1854,93.21052631578952,79.88217
1855,94.89473684210529,83.01673
1856,95.5789473684211,76.17685
1857,90.4736842105263,77.2927
1858,89.18421052631581,70.16895
1859,102.59459459459461,72.309814
1860,155.38461538461533,89.4889
1861,135.21052631578948,90.75811
1862,119.94736842105262,117.28414
1863,122.34210526315783,110.17143
1864,121.63157894736848,109.01048
1865,109.31578947368422,109.37439
1866,110.2972972972973,95.43543
1867,116.15384615384616,97.41392
1868,104.35135135135134,112.76507
1869,101.68421052631578,116.15803
1870,106.86842105263163,107.02238
1871,102.44736842105266,118.08534
1872,99.87179487179485,101.26772
1873,110.15789473684207,105.0457
1874,112.92105263157893,115.50164
1875,130.86842105263162,120.988525
1876,236.7894736842106,133.50877
1877,317.0526315789474,133.89194
1878,218.63157894736833,276.49826
1879,162.18421052631575,230.81808
1880,170.51282051282058,148.26811
1881,182.13157894736844,142.44713
1882,178.3589743589743,176.8303
1883,135.7105263157895,159.84758
1884,124.63157894736844,114.51254
1885,107.64102564102559,119.04221
1886,113.63157894736841,104.52942
1887,108.78947368421056,111.372284
1888,103.60526315789471,122.11023
1889,95.0789473684211,121.99152
1890,114.47368421052637,96.17715
1891,101.47368421052632,100.77674
1892,110.5128205128205,99.36044
1893,100.71052631578952,100.30854
1894,102.3421052631579,95.84948
1895,102.99999999999997,99.504875
1896,100.28947368421049,97.44347
1897,97.00000000000001,102.2192
1898,93.6578947368421,91.42826
1899,96.48717948717946,96.80172
1900,102.10526315789473,92.47476
1901,109.42105263157896,98.93337
1902,121.34210526315788,106.69974
1903,123.25641025641028,110.07364
1904,128.97368421052633,115.82593
1905,215.7105263157895,115.66501
1906,333.58974358974365,220.63101
1907,355.9736842105264,200.67001
1908,348.05263157894717,285.3575
1909,341.05128205128204,219.51602
1910,300.0,290.82465
1911,216.44736842105257,222.53629
1912,163.0,201.71547
1913,156.52631578947364,171.17683
1914,159.21052631578954,144.72539
1915,143.9736842105263,142.69551
1916,138.66666666666666,133.40976
1917,137.94736842105266,128.27013
1918,140.26315789473682,156.86037
1919,135.1578947368421,154.01154
1920,129.68421052631578,131.434
1921,128.68421052631575,129.01952
1922,125.02631578947373,130.8006
1923,118.71052631578951,131.50809
1924,113.82051282051285,120.98076
1925,105.3157894736842,128.18456
1926,100.76315789473686,106.32908
1927,102.92307692307696,113.565186
1928,104.28947368421048,108.025764
1929,169.42105263157893,115.4776
1930,286.78947368421046,195.60265
1931,293.26315789473676,192.57849
1932,245.13157894736838,245.40237
1933,170.68421052631584,215.49133
1934,160.3947368421052,144.81151
1935,137.2368421052632,136.73816
1936,139.7179487179487,117.332344
1937,156.21052631578945,115.57593
1938,152.05263157894743,135.61514
1939,127.36842105263156,140.44823
1940,114.39473684210525,116.33803
1941,116.17948717948717,118.496765
1942,113.50000000000003,121.899704
1943,118.92105263157897,121.944046
1944,121.1842105263158,121.7207
1945,122.07894736842101,126.008514
1946,125.89473684210532,127.51701
1947,129.3684210526316,132.13905
1948,134.28947368421055,134.80316
1949,120.81578947368423,138.40956
1950,125.69230769230762,115.25526
1951,235.9473684210527,118.423836
1952,315.421052631579,266.4569
1953,316.82051282051293,249.22238
1954,320.28947368421046,273.77213
1955,303.15789473684197,236.76897
1956,183.92105263157887,270.41226
1957,137.13157894736844,228.72655
1958,122.57894736842107,117.918365
1959,120.17948717948724,117.122406
1960,117.68421052631584,112.36253
1961,120.23684210526321,117.228714
1962,123.68421052631578,119.31279
1963,120.28947368421056,118.68747
1964,122.30769230769229,127.16173
1965,124.10526315789474,117.917076
1966,140.10526315789468,124.28529
1967,132.94736842105266,118.270325
1968,125.31578947368428,129.78137
1969,127.94736842105263,130.90337
1970,207.71052631578948,133.55342
1971,286.66666666666663,138.5175
1972,318.6052631578948,281.37518
1973,336.6842105263158,248.24095
1974,320.7368421052631,292.14355
1975,293.92105263157885,254.866
1976,260.1578947368422,268.5061
1977,230.97368421052636,223.39674
1978,192.8205128205129,209.61443
1979,182.94736842105266,189.63895
1980,191.81578947368416,177.47336
1981,172.10526315789474,175.1044
1982,165.2631578947369,167.24107
1983,164.3157894736842,165.09705
1984,168.6052631578947,172.0165
1985,163.23684210526318,174.3196
1986,152.3947368421052,161.85127
1987,146.50000000000003,163.95932
1988,150.63157894736844,149.73299
1989,189.51282051282047,154.59474
1990,255.26315789473693,208.29077
1991,184.65789473684214,213.3604
1992,140.4736842105264,165.50595
1993,130.55263157894737,165.61559
1994,131.1282051282052,130.7224
1995,128.8421052631579,139.74579
1996,122.34210526315783,123.924805
1997,213.78947368421052,132.45677
1998,156.73684210526315,225.24408
1999,147.35897435897442,230.76389
2000,170.84210526315795,133.1719
2001,155.71052631578945,140.69362
2002,165.07894736842098,146.78174
2003,122.3947368421052,143.55708
2004,116.44736842105262,111.06285
2005,109.6315789473684,117.14829
2006,109.71794871794874,109.96736
2007,109.07894736842108,118.51399
2008,104.94736842105259,116.50306
2009,100.6842105263158,122.72821
2010,99.05263157894733,104.188255
2011,99.55263157894734,110.752525
2012,113.34210526315788,99.11801
2013,232.60526315789468,103.45189
2014,285.7179487179486,246.7539
2015,308.2631578947367,225.39487
2016,319.5135135135135,244.20502
2017,277.4210526315791,208.16626
2018,206.58974358974362,249.61697
2019,154.10526315789474,203.71968
2020,242.39473684210515,133.47826
2021,265.78947368421063,121.1629
2022,203.3684210526315,204.59361
2023,164.57894736842113,185.9741
2024,153.23684210526318,147.08385
2025,150.02631578947364,141.09462
2026,174.58974358974356,146.35825
2027,229.52631578947378,150.58633
2028,314.1052631578947,230.76651
2029,334.078947368421,233.24577
2030,303.1315789473683,302.57635
2031,296.02631578947376,291.17853
2032,320.65789473684214,263.3115
2033,324.9210526315791,250.04248
2034,290.9230769230769,295.6974
2035,257.60526315789474,266.873
2036,240.49999999999991,236.41339
2037,221.05128205128196,224.27478
2038,222.8684210526316,208.46416
2039,292.00000000000006,202.72263
2040,293.8684210526317,292.83273
2041,262.66666666666674,294.2396
2042,275.5789473684211,258.5337
2043,297.47368421052624,254.34146
2044,311.7948717948717,297.9781
2045,326.9736842105264,291.9737
2046,331.55263157894746,312.89948
2047,323.7894736842104,306.44238
2048,310.10526315789485,308.179
2049,246.3846153846153,294.73492
2050,167.6842105263158,234.9921
2051,154.9736842105263,231.57658
2052,154.6052631578947,154.61452
2053,162.6315789473684,159.87589
2054,180.7105263157895,158.40918
2055,183.18421052631575,158.45905
2056,191.20512820512818,184.01675
2057,171.9736842105263,180.61404
2058,166.2631578947369,157.87953
2059,156.6052631578947,157.96817
2060,152.5526315789474,150.07198
2061,151.79487179487177,151.5666
2062,158.28947368421052,157.37901
2063,141.99999999999994,165.72543
2064,128.36842105263156,144.06253
2065,129.76315789473685,151.90018
2066,137.28947368421055,137.72937
2067,140.0526315789474,146.02834
2068,149.5641025641025,145.21368
2069,160.5,150.46214
2070,198.0263157894737,172.45172
2071,301.1842105263158,176.47183
2072,311.02564102564105,312.5247
2073,259.76315789473676,293.06165
2074,207.5526315789474,228.76125
2075,196.44736842105263,209.57793
2076,191.84210526315783,196.02551
2077,206.81578947368416,186.80487
2078,210.28947368421055,200.03722
2079,189.17948717948715,198.22462
2080,201.99999999999997,178.12648
2081,168.921052631579,178.11407
2082,183.76315789473685,165.40768
2083,154.02631578947373,168.25339
2084,147.12820512820517,148.23
2085,154.6052631578947,152.7252
2086,158.31578947368416,163.78331
2087,156.21052631578945,172.00537
2088,162.421052631579,159.6274
2089,143.94736842105263,165.89224
2090,145.05263157894734,143.3494
2091,164.18421052631578,149.50578
2092,174.8421052631579,175.95418
2093,189.6410256410257,182.32356
2094,180.0263157894736,197.54712
2095,312.26315789473676,199.57626
2096,320.1315789473685,347.51035
2097,323.34210526315775,332.97076
2098,324.3947368421052,295.53888
2099,283.33333333333337,269.44583
2100,211.39473684210523,252.33875
2101,181.7631578947369,226.65814
2102,175.3421052631579,176.27217
2103,153.4473684210527,172.5967
2104,171.51282051282047,146.58784
2105,148.1578947368421,146.3453
2106,146.21052631578954,149.26756
2107,161.78947368421046,146.21751
2108,185.2894736842105,173.49208
2109,170.5526315789474,174.60477
2110,140.0,160.78291
2111,132.15789473684214,159.35248
2112,133.8157894736842,134.83398
2113,150.52631578947373,143.20148
2114,289.89743589743586,159.95587
2115,284.26315789473676,167.39049
2116,310.6842105263159,258.76514
2117,263.86842105263156,241.76323
2118,174.23076923076923,220.19624
2119,150.86842105263156,211.40605
2120,151.94736842105263,127.29501
2121,147.84210526315783,130.07304
2122,152.26315789473688,132.45135
2123,162.69230769230776,137.33884
2124,192.6842105263157,150.07666
2125,207.78947368421046,156.36998
2126,197.3421052631579,200.08478
2127,188.4102564102565,196.3011
2128,176.68421052631575,176.96785
2129,161.81578947368425,175.69235
2130,157.89473684210532,158.93599
2131,151.5,163.94554
2132,146.15789473684208,154.22836
2133,146.078947368421,162.60411
2134,142.4736842105263,152.57753
2135,150.6842105263158,161.50763
2136,169.43589743589746,159.7821
2137,141.0263157894736,165.12161
2138,142.57894736842107,135.33841
2139,161.78571428571425,139.55904
