,CO,RF
0,213.13157894736855,221.81404170196691
1,214.07894736842115,226.5886395138249
2,219.28947368421058,217.11402059114863
3,200.7894736842104,223.9217970068753
4,198.3846153846153,213.0285050612025
5,219.0526315789475,239.61871858482255
6,236.42105263157896,236.96235405644052
7,227.56410256410265,246.1367166773914
8,224.92105263157907,245.49931606113523
9,257.3333333333333,265.86286529972085
10,272.52631578947376,272.9552402014412
11,239.974358974359,280.28229684878033
12,221.13157894736833,234.0117893931352
13,228.4102564102563,235.1226709450379
14,233.39473684210532,227.76018427485332
15,220.56410256410248,232.83016009997243
16,261.1578947368421,225.98078225989298
17,232.28947368421052,233.99118943528924
18,241.94871794871796,238.13456233217403
19,215.94736842105254,242.2910596993961
20,230.38461538461542,219.0047653211314
21,210.5263157894737,222.18577228146404
22,210.4102564102563,218.8971663239027
23,209.73684210526318,226.5894574306286
24,223.92307692307696,217.38567321639516
25,257.1578947368421,228.1784413129754
26,220.21052631578942,274.2075348418635
27,204.87179487179486,282.7318390389542
28,208.42105263157896,208.9719410915926
29,204.20512820512823,214.777669329533
30,208.71052631578937,207.1313874308904
31,208.48717948717933,209.86126179707935
32,213.5526315789475,207.32515669854138
33,263.5789473684211,213.77576640048648
34,298.1282051282053,267.2605505372698
35,307.6052631578946,269.9146170871479
36,231.66666666666663,302.80016177285114
37,214.57894736842093,288.8097481678534
38,208.78947368421058,209.11466197904087
39,216.10526315789463,206.91435855443103
40,208.66666666666663,215.05393766345856
41,208.47368421052636,212.1769390929132
42,208.65789473684214,204.4899922833198
43,243.69230769230757,200.21799088826248
44,248.3421052631578,247.3310243047764
45,256.92105263157896,233.65266094576077
46,278.81578947368416,258.7507192371505
47,326.23684210526324,255.91170697697157
48,312.63157894736855,318.7320673475622
49,288.57894736842115,309.3739431758414
50,296.34210526315786,275.8304206251206
51,294.21052631578954,273.5235297565947
52,247.6052631578948,286.3776264519386
53,227.73684210526312,276.7215967624287
54,228.26315789473693,222.22663145146453
55,261.078947368421,217.9307038833253
56,300.55263157894746,264.5948183521442
57,314.2368421052632,264.20932207371055
58,318.6923076923075,311.9364358501033
59,307.1578947368422,299.15782395686733
60,310.5526315789474,298.334523870173
61,363.60526315789457,274.46455609000526
62,275.1538461538461,328.3941391307789
63,228.13157894736844,297.944633295072
64,212.55263157894734,216.56483565990607
65,203.97368421052641,213.7358091647243
66,205.68421052631578,202.13629478928237
67,203.97368421052641,197.30257605982285
68,191.4736842105263,204.82617541583033
69,187.8947368421052,204.78890309663052
70,189.23076923076928,182.90378133670237
71,189.08108108108104,181.27428781953898
72,187.73684210526307,187.69318449088746
73,178.17948717948727,187.59516894662096
74,176.7631578947369,184.48048339495972
75,178.8947368421053,194.3618261307555
76,187.71052631578954,184.8511009813904
77,175.42105263157902,187.34867222796237
78,170.35135135135133,180.86595482613762
79,211.36842105263162,194.4766355191136
80,210.1052631578948,259.165394971927
81,245.10526315789485,284.2762367422285
82,261.73684210526307,245.89837664135234
83,345.07894736842104,241.8226978586938
84,252.05263157894728,316.3917415816744
85,206.94736842105272,283.4255670078263
86,198.39473684210526,192.49433728975214
87,204.73684210526318,190.11998957585507
88,206.08108108108115,199.66250981615087
89,197.47368421052647,194.41575138143747
90,219.0789473684211,195.49273993755554
91,233.76315789473688,195.6371621661308
92,217.15789473684208,226.05295851061476
93,214.02631578947364,219.6142088911904
94,201.52631578947364,209.76774425901186
95,198.3684210526315,203.32373856072138
96,190.73684210526324,207.53438050967685
97,182.99999999999994,215.0399137117525
98,183.59459459459458,184.97432842762754
99,234.263157894737,202.72366530470867
100,240.02631578947376,249.61550603860383
101,276.8421052631579,254.4428310198972
102,288.0526315789474,279.42876652944113
103,264.15789473684197,262.05308929692734
104,216.57894736842115,250.76623539940402
105,201.28947368421052,235.87327992679633
106,190.6216216216216,201.2856101482352
107,263.79487179487165,203.121786966164
108,307.10810810810807,274.06724045742845
109,310.9736842105263,256.14585423113965
110,297.1315789473683,304.82089797517926
111,252.05263157894728,288.58691695660514
112,251.55263157894728,241.6232038901012
113,232.57894736842098,236.2583012135206
114,226.86486486486496,224.28607567181615
115,242.36842105263156,219.99260216735638
116,218.92105263157902,242.23173010315662
117,224.9473684210526,236.40061390231358
118,239.4736842105263,224.79636408509003
119,239.76315789473682,221.81773541429698
120,221.86842105263167,229.26001590131074
121,222.1578947368422,224.47129050748168
122,213.44736842105266,231.47260968507663
123,200.1315789473685,235.87751633435477
124,202.20512820512818,217.04598151439637
125,185.26315789473676,232.77092583423115
126,194.57894736842093,189.1069369875696
127,253.97368421052624,196.8053576353953
128,292.34210526315775,251.22095009929342
129,261.02631578947364,253.23632864803454
130,301.9189189189189,260.5767757257664
131,276.4102564102565,245.07970442116152
132,236.35135135135135,249.8363307665337
133,210.50000000000006,233.38819267564838
134,202.23684210526318,206.97416051713924
135,216.2894736842104,212.10299165079743
136,242.10526315789468,214.40426879659287
137,229.84210526315798,210.1287614911318
138,220.92105263157907,224.30714859593638
139,225.5000000000001,221.32684198067926
140,227.63157894736855,224.4001954948214
141,233.76315789473688,220.68648141091063
142,226.74358974358984,232.25531975286162
143,233.78947368421058,233.05341099925465
144,250.81578947368433,245.46242645526536
145,269.4210526315791,261.23753292938636
146,243.84210526315786,274.0222924370509
147,213.8421052631578,271.6231378537854
148,209.82051282051293,228.2471352374469
149,216.89473684210537,232.49528889331378
150,224.26315789473688,221.4302964409942
151,256.4736842105262,226.3584743715375
152,274.13157894736855,266.77165541606615
153,277.5789473684211,277.2728714231586
154,245.0526315789474,277.676899218603
155,242.13157894736844,278.6119663096907
156,256.2307692307691,243.06308395227734
157,234.68421052631578,244.133314133466
158,234.10526315789463,228.35986772351686
159,269.5897435897437,233.88829785559545
160,241.21052631578948,277.8067848750012
161,224.89473684210532,272.6413671813847
162,243.38461538461542,225.6903543426892
163,259.6578947368422,231.51769433250576
164,242.89473684210515,267.7560631740005
165,247.17948717948718,271.1783345115636
166,222.0000000000001,250.51144593624684
167,238.1025641025642,254.0983111906096
168,268.21052631578954,245.4428470179642
169,246.1794871794873,257.42320812517676
170,204.52631578947376,245.95973752032836
171,193.57894736842104,248.80124031903006
172,195.15789473684214,209.5216555807038
173,209.97435897435895,223.69210616876518
174,215.23684210526324,219.81913670436415
175,209.3421052631578,214.58348622875462
176,229.84210526315798,216.31869176963193
177,286.46153846153845,225.23842673432455
178,305.57894736842104,291.61600271677383
179,281.6842105263157,289.68961599565705
180,244.65789473684197,277.2963367008556
181,306.3333333333333,279.08021132911904
182,311.4210526315791,300.7263086069714
183,297.8157894736841,293.7054823330841
184,251.47368421052636,282.50718258113716
185,230.42105263157902,271.9229694856731
186,218.236842105263,225.29978314138526
187,207.65789473684214,225.04383767371309
188,201.81578947368416,205.30478187314674
189,203.97368421052641,204.610459160777
190,232.236842105263,208.12042867504982
191,254.45945945945954,212.00328965589136
192,276.0526315789473,251.4036159549044
193,305.1081081081082,242.91111220101806
194,315.4999999999999,302.1250172315517
195,280.81578947368433,288.53406758056786
196,302.2631578947367,270.9192073620623
197,273.7631578947369,274.4320785608462
198,286.37837837837856,258.2478005258432
199,265.9444444444444,251.19500293825377
200,309.162162162162,253.63219138074652
201,304.1081081081082,244.90659820489645
202,314.91666666666686,305.0283907675156
203,289.8157894736842,297.01010172267695
204,295.57894736842104,293.3441103645035
205,296.6842105263157,293.6545246398572
206,270.4473684210528,293.90861216364726
207,235.76923076923077,289.77202203935377
208,194.60526315789463,227.9982480620032
209,190.07894736842115,233.04885256654472
210,183.65789473684197,188.50603135560647
211,176.52631578947364,187.2644018198974
212,174.65789473684222,175.2662219918116
213,174.4102564102565,176.25494009553853
214,170.0263157894737,173.89620048653342
215,172.92105263157907,176.25227056437834
216,177.65789473684217,172.31254977882554
217,177.44736842105263,174.12977792176875
218,162.76315789473693,182.01888812790946
219,179.83783783783775,188.18280991156365
220,171.52631578947359,203.6248171161253
221,171.23684210526324,236.18194870555578
222,163.71052631578954,172.0268751753447
223,211.89473684210515,184.22676970342286
224,213.78947368421058,259.81860529000284
225,278.89473684210526,276.04298317892
226,276.7567567567567,278.5598014501865
227,240.86842105263167,269.12392387862405
228,267.3157894736842,238.92727219632349
229,278.52631578947353,234.3575453862897
230,232.89473684210526,266.3148625150368
231,204.23684210526307,249.10515847020605
232,200.71052631578937,195.43677537897457
233,189.83783783783787,190.23235011266235
234,180.81578947368428,189.77969956809636
235,175.34210526315783,188.54498085729193
236,182.63157894736838,171.763838961595
237,179.9189189189189,174.19432827080024
238,181.94736842105266,182.78070613629433
239,214.92105263157896,185.4033151685822
240,296.4210526315791,230.77450507320697
241,309.5000000000001,227.67560660165304
242,312.63157894736855,301.34324169525735
243,312.0789473684209,280.59998275069387
244,313.421052631579,299.65802254667176
245,262.8378378378379,269.91928249314935
246,303.55263157894734,244.61460233810732
247,316.71052631578954,235.73678130331808
248,317.0263157894736,300.7543959158518
249,313.9473684210526,271.81862225632693
250,310.9736842105263,308.97828075383734
251,311.63157894736844,296.86011010786194
252,313.421052631579,307.31978379847914
253,308.736842105263,304.8423439937454
254,272.31578947368433,304.94296091900617
255,245.5526315789475,309.0267971838367
256,227.13513513513522,231.52362263532956
257,209.3421052631578,224.9508247027278
258,202.73684210526318,203.728020556895
259,186.39473684210526,202.6896230032417
260,173.7105263157895,185.35057809575085
261,175.05263157894746,191.03033999914635
262,185.42105263157896,170.62766837934007
263,183.39473684210526,169.78045690631245
264,185.44736842105266,185.05075932556286
265,177.5526315789474,185.92233278707107
266,187.60526315789485,177.85255848733732
267,199.84210526315786,181.90345093583733
268,200.65789473684202,211.20076339315546
269,194.81578947368428,225.4290394278578
270,217.07894736842098,199.87736385254647
271,200.55263157894728,210.69226791127068
272,218.0263157894737,207.06911831790808
273,225.0,214.42102113151714
274,268.7105263157895,234.78522089616854
275,262.3243243243244,243.2578440812419
276,224.47368421052647,273.01133328086905
277,279.4473684210525,265.95340045700857
278,226.5263157894737,292.823038456715
279,218.72972972972974,289.74992911723155
280,206.92105263157902,215.8836581544918
281,229.07894736842098,214.47568506801377
282,250.97368421052647,232.97557779551107
283,234.68421052631578,234.51915564788726
284,223.5135135135135,229.9394642425728
285,227.66666666666674,230.31962719632725
286,198.94736842105266,230.4612873968178
287,186.21052631578942,232.76685781658796
288,218.5263157894737,190.3782179917552
289,210.36842105263145,195.1723830912129
290,166.97368421052627,214.2151077156679
291,148.60526315789483,220.53539760142053
292,199.26315789473688,164.4073768917795
293,242.63157894736838,183.07879603421895
294,190.1052631578948,255.23630294324676
295,200.65789473684202,240.8903491225284
296,211.15789473684202,209.16406755705577
297,176.55263157894743,211.3886805932728
298,164.73684210526312,172.06673439875811
299,162.57894736842115,175.6132438490937
300,162.81578947368413,165.16071631786176
301,164.28947368421055,171.8333324472332
302,164.81578947368433,173.77550790740568
303,164.71052631578942,185.01131059962665
304,161.84210526315786,172.1155838809942
305,156.7894736842106,180.653120381392
306,155.13157894736835,161.19697605616662
307,164.02631578947367,167.31633453753957
308,165.52631578947364,171.40940174250457
309,171.87179487179495,179.6513336602605
310,175.7894736842106,179.8331483190674
311,181.9999999999999,203.7308813536058
312,182.4473684210526,189.51641439886794
313,180.55263157894728,203.88926223439336
314,184.50000000000006,180.31737953252002
315,186.31578947368433,183.34493895889239
316,187.57894736842098,185.51140093475254
317,191.44736842105254,185.42849420955412
318,197.0263157894737,190.83331645218647
319,205.28947368421046,193.8370631251364
320,203.7894736842104,206.14650321896733
321,193.40540540540536,203.87844672250588
322,202.21052631578948,198.695540155166
323,256.5526315789473,212.11948326098826
324,264.71052631578954,270.2206110993289
325,286.84210526315803,267.3887569657339
326,240.81578947368428,278.62866741195563
327,227.8947368421052,274.4950775012869
328,210.1842105263159,229.73696142942924
329,211.31578947368428,231.23212359356438
330,242.92105263157907,208.5852312477303
331,229.68421052631584,212.9502756283776
332,209.48648648648646,224.64178135553823
333,210.78947368421052,221.09242127966684
334,204.5526315789475,212.80176240389557
335,190.7027027027027,219.78857759187508
336,189.6052631578948,198.1207618463834
337,191.42105263157896,202.38864924060954
338,192.763157894737,193.28407481149617
339,194.28947368421058,196.10608322065525
340,201.36842105263162,200.5136294654131
341,198.86842105263156,206.7050897514889
342,193.4473684210526,203.14028092987172
343,269.4210526315791,209.41927189438974
344,323.42105263157913,292.9891290497123
345,335.35135135135147,309.76497697462145
346,317.4210526315788,304.9106823603102
347,317.07894736842115,279.4195815042818
348,319.92105263157913,308.405029239312
349,270.7894736842105,289.3426992778428
350,341.7631578947367,249.774906544379
351,327.9487179487179,241.0613298422644
352,313.7894736842104,301.6862137158256
353,266.2631578947368,268.6228858440977
354,238.55263157894734,235.93993231363106
355,220.4210526315789,222.46544121362462
356,235.71052631578948,222.51307779081748
357,228.4473684210526,224.59557337368932
358,220.81578947368433,227.73300697960133
359,225.4054054054053,225.56495846136482
360,220.81578947368433,223.1448454680882
361,203.86842105263162,221.03652485287006
362,204.78947368421052,203.6336989192913
363,209.55263157894728,210.71365260679943
364,215.3421052631578,214.57598242199913
365,285.49999999999994,216.13009312348157
366,261.5263157894736,289.0989710057318
367,229.31578947368416,286.83968884543043
368,279.6842105263157,226.79295669613737
369,283.89473684210526,230.74800895380912
370,309.1578947368421,288.3688039391482
371,349.02631578947387,288.7053226095232
372,316.4594594594594,322.93015346699156
373,253.63157894736838,301.8061746368039
374,257.2631578947368,239.38777354331557
375,243.23684210526307,233.5674673814234
376,237.15789473684208,234.25477303326238
377,239.15789473684214,230.51241880202952
378,247.7027027027026,238.62432498659524
379,254.92105263157902,239.81624293349518
380,279.5263157894738,255.88851777542857
381,271.9210526315789,252.95457270599974
382,269.2631578947367,269.18928470767463
383,252.26315789473676,266.76046490410323
384,245.70270270270277,258.28889117940855
385,244.28947368421063,259.83577527370096
386,246.5000000000001,245.29347159017522
387,234.23684210526307,249.21149587486047
388,243.18421052631584,236.92437963301825
389,302.18421052631567,239.65328397117685
390,301.0789473684209,314.7389049468133
391,326.73684210526324,321.3459199900183
392,337.36842105263173,319.87182280826016
393,340.48648648648646,313.87933231704045
394,340.55263157894717,319.4452558415947
395,332.86842105263173,300.65399347919157
396,339.4473684210526,311.556477733933
397,331.9473684210528,288.98871517376637
398,288.57894736842115,319.66994044602274
399,270.0789473684211,302.4091881504104
400,288.35135135135135,264.7798592840953
401,301.21052631578937,256.56476692871126
402,305.26315789473693,311.3600709112678
403,300.55263157894746,312.46927004742804
404,305.34210526315803,293.60992551725377
405,296.9736842105262,287.95948615492364
406,312.0526315789475,299.6211312928525
407,303.76315789473676,301.20804625722417
408,322.2105263157894,296.4091420055694
409,277.76923076923066,290.54037588937007
410,246.5263157894737,267.4100681366686
411,273.9736842105263,266.72495802178435
412,299.86842105263156,274.5554577287346
413,315.342105263158,269.0796780362588
414,338.58974358974376,325.2437027083789
415,330.40540540540525,322.59169064369127
416,322.0263157894736,333.1564798594988
417,289.78947368421046,324.4958605536178
418,246.38461538461542,280.47602962471495
419,243.36842105263145,271.1893421137131
420,272.57894736842104,236.05275269325512
421,276.07894736842115,234.03425127047245
422,249.42105263157907,268.7165940798235
423,221.5,261.6059464394703
424,203.18918918918922,217.8718972663038
425,181.60526315789468,217.17338192938848
426,192.21052631578942,180.7344426640558
427,179.15789473684208,184.75634223722273
428,165.84210526315792,176.23124698785782
429,162.7368421052632,174.11131201572144
430,156.78378378378386,168.24605709295201
431,152.73684210526318,176.86437038114192
432,151.26315789473685,150.58656264717516
433,159.34210526315795,151.18598306099565
434,161.86842105263167,170.48975830310624
435,171.00000000000009,184.99208872377733
436,156.55263157894728,180.71072759824693
437,196.07894736842098,227.15242330880335
438,246.5263157894737,240.32631978982653
439,277.1842105263159,259.9318044739306
440,253.28947368421063,265.6679570121271
441,210.08108108108104,258.9175239675876
442,173.60526315789483,200.4594250522112
443,168.39473684210523,207.39424319423978
444,165.7894736842106,164.7449298362838
445,166.21052631578945,160.25080446156448
446,163.65789473684202,166.9083634465725
447,170.2105263157894,169.53868602780582
448,168.60526315789474,170.645690867294
449,164.92105263157904,171.37774591658888
450,166.23684210526324,169.84264309367904
451,165.34210526315786,174.41047156411574
452,167.3684210526316,175.0301603130905
453,166.31578947368425,181.4173935740912
454,184.00000000000006,181.56070486185018
455,191.73684210526318,205.8800676826641
456,185.18421052631578,204.2038532201202
457,179.5263157894737,217.12630686708604
458,166.76315789473685,175.75578153653925
459,153.1315789473685,179.83165626349165
460,147.2894736842105,155.22530059158936
461,142.9736842105264,162.83961402489962
462,142.86842105263156,147.31948913816393
463,145.4324324324324,161.03712598163006
464,144.57894736842107,154.1942501452085
465,146.1052631578947,173.59290131323547
466,177.68421052631575,146.26964872844533
467,209.26315789473693,149.224033097168
468,205.8421052631578,239.88402664913127
469,209.7027027027027,238.07165625678715
470,176.94736842105254,220.09048327347006
471,155.8947368421053,219.08430701883788
472,151.1315789473685,154.031538315085
473,158.4054054054054,155.2421367771395
474,159.52631578947376,164.24530296711433
475,162.13157894736833,176.19383595971385
476,158.37837837837844,171.49603283802813
477,148.89743589743586,177.63620069106986
478,148.67567567567576,153.23019836598283
479,156.55263157894728,160.8541541206959
480,152.73684210526318,160.2351516699802
481,153.0789473684211,166.96140483666431
482,173.3421052631579,155.01588666228156
483,177.28947368421052,163.90583800377914
484,183.05263157894728,195.68976529185773
485,172.84210526315798,208.42173630244423
486,181.30769230769238,178.80145564274426
487,193.15789473684197,190.37696236162594
488,266.13157894736844,204.03090764369324
489,248.55263157894723,211.69808793983998
490,290.657894736842,231.49921887765402
491,278.39473684210543,223.88407958247865
492,313.30769230769243,251.0738571108949
493,313.8684210526315,232.29920722847072
494,318.5135135135135,306.4654345126241
495,268.3157894736842,290.4854814939607
496,217.78947368421063,237.68163571363095
497,208.1842105263159,221.49547504095005
498,201.42105263157907,201.56744298379027
499,205.39473684210515,197.17176054781123
500,195.84210526315798,208.33142277539127
501,187.34210526315786,210.1541006238857
502,174.10526315789477,183.4331787137832
503,192.26315789473676,182.70079630186098
504,195.0000000000001,192.1631046905967
505,180.39473684210515,189.5347845011367
506,178.2105263157895,176.88878995590883
507,178.84210526315795,176.67292862375163
508,170.57894736842115,182.8529855739135
509,174.86842105263167,186.15072340720172
510,238.54054054054058,178.38498369637554
511,238.23684210526324,189.0216905908485
512,260.7894736842105,244.25770664173905
513,286.5526315789472,240.86834510283148
514,213.02631578947364,280.03680008105124
515,176.73684210526324,267.96002496355857
516,172.89189189189182,170.8594874454405
517,167.60526315789483,170.27044582036075
518,165.5,167.19813682944664
519,167.842105263158,170.46078959601044
520,171.28947368421055,168.29971196328034
521,178.44736842105252,173.058203372212
522,177.9459459459459,178.27592594026024
523,178.7105263157894,179.4810394248089
524,179.63157894736844,178.32657556914216
525,173.9999999999999,178.45921861326266
526,166.1315789473684,176.88583662072432
527,163.1315789473685,182.33804531862415
528,161.39473684210532,164.9645788434511
529,160.07894736842098,173.31161847796366
530,154.86842105263153,163.786415515764
531,158.65789473684208,171.95949879984633
532,195.45945945945948,163.66047405257828
533,167.15789473684208,173.64058346366002
534,227.84210526315792,178.57370322135714
535,279.8947368421052,201.88619543621616
536,300.842105263158,273.4347019266083
537,304.9736842105262,263.9080642519445
538,307.44736842105266,295.8589577947796
539,308.2631578947369,279.95863514826743
540,308.52631578947364,285.21868993248404
541,294.55263157894734,265.1907556794735
542,216.76315789473676,276.5532559902566
543,182.08108108108104,264.55274888134284
544,178.15789473684217,182.35140449371704
545,175.60526315789468,180.5419283503632
546,182.6486486486486,174.7936467909926
547,200.07894736842098,178.30580071156848
548,201.78947368421058,207.57048201389335
549,187.73684210526307,207.1566322101599
550,180.89473684210526,185.6085051905926
551,180.18421052631567,184.375670321967
552,188.57894736842104,180.112526100855
553,188.1842105263159,183.57630525713176
554,187.6315789473685,190.17388557746466
555,174.86842105263167,193.85230312004506
556,176.71052631578945,181.84833114366018
557,170.2894736842106,190.15781654425325
558,248.57894736842104,170.58095708813084
559,262.5526315789473,176.23313756371576
560,245.3421052631578,253.29827955784953
561,275.0263157894738,231.8355934387764
562,216.0000000000001,269.8408716828727
563,176.52631578947364,254.54864009798075
564,167.81578947368413,169.90778591471366
565,163.0512820512821,169.454495085139
566,159.56756756756752,164.33929959568437
567,154.65789473684217,171.78014121085846
568,152.52631578947376,152.08442830787607
569,162.63157894736852,153.3392800532075
570,163.76315789473685,169.12154991360956
571,158.62162162162153,171.4709962835026
572,148.81578947368413,159.93550241171812
573,145.49999999999997,163.53122404681386
574,147.8684210526316,150.92970938273382
575,148.0,162.3344106041242
576,153.89473684210526,148.86996624105913
577,154.83783783783784,151.14141090486714
578,150.44736842105254,152.00532012050428
579,159.3684210526316,155.20658922505413
580,203.5000000000001,184.48295762537475
581,205.63157894736838,204.96930693839113
582,184.26315789473693,206.4271497712333
583,164.42105263157904,212.34019638005344
584,162.42105263157904,162.57444294330082
585,165.97368421052636,165.7340525676982
586,164.23684210526315,172.50784360007088
587,161.05263157894737,187.27525740836103
588,163.4210526315789,163.46723862891372
589,176.8421052631578,168.30120299886505
590,205.50000000000006,198.37312754416837
591,210.84210526315803,219.10021991431398
592,223.84210526315803,221.52403736598433
593,188.25641025641022,222.24935578209067
594,176.39473684210535,189.50012001211905
595,179.57894736842093,194.61605492070612
596,173.52631578947367,196.41268520133377
597,166.89473684210537,209.47856103146563
598,160.4736842105263,171.53776337440675
599,154.26315789473682,176.1584812413015
600,155.65789473684217,154.29266392667682
601,153.5,155.29514779923474
602,153.81578947368428,152.17236264849163
603,155.99999999999991,152.7225961266724
604,153.47368421052627,158.26235957797718
605,152.6052631578948,160.5212049172062
606,153.34210526315798,155.7416241420785
607,153.92105263157893,160.16715423670942
608,153.5,156.7927494998093
609,159.8947368421053,172.1738833840832
610,165.39473684210532,184.60643021802628
611,185.15789473684202,204.26017203755498
612,210.86842105263167,219.5153420093843
613,223.97368421052624,239.29441788517107
614,241.4054054054053,234.13231988804853
615,220.86842105263162,238.58243495611566
616,222.18421052631567,212.1161720418125
617,200.66666666666669,214.24522632881434
618,198.52631578947359,202.0200629988861
619,189.1578947368422,208.02720170804582
620,180.21621621621625,190.39878156797243
621,169.7105263157895,192.78345516495955
622,183.763157894737,169.48132033347764
623,187.18421052631572,171.9311252086565
624,182.15789473684208,197.38325811636997
625,197.81081081081084,207.89729402778363
626,249.1842105263159,204.62456769310916
627,225.18421052631572,212.54902652040528
628,215.39473684210537,230.19579508594558
629,213.5263157894737,232.17739280819632
630,202.5641025641026,211.36415937657563
631,191.60526315789468,206.32278851981704
632,216.86842105263162,193.92500985166146
633,250.65789473684214,196.74956333433414
634,238.02631578947364,241.6736044988357
635,298.8157894736841,251.27204045342324
636,298.66666666666663,311.3674049131054
637,309.0263157894736,308.8529677191263
638,305.9210526315788,301.52813645398885
639,300.4736842105262,279.9703194745823
640,273.0263157894737,273.2363370216423
641,220.57894736842098,254.59954687560725
642,210.31578947368422,214.62663913605138
643,196.54054054054058,215.48691466834902
644,185.94736842105272,191.43276111626727
645,180.68421052631567,190.56485728898707
646,181.23684210526318,182.8631790509512
647,182.05263157894734,180.2629640334219
648,185.2894736842104,183.8786995491052
649,190.0526315789474,183.98632167071946
650,188.6052631578948,189.40622209608892
651,176.36842105263165,185.9582809731928
652,170.92105263157904,176.78438519919058
653,172.97368421052644,187.52127326275678
654,175.1842105263158,178.67193089011496
655,194.10526315789474,190.1722494965599
656,179.84210526315786,228.02702066420983
657,239.86842105263156,239.83843080189064
658,252.76315789473676,236.60613452316989
659,272.73684210526307,279.1664461912675
660,202.15789473684197,263.84552453230134
661,169.68421052631587,244.1975908448955
662,160.64864864864862,159.23700197314335
663,156.34210526315786,156.96691113646634
664,160.13157894736844,155.83307421300543
665,162.99999999999997,157.07941394822478
666,159.2894736842106,174.9271847492223
667,161.2432432432433,183.87511896832422
668,162.02564102564094,167.61460936505742
669,159.3684210526316,173.04223133243894
670,156.10526315789468,163.91624410926397
671,154.60526315789465,176.88978857804312
672,158.0,155.0710974102864
673,164.48648648648654,157.6171429530802
674,160.00000000000009,174.56160998366553
675,243.86842105263162,182.31230513024553
676,252.34210526315775,261.32200653684356
677,276.71052631578954,236.4358728761498
678,277.3243243243243,249.18541017572983
679,303.3947368421052,221.98387911540186
680,296.28947368421063,290.9002908949105
681,300.05263157894734,276.1345638065398
682,301.0263157894738,286.7006301786359
683,299.4324324324324,268.3838835012066
684,299.0263157894738,280.121608162716
685,266.2631578947368,261.60207881016134
686,190.57894736842098,259.5348280441039
687,175.0270270270271,249.97456323683207
688,172.4615384615384,169.2657942254174
689,166.10810810810815,165.81905375527276
690,163.34210526315786,166.81576379294336
691,161.31578947368416,165.50131070793893
692,161.4210526315789,162.84495423879193
693,156.34210526315786,168.15259568397872
694,164.60526315789483,160.6033129283154
695,168.23684210526312,165.66786340091036
696,177.52631578947376,169.1626719134773
697,179.2894736842104,168.65182514689207
698,178.7105263157894,186.97714485484414
699,171.05263157894728,197.39355047846783
700,161.92105263157904,170.64400131200486
701,168.13157894736835,175.32189341723506
702,173.7105263157895,173.831329451082
703,230.736842105263,185.88689978707043
704,250.3947368421052,278.6959522075632
705,210.12820512820514,274.5849530233755
706,175.5263157894736,206.5249456159521
707,159.7368421052632,194.4828490247928
708,157.84210526315795,156.39778994943748
709,147.8684210526316,154.50281998928145
710,143.05263157894734,146.74008024026202
711,141.2894736842105,146.82822950601124
712,152.42105263157896,140.610346970499
713,166.49999999999994,140.33587734839975
714,162.31578947368428,170.30637656177683
715,159.71052631578942,174.7226291955906
716,162.63157894736852,165.15079399163113
717,153.42105263157902,168.75019562216897
718,153.57894736842096,153.13187731051562
719,148.36842105263165,156.7381887068275
720,146.47368421052641,150.9107512634836
721,141.9736842105264,155.42867737034155
722,145.23684210526312,148.20846599054215
723,151.10526315789483,167.64001969646787
724,143.55263157894737,156.26150070243978
725,202.15789473684197,158.15506114590568
726,224.18421052631567,214.09999569979828
727,221.35135135135135,234.90429772515284
728,179.0526315789474,229.0326539883962
729,174.86842105263167,225.12249359601498
730,174.3684210526315,165.40357681262765
731,161.84210526315786,162.96197667747103
732,154.76315789473682,161.86938593132317
733,152.13157894736847,167.9967069384186
734,153.99999999999994,153.70999620770334
735,154.28947368421058,157.71317652869794
736,156.92105263157902,155.40236533085348
737,156.4871794871794,156.32992150711468
738,160.60526315789483,157.73591677925322
739,168.05263157894737,160.93617325384895
740,167.5526315789473,171.9221738797223
741,166.1315789473684,174.36393930431788
742,167.5526315789473,173.9530869621398
743,166.31578947368425,191.11020429629087
744,159.47368421052636,180.7994851505432
745,161.81578947368422,199.2071851195093
746,156.39473684210523,164.59466499077965
747,152.10256410256406,170.72994839249031
748,148.23684210526312,155.33748042201165
749,152.13157894736847,160.40531183194543
750,150.64864864864862,152.5797341244419
751,156.76923076923072,154.99013763555584
752,160.0526315789473,161.4990879178807
753,176.05263157894748,172.05274365076252
754,243.1891891891891,198.14019776506302
755,229.76315789473693,217.08681124881747
756,264.94736842105254,237.5100350037515
757,285.0789473684212,237.70946970837628
758,238.36842105263167,284.6679612841955
759,208.65789473684214,276.05789459438347
760,191.054054054054,212.9062931110878
761,176.55263157894743,220.53605394967286
762,174.55263157894746,181.67677181910193
763,168.60526315789474,190.23115375202133
764,166.10810810810815,172.67199162564472
765,218.36842105263145,179.08247853030258
766,202.60526315789468,235.70010265259526
767,193.0810810810811,221.08528638933387
768,186.34210526315792,193.62410407956781
769,191.9210526315789,194.74624457896414
770,185.1621621621622,193.39765312618857
771,177.26315789473693,197.64904463811968
772,187.36842105263156,182.12483149603662
773,190.9473684210526,192.12076898439938
774,201.71052631578954,195.4118151629326
775,209.28947368421046,204.40366734285146
776,228.31578947368433,219.34697275741826
777,245.99999999999994,241.04051839069223
778,281.7368421052632,239.36789612639774
779,232.36842105263167,251.75764580763547
780,221.10256410256403,220.05800880917883
781,205.97297297297297,220.21613504607114
782,221.55263157894728,205.52860063516715
783,224.18421052631567,205.64965711858832
784,212.3589743589743,225.1810463468684
785,204.84210526315798,226.20268858014072
786,190.13157894736844,204.56909566645663
787,200.18421052631567,206.3854662246885
788,197.4210526315789,205.35442241975136
789,188.5,210.48166953273773
790,190.12820512820514,194.26211756160814
791,186.39473684210526,199.19629996993882
792,207.81578947368428,189.4185399286216
793,192.52631578947364,191.7127659405882
794,195.21052631578954,198.16797947643113
795,194.4999999999999,203.04619701021556
796,184.68421052631578,205.15419484548005
797,192.23684210526307,216.81830307826016
798,196.84210526315786,203.20488105882413
799,268.63157894736827,218.20285416736886
800,325.44736842105254,294.62497289088293
801,338.92307692307685,301.50149112956314
802,342.7894736842107,315.70510528368663
803,282.28947368421063,275.5647901041361
804,270.9473684210527,265.03214407541503
805,242.92105263157907,251.50366610447082
806,219.71052631578942,229.56150372923696
807,198.86842105263156,233.14036893927118
808,204.36842105263162,187.4613545721324
809,206.0,183.21557929206188
810,176.10526315789477,208.87794948243675
811,162.18421052631587,210.57219933490813
812,158.2105263157895,163.18680115499419
813,150.44736842105254,172.53006578573047
814,143.47368421052641,149.83286193662227
815,137.99999999999991,148.31749119193046
816,140.71052631578942,138.81836339185804
817,155.37837837837841,139.38335832702205
818,166.53846153846146,167.37138178005662
819,178.9736842105264,170.6146879165225
820,274.47368421052624,192.39202962579867
821,315.7435897435897,194.10073345518197
822,322.6842105263158,311.1494000323919
823,331.42105263157885,293.143540362525
824,312.39473684210526,297.9844668996531
825,293.1315789473684,253.1794161054388
826,273.2820512820513,274.47404114735343
827,273.92105263157885,259.8934303897071
828,254.34210526315798,264.81343230752645
829,206.42105263157907,253.16642867193337
830,196.9473684210526,196.96038770838862
831,225.57894736842098,197.7585378581337
832,203.92105263157885,231.569026030854
833,196.07894736842098,227.38017896880694
834,181.39473684210515,196.27236193553335
835,156.26315789473676,205.03683669106294
836,152.68421052631584,154.60435268756407
837,168.13157894736835,160.3066059056213
838,184.25641025641028,175.82803660172436
839,189.4999999999999,185.11731244602743
840,184.73684210526307,192.99255333838187
841,193.18421052631572,195.92588445275976
842,167.86842105263165,200.9557101254943
843,136.84210526315783,206.8247061959314
844,132.74358974358972,134.3380819115807
845,138.31578947368416,134.03911818521382
846,251.55263157894728,139.9360717599115
847,258.15789473684197,142.5878602700184
848,275.92105263157896,246.6252231824443
849,261.078947368421,213.0767935245417
850,224.07894736842115,232.80954132050198
851,215.79487179487177,211.86557173074948
852,175.1842105263158,201.14291282320625
853,152.63157894736847,196.72285966805225
854,146.94736842105257,149.1775426542279
855,140.4102564102564,148.7392971621607
856,144.57894736842107,141.74764587464648
857,151.84210526315783,140.34143218343118
858,159.5000000000001,154.94459980066313
859,167.92105263157885,154.11782120506166
860,167.56410256410246,170.27412602121268
861,159.5000000000001,168.54510806171987
862,149.05263157894734,162.00544315073446
863,144.68421052631587,170.23545310408787
864,157.07894736842104,150.85196140042873
865,166.26315789473693,160.42764841480297
866,165.55263157894728,190.7065395435302
867,192.97368421052636,202.999224045961
868,283.8421052631578,241.98163297470074
869,301.2894736842104,254.8374420932284
870,313.2105263157896,290.1386917568595
871,304.2894736842105,274.24213306238937
872,229.81578947368433,292.4845212596517
873,180.0263157894737,253.7864409963836
874,169.02702702702697,177.21339034472845
875,171.76315789473676,179.3068516059276
876,165.10526315789468,166.98515938212364
877,159.8421052631578,166.03369676973347
878,150.52631578947376,160.47960409128504
879,145.23684210526312,162.73669015685536
880,153.3684210526316,152.11700708275941
881,148.21052631578945,158.9213909551786
882,147.36842105263167,149.84968600528066
883,147.47368421052641,152.57267093823546
884,146.68421052631575,149.104020653698
885,148.05263157894743,150.6507392266157
886,144.8157894736842,149.15871939118827
887,145.89473684210523,154.26876314544177
888,148.4736842105264,150.0356160512135
889,154.73684210526312,166.4783658501745
890,156.2368421052631,157.46276445518168
891,150.6578947368422,166.04354248631327
892,149.6052631578947,153.09260421031348
893,151.97368421052624,162.6812646082876
894,141.10526315789477,154.5120352399385
895,141.15384615384608,162.17110670015427
896,140.2368421052631,151.45025880222641
897,138.4473684210526,165.51215217667303
898,145.65789473684214,141.0010202712086
899,245.47368421052647,146.0116711190918
900,212.07894736842098,238.83000068618804
901,221.34210526315792,216.89029697644696
902,172.36842105263167,221.73702957802146
903,157.5384615384616,221.22696250208975
904,145.23684210526312,154.6341084118964
905,142.23684210526324,155.924271604946
906,142.1842105263158,160.90221484386015
907,153.39473684210535,178.53392926608305
908,143.65789473684202,173.54016347902765
909,128.7368421052631,178.14063740874218
910,129.63157894736838,125.37496914456713
911,127.21052631578942,128.1982088159935
912,129.68421052631578,125.0535909296045
913,126.92105263157904,128.4261337405571
914,124.21052631578948,128.13119375110574
915,127.10526315789465,131.09519079792818
916,131.10256410256417,127.48381917367237
917,129.71052631578954,128.6453667972726
918,129.4054054054055,128.1857612456519
919,139.60526315789474,128.91221168372815
920,227.4615384615385,151.917409160132
921,275.7894736842107,156.3964320188947
922,298.26315789473665,245.08156739004295
923,311.49999999999994,214.83453078782412
924,310.84210526315786,295.34446521116854
925,299.32432432432444,271.89410647514154
926,255.4102564102563,273.89748979806586
927,259.6052631578948,250.74636706511353
928,170.44736842105272,250.33346389382012
929,162.3783783783783,231.1078973038778
930,157.52631578947364,158.5559352887328
931,171.18421052631572,159.05593266695578
932,163.1842105263159,175.93947024632075
933,164.05263157894734,178.33499187936013
934,152.52631578947376,165.61133211877862
935,152.34210526315792,164.70386084617985
936,170.2894736842106,153.0629948633361
937,175.00000000000003,155.07904170018938
938,158.02631578947376,173.11578220322136
939,155.94736842105252,175.17783229595153
940,162.3947368421053,159.17919399037658
941,150.2631578947369,169.48900223761498
942,144.7105263157895,154.63465606857412
943,165.81578947368413,165.09123360931963
944,247.73684210526307,192.40719198428155
945,271.26315789473665,209.18975546907882
946,291.5789473684211,262.18352325326265
947,181.0,242.52815494060854
948,160.52631578947376,168.11271165093598
949,153.06896551724134,163.30241888032964
950,152.26315789473693,150.15033041549069
951,146.39473684210517,152.4632709838793
952,141.73684210526324,144.87583878910507
953,141.7105263157895,144.74703897502877
954,142.34210526315798,140.5589242254914
955,146.83783783783787,143.50207408425678
956,153.42105263157902,152.67396480405753
957,146.05263157894734,154.71868286053885
958,142.63157894736835,146.1362796932068
959,145.84210526315783,147.4283916827284
960,153.84210526315795,148.5685336527692
961,159.07894736842113,153.82385197216084
962,163.23684210526304,165.47897058922098
963,153.92105263157893,175.23528003280353
964,206.63157894736844,157.0657380617187
965,306.1081081081083,169.48876202501762
966,320.6842105263158,292.0918619450345
967,328.5789473684212,277.190778225013
968,324.2631578947369,311.07939006969985
969,294.31578947368416,275.7103646338799
970,267.7105263157896,276.73162296670887
971,259.6578947368422,262.05340156386234
972,215.05405405405406,256.01533645905823
973,186.39473684210526,249.31676934001098
974,175.94736842105266,188.3899653633335
975,187.68421052631572,193.76067243370795
976,166.18421052631584,186.49857826219937
977,151.26315789473685,189.01114512345782
978,141.5789473684211,156.97881647961358
979,144.97368421052636,170.30087609146648
980,142.07894736842096,149.64616586753684
981,148.8108108108109,156.03255906267464
982,160.81578947368428,157.9465699250527
983,161.578947368421,161.3118298856039
984,176.07894736842115,171.85851041918275
985,182.99999999999994,177.60211084250093
986,163.97368421052644,195.05578169458818
987,163.13513513513522,205.97435405720427
988,181.39473684210515,170.46029699104764
989,267.42105263157896,189.84016378042708
990,270.92105263157885,279.94718373518157
991,186.34210526315792,287.65484476039023
992,167.4473684210526,173.51346542240495
993,171.54054054054052,171.8594206040478
994,169.25641025641025,164.9494952714831
995,169.13157894736838,165.7217527995304
996,164.47368421052627,170.91751906410227
997,166.78947368421052,172.9333008918681
998,170.7368421052632,169.67597475689502
999,170.49999999999997,174.22742441825548
1000,168.31578947368433,173.28526522270255
1001,175.8684210526315,174.26113519493313
1002,168.71052631578937,175.43146673422072
1003,165.36842105263165,177.30946345382293
1004,162.60526315789468,174.8855892484978
1005,159.26315789473693,180.48677066131927
1006,161.4473684210526,173.90272575153875
1007,166.42105263157896,187.82014847354952
1008,169.92105263157904,168.99504021042125
1009,160.02631578947359,179.45443041989176
1010,231.71052631578942,173.68662565153664
1011,286.102564102564,185.40992195479186
1012,301.4473684210526,266.74653674865215
1013,262.34210526315786,250.88597583010034
1014,204.02631578947364,242.33978880296445
1015,199.3421052631578,229.235707958501
1016,187.84210526315792,199.15482626541842
1017,186.0526315789474,196.62724754841895
1018,174.05405405405415,184.41798358985488
1019,173.9210526315789,186.71485687389657
1020,169.36842105263162,171.27328053686065
1021,165.6052631578947,171.93886970467952
1022,160.31578947368413,165.30857607932575
1023,157.4736842105263,166.3467359322774
1024,154.68421052631587,158.35593104955723
1025,144.57894736842107,163.75691065964216
1026,146.57894736842096,152.2878226496779
1027,180.89473684210526,176.72215982241238
1028,233.84210526315786,216.31752897708253
1029,264.0789473684209,222.81631623363955
1030,188.21052631578942,267.71197812379853
1031,171.52631578947359,252.16289645617547
1032,164.71052631578942,159.21793435430808
1033,151.57894736842104,156.8074951218079
1034,158.78947368421058,148.7632004654811
1035,179.76315789473682,146.76247243804534
1036,182.94736842105254,188.94671414892412
1037,161.4210526315789,192.18185492130527
1038,150.55263157894737,161.39527712318755
1039,147.84210526315783,162.22919824525366
1040,153.34210526315798,146.1015639212451
1041,150.6052631578947,151.9792915005814
1042,196.92105263157902,150.25182345677175
1043,283.3947368421053,151.55496132809552
1044,289.1052631578946,290.7743845086788
1045,218.4473684210526,279.2288539743544
1046,167.52631578947359,187.49905140840661
1047,159.6842105263157,180.740893234694
1048,154.23684210526324,161.61984771972092
1049,153.5263157894736,164.7646368936775
1050,150.84210526315786,160.03858776261302
1051,162.1052631578947,167.51770518114196
1052,223.24324324324328,173.38431624323908
1053,222.65789473684197,182.0286960693379
1054,195.26315789473682,207.698298181942
1055,204.1842105263159,192.5663220280465
1056,176.4473684210527,212.10663457167595
1057,173.86842105263167,209.62238393175363
1058,201.71052631578954,170.910107571995
1059,208.47368421052636,167.57201873093695
1060,190.6486486486487,205.1228624958555
1061,184.36842105263156,203.1058422479967
1062,204.73684210526318,194.92226381759485
1063,221.34210526315792,204.98074753611183
1064,275.5263157894738,251.86066281657452
1065,310.18421052631567,269.47146600902624
1066,307.55263157894734,308.76861325995094
1067,327.60526315789474,279.87272176481997
1068,290.8684210526317,308.1869744261368
1069,238.3157894736841,286.59414922882587
1070,245.78378378378375,223.6507569227374
1071,250.71052631578948,233.5904382558889
1072,260.52631578947376,240.7080771877142
1073,264.8684210526316,233.40638233379377
1074,233.26315789473676,254.39244259891814
1075,207.26315789473688,247.69303807025733
1076,220.47368421052624,205.6245561539808
1077,221.5,210.82025138448176
1078,208.73684210526318,217.08815196970426
1079,197.1315789473685,216.34408904532592
1080,213.0526315789474,204.44051645116497
1081,226.26315789473693,210.96799532595332
1082,219.92105263157896,230.37608008467248
1083,247.73684210526307,232.20793677811696
1084,295.18421052631595,256.1682601976893
1085,293.71052631578937,271.24949718780806
1086,270.1052631578948,290.29831750505247
1087,242.07894736842093,281.85860482220926
1088,232.63157894736833,233.79508355666724
1089,304.0526315789474,230.0256985751746
1090,322.52631578947376,309.02603931517433
1091,331.6315789473685,303.95408066936164
1092,335.1842105263157,313.35885508162676
1093,322.94736842105254,294.4186589600616
1094,306.0526315789473,304.6451675838815
1095,270.9459459459461,285.8966542606006
1096,227.9473684210525,256.4643947454795
1097,211.61538461538476,253.22213318535773
1098,217.78947368421063,207.76523357214955
1099,241.55263157894734,208.8557321060107
1100,237.4473684210525,243.6626931786717
1101,256.3157894736842,236.59532479773281
1102,247.0789473684211,252.53166182076347
1103,248.6578947368422,243.01978433979184
1104,233.78947368421058,239.2377801157583
1105,231.76315789473688,233.84478070174862
1106,238.94594594594605,228.65504005717906
1107,240.31578947368416,229.0223672485343
1108,242.99999999999994,245.96300656060362
1109,302.5263157894737,243.95765073349884
1110,308.65789473684214,311.5167383222357
1111,320.31578947368433,317.01653310722014
1112,306.0540540540541,315.7402972887803
1113,291.44736842105254,296.45253248036823
1114,279.76315789473693,277.8114081682059
1115,251.34210526315803,268.4605738252966
1116,237.3421052631578,255.7734672880634
1117,223.89473684210526,255.37730243189634
1118,209.47368421052641,225.29221116359543
1119,214.71052631578954,225.82808510859923
1120,197.86842105263162,214.32402177259672
1121,192.07894736842104,214.30576421978725
1122,189.81578947368428,198.35534858556002
1123,177.1842105263157,200.7551261341904
1124,190.73684210526324,178.57597335540055
1125,182.31578947368416,179.02732335965095
1126,172.10526315789477,186.95882351397097
1127,155.4736842105263,195.79497220686903
1128,154.78947368421058,158.32097116066788
1129,151.10526315789483,167.3717399321756
1130,147.84210526315783,152.973229666718
1131,145.89473684210523,157.97065558423716
1132,146.00000000000003,151.19958969335985
1133,146.99999999999994,160.14036974398667
1134,255.05263157894734,153.0764665047331
1135,223.55263157894728,162.15702379685922
1136,267.1052631578946,236.1032603805158
1137,243.26315789473682,237.21125756278644
1138,205.50000000000006,226.70849195746757
1139,176.92105263157887,213.7534587037497
1140,159.31578947368416,171.04068460211644
1141,155.56410256410254,169.67200918860547
1142,155.86486486486484,154.18819179530337
1143,156.1315789473684,159.35116498473425
1144,175.3684210526315,157.0233820910338
1145,170.94736842105272,155.31091140057728
1146,140.5526315789474,169.3029198732481
1147,134.84210526315783,168.6867084771958
1148,136.13157894736835,148.38169625612312
1149,137.97368421052636,160.90697328151478
1150,142.07894736842096,146.2160133918116
1151,156.3157894736842,151.14040787444097
1152,171.76315789473676,166.61144780190233
1153,230.92105263157885,173.12796945798786
1154,285.3947368421054,240.91261255841704
1155,299.1842105263159,236.8299098204452
1156,274.8947368421052,281.7472195432793
1157,219.44736842105272,268.4144534032231
1158,181.94736842105266,197.3636290640336
1159,160.8684210526316,195.56847113045228
1160,149.13157894736844,155.042436533424
1161,144.94594594594597,153.5841290355126
1162,145.94736842105254,144.90660244394667
1163,152.921052631579,145.2876327799593
1164,150.87179487179498,157.66145965502605
1165,142.3513513513513,163.32799427577407
1166,138.39473684210532,153.21818520956546
1167,131.42105263157904,153.73504749093885
1168,128.05263157894743,129.69448510862443
1169,115.0526315789474,130.49641813140872
1170,106.8421052631578,119.84153233409111
1171,102.55263157894746,119.97798421618191
1172,99.52631578947361,115.39755171743568
1173,98.07894736842104,118.34521237810497
1174,101.47368421052624,116.20906858684705
1175,101.42105263157896,118.51873494435739
1176,101.23684210526326,116.55708522359106
1177,100.28947368421052,118.28045295129394
1178,105.15789473684208,126.45248524094961
1179,102.78947368421049,135.901899104577
1180,104.55263157894728,116.58219597138103
1181,106.3684210526315,119.01013079729182
1182,106.65789473684214,120.13969053688234
1183,104.34210526315789,124.359451574161
1184,103.6315789473685,123.20718975703946
1185,104.55263157894728,134.3021236514955
1186,170.68421052631584,125.25535765070958
1187,237.13157894736838,133.61231486014896
1188,236.13157894736838,219.0422303432312
1189,242.4324324324325,220.5121992915565
1190,180.23076923076917,232.02297014541028
1191,148.02702702702703,228.81417030272377
1192,135.7105263157894,151.49511714320082
1193,132.55263157894737,164.76248148439876
1194,134.34210526315792,133.2546106620817
1195,149.71052631578954,147.3894597583327
1196,153.84210526315795,175.6301074947458
1197,158.51282051282047,183.67010971757395
1198,146.92105263157887,163.99591082760517
1199,144.35135135135138,170.8271727766271
1200,154.05263157894728,144.80812643395078
1201,158.68421052631584,148.25250960473548
1202,182.2105263157896,165.88523515577182
1203,234.6315789473685,171.6430430944053
1204,266.89473684210515,242.40184015421448
1205,295.7105263157893,232.67800527133153
1206,236.36842105263162,271.47158785000147
1207,263.2368421052632,249.489776979496
1208,280.07894736842115,260.227585525388
1209,303.7368421052633,245.0317957011892
1210,283.02631578947376,281.25190185171107
1211,267.4324324324325,264.9367649360519
1212,276.71052631578954,250.63366398848643
1213,269.65789473684197,240.69784934935757
1214,214.39473684210532,267.9307723725894
1215,176.2368421052632,271.9968482267206
1216,259.3157894736843,168.5169827595319
1217,308.2894736842104,169.14820678243044
1218,313.76315789473676,305.7272540432784
1219,312.42105263157913,301.6352524743547
1220,311.5526315789473,300.3996834118198
1221,276.4210526315791,282.8990102288554
1222,198.81578947368422,258.4004019810138
1223,167.50000000000006,246.20571240921907
1224,170.72972972972966,163.51258593919204
1225,160.31578947368413,160.1868155905505
1226,158.39473684210523,159.70347533032586
1227,166.21052631578945,163.59046836815244
1228,166.39473684210517,172.36429344652137
1229,160.76315789473693,179.4797967500802
1230,219.73684210526324,166.38172060793647
1231,246.3157894736841,171.03145534145196
1232,301.3421052631579,251.14622723925714
1233,240.84210526315798,249.71267836904468
1234,216.10526315789463,206.79873737031676
1235,185.18421052631578,198.1343344238528
1236,214.47368421052636,179.00800827912792
1237,217.52631578947364,176.45440237708166
1238,176.86842105263162,209.11617256563056
1239,183.13157894736855,202.56608716117762
1240,159.13513513513507,184.80148220528235
1241,157.46153846153848,194.70249740033046
1242,154.78947368421058,156.771687169691
1243,150.5789473684211,161.06884893461836
1244,148.31578947368413,150.1550907961544
1245,173.60526315789483,149.57062963811546
1246,174.02631578947356,175.1401069820441
1247,153.99999999999994,177.87781922202686
1248,149.4473684210527,152.3332350552212
1249,150.21052631578937,155.07306978745066
1250,146.23684210526324,152.21718340295442
1251,142.78947368421052,153.79831379043665
1252,144.94594594594597,147.24015620255187
1253,209.10526315789474,158.43949250006796
1254,220.46153846153834,233.9755109651087
1255,272.75675675675683,242.5993439008223
1256,221.86842105263167,272.6739266678015
1257,214.2051282051283,247.6174916841017
1258,207.94594594594605,209.8168807982707
1259,236.47368421052624,207.9842641514541
1260,245.73684210526307,240.41989205588538
1261,257.5526315789473,238.58117404450502
1262,189.86842105263167,263.74895101647417
1263,182.79487179487194,261.4083839165598
1264,183.18421052631578,181.691989729743
1265,209.0789473684211,185.19083309689285
1266,212.13157894736855,234.47259341910598
1267,209.10526315789474,236.68639660346378
1268,211.28947368421058,205.38491633091223
1269,221.13157894736833,205.87877941295744
1270,231.97368421052641,232.95563746488335
1271,216.7894736842104,235.74859589276332
1272,189.31578947368416,219.45994635495555
1273,154.81578947368416,226.58550242165262
1274,140.10526315789477,155.02689720057472
1275,150.55263157894737,164.3107329535732
1276,158.3157894736843,174.2744195993987
1277,196.84210526315786,182.6645833441147
1278,303.36842105263156,199.0699247676519
1279,306.5789473684212,192.79623975296084
1280,313.6410256410258,287.78723456849525
1281,239.32432432432432,261.8496108194896
1282,245.47368421052647,190.16822645581226
1283,177.57894736842098,181.09698287257385
1284,171.00000000000009,169.01695630479992
1285,185.73684210526312,166.53880985346296
1286,173.42105263157902,187.2311058779863
1287,157.44736842105272,193.98340170056207
1288,153.076923076923,155.83425647801127
1289,144.2894736842106,158.67517246881386
1290,160.23684210526307,150.15816307516442
1291,182.49999999999994,159.32943824472568
1292,157.8378378378379,188.53939111391026
1293,143.73684210526307,190.6437465500302
1294,141.2894736842105,143.6614651162523
1295,132.35897435897442,145.01797273668274
1296,131.68421052631578,132.07990140221105
1297,128.83783783783792,132.9889750620474
1298,136.42105263157887,130.2309184969678
1299,168.02631578947373,138.0925946783552
1300,278.26315789473676,187.91103282770422
1301,295.1578947368421,198.9997464574949
1302,249.52631578947359,247.93069815693474
1303,203.23684210526318,225.53929704347297
1304,201.97368421052636,200.64393111937187
1305,218.26315789473688,205.13588547770797
1306,242.02564102564094,208.46224624655355
1307,209.36842105263145,202.10678812323818
1308,188.1842105263159,197.4778122823583
1309,177.4864864864864,197.28489448156523
1310,163.43589743589754,180.51600058755906
1311,151.29729729729732,186.48291493870187
1312,143.92105263157896,149.89835759605813
1313,145.51282051282058,150.4370740828885
1314,144.92105263157887,146.40893575216256
1315,140.47368421052641,145.4820092065806
1316,139.3947368421052,140.54904266803123
1317,141.42105263157896,141.13926880857187
1318,152.3157894736842,148.80654940934267
1319,155.55263157894734,154.65366785807467
1320,152.39473684210526,155.93757986123916
1321,153.44736842105257,172.59374175586422
1322,155.2894736842105,161.29948049753256
1323,147.18421052631575,180.54379750331367
1324,150.44736842105254,148.41052731072435
1325,173.8157894736842,155.01991562256808
1326,162.86842105263162,197.6472223027007
1327,203.3684210526315,207.98568990628166
1328,166.3589743589744,222.9736039917986
1329,167.2105263157896,249.71535495070077
1330,259.68421052631584,182.40285036176937
1331,277.6052631578947,220.93643139382579
1332,257.5789473684211,254.12097939366356
1333,274.5405405405404,241.46941902820726
1334,252.28205128205133,275.2652126572455
1335,225.5000000000001,264.047270064359
1336,246.10526315789485,218.9016788478947
1337,276.18421052631595,214.2941324424799
1338,238.89473684210532,277.1117714458483
1339,239.84210526315798,258.4421118311731
1340,254.6842105263156,233.80427951693486
1341,228.15789473684208,228.7437397028791
1342,243.36842105263145,236.6790442013966
1343,235.15789473684208,246.25362487408893
1344,225.36842105263167,241.6311951788826
1345,233.99999999999994,248.38639413311694
1346,243.40540540540547,234.9078312032438
1347,240.68421052631572,238.19310463949523
1348,241.47368421052636,250.58417802340227
1349,204.23684210526307,252.32885055150155
1350,180.71052631578942,219.24311032282714
1351,295.6842105263158,228.72724109169735
1352,292.2894736842105,320.77461806786664
1353,313.56756756756744,329.37163073416474
1354,300.42105263157913,301.83523730197726
1355,300.0789473684211,281.2968593446027
1356,271.9736842105263,283.65612317325747
1357,278.342105263158,263.33081521183794
1358,254.63157894736833,274.2874295524503
1359,199.07894736842104,274.1780830624354
1360,195.8157894736841,186.15214848175935
1361,201.60526315789468,184.16777503102367
1362,182.81578947368433,209.7916533712882
1363,193.00000000000006,205.77871352518758
1364,184.07894736842115,197.02405368466282
1365,199.02631578947359,195.95082192863083
1366,235.97368421052624,201.27023366526794
1367,195.63157894736844,202.34784765117166
1368,156.18421052631584,188.7322906441848
1369,142.1315789473684,194.43243900609536
1370,168.59459459459458,139.66409884370455
1371,186.18421052631584,141.29884709213835
1372,219.0526315789475,198.86250015748698
1373,204.60526315789463,209.30282677095516
1374,238.84210526315792,200.88261405439107
1375,262.6052631578946,199.84091006596282
1376,261.3684210526315,269.89370891142727
1377,274.657894736842,254.6961098353255
1378,212.13157894736855,266.50998320554237
1379,169.5789473684211,252.92785556107253
1380,136.0263157894736,160.22223610567124
1381,143.7631578947369,156.8884139456628
1382,162.3947368421053,152.0746702929792
1383,174.13157894736838,157.12388463425805
1384,181.18918918918928,174.44481841508448
1385,184.92105263157907,180.20260962870464
1386,151.65789473684205,181.6647423781494
1387,132.48717948717942,180.33051357862882
1388,136.86842105263153,132.59987422096373
1389,142.00000000000003,133.9748541204275
1390,129.1052631578948,147.68216538593217
1391,138.0789473684211,153.77088312764133
1392,153.027027027027,147.83744555369657
1393,163.97368421052644,155.89301791664778
1394,243.26315789473682,182.12008782858481
1395,295.65789473684197,184.22324451153565
1396,301.6578947368421,269.85911218794166
1397,334.1578947368422,252.08331619224094
1398,297.3157894736841,302.68933048194344
1399,205.81578947368416,261.2731119212414
1400,199.40540540540542,186.90780333559826
1401,204.76315789473693,185.69620941672264
1402,190.4210526315789,205.6461212327215
1403,174.78947368421055,203.89489069773316
1404,170.6578947368421,170.67087010638986
1405,166.4736842105264,172.652325283923
1406,175.71052631578948,175.4932601292368
1407,164.73684210526312,191.18295504292337
1408,145.13513513513507,166.3996284385844
1409,141.8157894736843,172.6434805645571
1410,130.9736842105263,141.6267261200014
1411,123.94736842105257,146.65216468721712
1412,117.84210526315789,125.20469392693545
1413,114.65789473684202,130.38958670949233
1414,116.0526315789474,116.52644409713619
1415,119.28947368421046,117.25191427745398
1416,115.81578947368416,120.88341686710268
1417,113.92105263157899,120.99286395391243
1418,116.02631578947367,115.56192118906512
1419,115.63157894736844,116.84968286443666
1420,113.68421052631587,122.4764227396629
1421,135.15789473684202,127.58967670705232
1422,215.3421052631578,139.32993395726407
1423,224.65789473684202,144.02309750247082
1424,195.28947368421052,214.26519519079255
1425,138.05263157894743,212.19936316964407
1426,124.28947368421049,135.82108520181862
1427,121.50000000000006,135.20170592716192
1428,120.94594594594588,125.06292926898325
1429,123.52631578947364,127.3374869766952
1430,123.89473684210535,124.56509140751871
1431,116.0526315789474,128.12741045450375
1432,117.39473684210532,116.95838372929708
1433,125.18421052631578,117.27089803978745
1434,122.23684210526315,124.4927594066634
1435,116.97368421052636,130.11031702340426
1436,113.60526315789465,118.09225353617725
1437,117.97368421052624,119.01059146175027
1438,117.44736842105269,122.30772653165789
1439,116.60526315789468,126.41410529551132
1440,118.44736842105263,121.67210722463068
1441,125.61538461538464,125.71162445052383
1442,123.84210526315786,129.0679091235735
1443,122.55263157894731,141.92184791124635
1444,117.84210526315789,128.69945908488518
1445,117.21052631578954,143.5204493990475
1446,113.65789473684214,121.81326972769858
1447,112.00000000000003,128.1274221847163
1448,113.21052631578956,118.81945697340461
1449,116.3421052631578,123.77996400734074
1450,112.76315789473685,121.35039770046868
1451,109.47368421052622,125.01268278982914
1452,101.86842105263153,116.623403543976
1453,98.47368421052624,119.79033619296686
1454,104.81578947368416,116.21962226155432
1455,109.10526315789477,118.97560789378113
1456,108.15789473684214,116.29018407051888
1457,105.71052631578954,118.89654986289082
1458,109.31578947368425,117.0889030209859
1459,118.13157894736841,118.87593794321484
1460,125.78947368421058,119.11272411451543
1461,123.31578947368419,119.85365262482568
1462,137.5789473684211,125.68934189443294
1463,117.52631578947373,129.643652781144
1464,110.35135135135127,118.00937178962633
1465,106.3947368421052,119.71573708566788
1466,101.39473684210532,114.18019861854606
1467,98.84210526315789,116.58978857303092
1468,99.27027027027032,115.72320921301451
1469,100.89743589743588,118.47033440088953
1470,97.5675675675675,116.63809793208469
1471,98.9736842105263,118.74351654796953
1472,102.71052631578951,118.14215503795288
1473,115.60526315789471,127.65722270460532
1474,186.47368421052647,118.72585671383067
1475,187.39473684210515,121.13064424640939
1476,167.3684210526316,191.54467224970375
1477,122.89473684210529,195.99150512332767
1478,116.94736842105266,123.63973331368604
1479,109.17948717948718,131.14024079552732
1480,104.49999999999991,117.22857213942535
1481,102.4594594594594,120.78640658514084
1482,99.92105263157893,117.33965829425915
1483,99.1315789473685,121.24979960874776
1484,97.42105263157893,117.69502992094206
1485,94.73684210526321,120.01949675641163
1486,92.76315789473679,117.33290104697048
1487,91.55263157894734,119.63203499727572
1488,90.60526315789468,116.99568646792883
1489,91.94871794871798,118.9579911272443
1490,95.64864864864865,120.32857692847489
1491,97.47368421052636,123.5380519187041
1492,101.28205128205124,116.98029994398595
1493,108.37837837837836,119.27418679274317
1494,109.78947368421049,116.40745919369931
1495,196.13157894736833,118.95372058280668
1496,220.1025641025641,192.36990772066406
1497,152.2162162162163,190.9150795923718
1498,155.76315789473685,150.64426712935438
1499,143.42105263157887,155.43788219769192
1500,132.31578947368428,147.68923849049364
1501,131.15789473684208,151.10620610046672
1502,117.18421052631572,130.34768875176565
1503,109.1842105263157,133.4381049770048
1504,105.02631578947367,116.79114794567371
1505,104.02631578947373,119.71578866121607
1506,105.26315789473688,116.33364304729767
1507,106.13513513513519,119.6369572087099
1508,103.31578947368422,125.25383059137869
1509,101.43589743589735,133.6075073476933
1510,99.47368421052633,123.28079473425842
1511,104.78947368421055,133.37906232694658
1512,107.89473684210532,117.96826621263827
1513,110.60526315789471,121.604712597471
1514,111.60526315789471,117.08945489344899
1515,111.10526315789471,119.85064219274759
1516,116.13157894736847,120.49865150278993
1517,123.63157894736844,125.30667234877123
1518,213.44736842105266,126.77267749268654
1519,320.9487179487179,134.4616839877168
1520,268.55263157894746,308.89417651888476
1521,232.13157894736833,293.30221322182916
1522,218.8461538461538,205.7069522647946
1523,205.4324324324324,195.11018356870733
1524,198.07692307692315,207.88138592184038
1525,181.05263157894734,217.93105423002078
1526,175.89473684210535,178.45137187330883
1527,165.31578947368413,174.4699841537266
1528,151.00000000000006,166.3214248397256
1529,165.13157894736844,169.1232615295783
1530,145.55263157894746,174.53879664912142
1531,141.18421052631584,181.98892452739898
1532,152.55263157894734,142.64831389667566
1533,151.4473684210527,148.77809877895183
1534,170.76315789473693,150.5398296196981
1535,176.4871794871794,149.68485353182928
1536,195.13157894736838,193.18785387266678
1537,201.99999999999994,201.71624738134415
1538,206.5000000000001,209.74190395824616
1539,233.15789473684202,208.26061728865494
1540,288.8684210526316,221.67433190457683
1541,345.4473684210528,216.25734885974242
1542,326.73684210526324,324.05488191650903
1543,262.5641025641026,275.55443325892287
1544,234.3421052631578,237.33192485166876
1545,240.86842105263167,229.7438749675644
1546,238.3076923076922,240.06506785194136
1547,205.97368421052647,240.20597747492855
1548,175.26315789473693,209.1384465384586
1549,164.38461538461544,213.85661344133808
1550,151.21621621621628,165.32539758321346
1551,154.63157894736847,168.94103430903456
1552,149.65789473684208,156.95945531733966
1553,151.73684210526318,166.0612583112363
1554,144.2894736842106,152.3078643271523
1555,167.69230769230765,151.3082504284126
1556,185.55263157894734,173.43284661084994
1557,171.6315789473685,176.17328467949255
1558,150.15789473684217,167.359241103727
1559,142.39473684210526,168.24284371696976
1560,137.1578947368422,146.18345038983017
1561,129.8684210526316,164.06320132766518
1562,127.4210526315789,129.93683192784306
1563,122.99999999999991,130.51601318911503
1564,121.74358974358972,123.56968532482122
1565,174.84210526315778,124.52185174167448
1566,186.97368421052641,179.67047671834666
1567,217.55263157894746,182.08088197453282
1568,176.71052631578945,234.74413972465345
1569,169.35897435897445,224.51013551946255
1570,152.3684210526315,169.3068928938751
1571,140.00000000000003,172.65541630683333
1572,138.38461538461544,137.64508864815429
1573,138.4473684210526,136.9254977395774
1574,136.76315789473685,141.28275658745878
1575,129.2368421052632,141.96237971169523
1576,125.97435897435898,129.59936007441658
1577,125.84210526315795,137.65540883940156
1578,129.28947368421052,127.22503369715571
1579,142.9736842105264,133.27301485847045
1580,143.3846153846154,188.26651785765654
1581,143.44736842105272,210.455076013076
1582,143.36842105263156,146.95473437246395
1583,133.69230769230776,148.2326827211893
1584,143.63157894736847,133.1947982070141
1585,159.1842105263158,138.1667805938414
1586,173.02631578947364,169.5719852319436
1587,176.79487179487177,173.37692236706954
1588,208.1315789473685,194.94152737663597
1589,272.68421052631567,212.6457024984299
1590,265.5263157894738,280.48809003090173
1591,257.9736842105264,265.9938433334514
1592,185.9487179487179,251.84493096854487
1593,136.2631578947369,240.25890596269141
1594,136.25641025641016,138.02018327829086
1595,143.5263157894737,143.31075087411713
1596,149.89473684210517,155.37958171056636
1597,130.61538461538456,161.93870950115257
1598,120.92105263157899,130.40069918653333
1599,115.60526315789471,131.56419365073896
1600,115.36842105263156,119.87979819005457
1601,145.13157894736833,120.62450914806175
1602,155.3947368421052,179.52605786849512
1603,131.76923076923075,193.16954144873552
1604,129.0789473684211,129.31734866769858
1605,124.36842105263162,130.66733905736407
1606,128.69230769230765,125.556679073699
1607,128.60526315789465,128.38338802505038
1608,144.2894736842106,130.0370232119969
1609,168.34210526315798,140.28577490869785
1610,144.68421052631587,188.98253824758143
1611,176.56410256410254,194.06042001069136
1612,169.0526315789473,208.25839086674273
1613,162.94736842105263,222.02759487515618
1614,157.07894736842104,169.81024219369635
1615,187.10526315789468,179.3798634403205
1616,227.53846153846166,207.12366096628972
1617,206.86842105263156,210.48419288643834
1618,244.26315789473693,215.45607943351865
1619,279.2368421052631,219.61173522849816
1620,278.79487179487177,269.0382648568471
1621,184.23684210526324,250.47623809918394
1622,156.15789473684222,170.78650490747066
1623,143.3846153846154,166.53055422093087
1624,168.86842105263162,145.54051947908297
1625,173.157894736842,150.62773160986163
1626,139.82051282051273,179.97611401997227
1627,131.78947368421046,190.89735769820015
1628,120.71052631578954,130.24787429848362
1629,122.23684210526315,132.21211359100488
1630,132.31578947368428,126.72348139582112
1631,128.39473684210517,129.09158621488038
1632,124.39473684210526,126.61241071443519
1633,126.65789473684208,128.6076453213884
1634,128.7368421052631,126.96201430029149
1635,129.2972972972973,127.4720659369174
1636,137.63157894736838,130.72619102725847
1637,147.55263157894734,135.937449485382
1638,155.25641025641022,152.69883430690356
1639,191.21052631578954,152.51426583171275
1640,304.1842105263159,202.00371590347396
1641,327.2894736842106,201.35534637870376
1642,338.0263157894738,321.89822063848135
1643,334.76315789473676,289.0709763662483
1644,307.2368421052632,295.5276199555687
1645,305.5263157894738,254.15166278460902
1646,245.02631578947359,281.5966751286051
1647,182.63157894736838,264.3344528443253
1648,182.26315789473688,170.46369617020366
1649,191.52631578947364,168.82363286909356
1650,193.63157894736838,187.87370140720856
1651,215.26315789473688,183.00938472771554
1652,197.89473684210537,214.61691857656706
1653,187.21052631578948,211.23514723016336
1654,184.15789473684197,182.0072382944163
1655,177.52631578947376,179.3300422885825
1656,186.91891891891885,176.8954537096473
1657,202.73684210526318,178.836978140018
1658,213.02631578947364,206.3953927507652
1659,227.65789473684208,204.05522540327053
1660,228.86842105263167,234.830501073491
1661,211.94594594594588,235.94132138222125
1662,278.13157894736855,227.38182049622958
1663,278.76315789473676,233.78056679248908
1664,302.6052631578946,268.57271214311703
1665,322.0263157894736,253.6824209152755
1666,295.50000000000006,305.6785147433339
1667,247.84210526315798,278.095868954698
1668,223.76315789473688,222.00791326029992
1669,216.31578947368416,211.13335000980493
1670,190.3684210526315,215.00954070377486
1671,198.23684210526312,213.58718657648444
1672,184.36842105263156,194.0722696324076
1673,201.23684210526312,191.5607852432655
1674,197.86842105263162,219.96581487733567
1675,202.0526315789474,230.1371347394047
1676,212.5675675675675,211.47057508781836
1677,214.9473684210525,216.5651070244146
1678,210.3947368421052,213.43343360913974
1679,206.47368421052636,216.78653787033141
1680,207.31578947368433,216.83687518250855
1681,211.39473684210515,229.27353738181955
1682,236.55263157894734,221.30777412142186
1683,319.71052631578937,231.49741522458902
1684,320.0526315789472,314.50728816843935
1685,332.94736842105283,305.4596206333062
1686,313.9473684210526,315.762423835095
1687,273.5405405405405,291.4696952379011
1688,258.7948717948716,254.78530591305628
1689,252.76315789473676,253.70020001028047
1690,269.342105263158,258.2772133209185
1691,289.8421052631578,256.17133385779397
1692,272.0263157894738,283.6715734387185
1693,275.7837837837838,277.60239097965734
1694,253.34210526315803,272.42191983604914
1695,246.92105263157896,270.56319951373223
1696,228.34210526315798,248.89313257390586
1697,223.15789473684214,247.794155534781
1698,206.5000000000001,223.22167955134643
1699,209.0526315789475,226.5241015924849
1700,205.5526315789475,216.1200032435176
1701,218.28947368421046,220.44074221104285
1702,211.39473684210515,221.35370799553198
1703,200.26315789473682,219.7197882421325
1704,210.76315789473676,207.6037318074421
1705,216.21052631578948,210.77054815940966
1706,220.4210526315789,222.35351164229405
1707,224.26315789473688,228.56904265525145
1708,224.81578947368428,233.48315443187875
1709,233.47368421052641,244.3791020473417
1710,238.89473684210532,245.64490035381215
1711,278.342105263158,259.3002293556712
1712,306.763157894737,286.9250984627261
1713,311.3421052631578,286.1165034721634
1714,321.3684210526316,301.33870923642996
1715,289.15789473684225,283.40300273059904
1716,253.6842105263159,280.80329234725707
1717,241.47368421052636,277.97060074488206
1718,239.86842105263156,238.31586882332488
1719,239.18421052631584,234.5362306265332
1720,233.54054054054052,234.2415132202368
1721,228.55263157894746,229.54718585903385
1722,232.71052631578937,231.83598115634908
1723,238.74358974358967,235.32790141563385
1724,230.36842105263145,236.95886375354956
1725,215.945945945946,235.20785916711384
1726,219.3157894736841,215.33004037263208
1727,208.86842105263156,216.20430566496577
1728,216.36842105263167,211.20256902514535
1729,219.97368421052624,221.20240756947987
1730,227.3684210526315,228.67856127752168
1731,224.02702702702703,236.0352180583206
1732,264.84210526315803,241.35735236816498
1733,334.7105263157894,262.1099640582199
1734,343.6315789473684,340.33195694326304
1735,331.2368421052633,341.89847676035805
1736,315.63157894736844,321.38290714036714
1737,275.7631578947369,307.2237257216555
1738,271.6842105263159,262.58495841299634
1739,264.78947368421063,263.9087964861188
1740,178.1315789473683,259.4547426665269
1741,148.36842105263165,256.73426020680455
1742,129.26315789473688,147.51948054781687
1743,121.18421052631584,161.5816749087223
1744,115.76315789473682,124.24290154462787
1745,115.73684210526318,126.96284523157328
1746,116.81578947368428,116.44790928550336
1747,112.8684210526315,117.9554987347203
1748,111.5,116.19797320608993
1749,110.26315789473685,118.91266262600377
1750,109.47368421052622,117.06323343767397
1751,109.84210526315783,119.52074195847325
1752,110.18421052631578,124.50626940428631
1753,106.28947368421058,131.36020839180895
1754,105.94736842105257,117.55941915190516
1755,102.68421052631572,119.60271855385426
1756,102.63157894736847,116.89462555295597
1757,103.94871794871796,118.8916470939198
1758,101.7105263157894,117.29768355699755
1759,103.18421052631572,120.06769415133036
1760,113.86486486486481,125.7204113260531
1761,193.8717948717948,138.1295705271522
1762,249.26315789473682,201.03187368516967
1763,303.8947368421052,199.90245004426532
1764,239.86842105263156,258.79642895877197
1765,168.60526315789474,245.86746528029227
1766,157.8684210526316,159.68120994027421
1767,134.81578947368425,158.24566894432206
1768,117.6052631578948,145.6593277820688
1769,114.28947368421049,152.00536257829722
1770,108.92105263157904,119.50268885806341
1771,108.34210526315786,124.97283199946051
1772,107.18421052631572,117.20385910187753
1773,107.92307692307688,120.53730091396591
1774,115.34210526315786,128.08716393597348
1775,123.71052631578945,137.7179088287915
1776,126.76315789473682,124.51211793839849
1777,128.34210526315798,128.5497658196568
1778,128.07894736842113,128.43849939252686
1779,123.55263157894731,130.2237028573941
1780,118.02631578947373,127.33590334873938
1781,109.47368421052622,134.2163615969871
1782,110.64102564102566,114.09260571309113
1783,172.21052631578954,115.39438275012307
1784,166.28947368421058,185.1778917952953
1785,124.60526315789474,188.52963753663857
1786,115.60526315789471,122.31026761238834
1787,111.05263157894743,126.52409088809725
1788,107.3684210526315,115.26211629804865
1789,109.92105263157902,117.78705458799135
1790,108.39473684210523,115.25343068722015
1791,103.56410256410263,117.30439657667432
1792,102.31578947368425,116.07195731311054
1793,101.13157894736844,118.19241333773962
1794,101.23684210526326,116.216794927356
1795,107.23684210526315,118.12491600273839
1796,112.49999999999997,116.58010043055143
1797,109.65789473684205,118.57887529956238
1798,110.97368421052636,122.11663815981063
1799,115.31578947368419,132.79393402263202
1800,110.60526315789471,119.48279804419056
1801,103.47368421052636,121.67103259834792
1802,105.36842105263165,116.9952344948035
1803,102.26315789473674,119.66162972555932
1804,104.35897435897436,117.3113334850838
1805,106.3684210526315,119.37991889316521
1806,145.55263157894746,118.58008447611013
1807,162.36842105263153,122.20294271781134
1808,131.15789473684208,173.78803802852707
1809,107.49999999999997,184.18005294747957
1810,99.73684210526318,118.2116581596033
1811,95.86842105263162,122.26871811965992
1812,95.34210526315792,115.63878915926722
1813,90.00000000000006,118.45770094513117
1814,85.52631578947364,116.12479445453104
1815,84.68421052631572,118.92439784518771
1816,84.72972972972977,116.13950630691275
1817,85.5128205128205,119.06146167893573
1818,95.76315789473685,126.62846923742649
1819,89.45945945945948,134.7461018198277
1820,84.63157894736841,115.62084131754065
1821,82.39473684210526,118.1067692879833
1822,80.28947368421058,115.83080080726995
1823,76.52631578947376,118.32677364607932
1824,75.36842105263156,116.45798973621896
1825,75.23684210526324,118.71420307928187
1826,88.3684210526315,116.55736667884366
1827,166.81578947368422,118.95461229072171
1828,189.55263157894746,171.12138379486208
1829,125.26315789473688,175.62604477311024
1830,101.65789473684217,126.71412550283921
1831,108.18918918918928,134.43581807831737
1832,100.78947368421052,117.82125811112343
1833,93.89473684210532,121.71067155193711
1834,92.28947368421055,116.73517565965705
1835,99.57894736842098,119.35360009778546
1836,98.94736842105257,117.3134370036465
1837,97.39473684210529,120.02166190397472
1838,102.8918918918919,118.09688010689158
1839,103.15789473684205,121.4668302377614
1840,90.57894736842098,117.28306894559631
1841,90.97368421052639,119.58710230986503
1842,95.81578947368428,116.7520072876408
1843,106.89473684210523,119.20443605642006
1844,114.97368421052627,116.98545812747003
1845,93.26315789473682,119.808147318713
1846,83.18421052631572,116.1495627451915
1847,82.48648648648646,119.29276869678029
1848,83.64102564102569,116.33218149732721
1849,83.51351351351349,119.19310461881653
1850,83.10526315789474,125.53604257180751
1851,87.81578947368425,133.33288018403746
1852,89.28947368421052,116.38544398358187
1853,91.1052631578948,118.74818237696743
1854,93.21052631578951,116.11180772347063
1855,94.89473684210532,118.18411980488739
1856,95.57894736842104,115.89856113720978
1857,90.47368421052633,118.18859777656863
1858,89.18421052631584,116.57742551791233
1859,102.59459459459461,118.52992596619453
1860,155.38461538461544,115.94272683024622
1861,135.21052631578942,118.36006213145743
1862,119.9473684210526,135.49081740002012
1863,122.34210526315789,136.47323853059376
1864,121.63157894736844,128.03509113377214
1865,109.31578947368425,131.97749768199796
1866,110.29729729729726,116.42033102161457
1867,116.15384615384613,127.73447853172021
1868,104.35135135135138,117.70497100517983
1869,101.68421052631572,120.32477648051636
1870,106.86842105263153,115.80340422479514
1871,102.44736842105266,118.85876941805785
1872,99.87179487179483,116.88098216844577
1873,110.1578947368422,119.20730076241964
1874,112.92105263157887,116.432511615907
1875,130.86842105263156,119.1783188752137
1876,236.7894736842104,133.90436606557248
1877,317.05263157894734,144.18239331886207
1878,218.63157894736855,293.34918439739846
1879,162.18421052631587,270.6787656631905
1880,170.5128205128206,152.41571402420803
1881,182.13157894736838,149.3906355619933
1882,178.35897435897434,188.04453096761762
1883,135.7105263157894,191.89430889239594
1884,124.63157894736835,140.33048228113202
1885,107.6410256410256,142.76501985710064
1886,113.63157894736841,118.50496387678552
1887,108.78947368421055,121.51404150958402
1888,103.60526315789471,115.5806723865644
1889,95.07894736842101,119.91729858702399
1890,114.4736842105263,116.46502508941319
1891,101.47368421052624,120.32221842376424
1892,110.51282051282055,115.5582813392351
1893,100.71052631578942,119.07671236456761
1894,102.34210526315786,115.51437962656769
1895,103.0,118.48834294132689
1896,100.28947368421052,115.68873539916143
1897,97.0,118.4597820954063
1898,93.65789473684217,116.51891661281098
1899,96.4871794871795,118.68077560979913
1900,102.10526315789471,116.41861023536975
1901,109.42105263157887,118.6911185293608
1902,121.34210526315789,116.0702695918165
1903,123.25641025641036,118.4866474305993
1904,128.97368421052627,127.81082918864075
1905,215.71052631578942,134.26965090231846
1906,333.58974358974365,237.25901410046094
1907,355.9736842105262,229.95447948788552
1908,348.0526315789473,339.52752897425444
1909,341.051282051282,291.46875608334614
1910,300.00000000000006,294.8845089164568
1911,216.44736842105254,253.93554715925416
1912,162.99999999999997,194.44575690863763
1913,156.5263157894736,189.9879503214588
1914,159.2105263157895,161.2236310974641
1915,143.9736842105263,171.24129055972315
1916,138.66666666666669,152.0660028351272
1917,137.94736842105266,154.0808068103374
1918,140.26315789473693,145.84699637514854
1919,135.15789473684202,150.50080938129528
1920,129.68421052631578,146.49329559437862
1921,128.68421052631578,153.4236220527805
1922,125.0263157894737,129.10300094384792
1923,118.71052631578956,136.45721580079402
1924,113.8205128205129,119.16703216625748
1925,105.31578947368428,119.54937642123306
1926,100.76315789473676,114.79344404808381
1927,102.92307692307685,117.38869418527477
1928,104.28947368421052,116.04334736186703
1929,169.4210526315789,118.65620531866213
1930,286.7894736842106,178.11203470460364
1931,293.2631578947367,179.4699161491656
1932,245.13157894736838,258.3535560363129
1933,170.68421052631584,238.20187334291495
1934,160.39473684210515,156.33127840385862
1935,137.2368421052632,152.8343340221884
1936,139.71794871794873,138.07288607306637
1937,156.21052631578945,132.98403692343135
1938,152.0526315789474,178.50123088211197
1939,127.36842105263159,184.26026426229538
1940,114.39473684210532,125.55458046956733
1941,116.17948717948715,125.56433810817026
1942,113.50000000000003,125.59275017606541
1943,118.92105263157887,137.74038370467636
1944,121.18421052631584,120.85346442571918
1945,122.07894736842107,121.81695008703514
1946,125.89473684210526,122.88754253452399
1947,129.36842105263165,123.60539218876829
1948,134.28947368421046,131.71211362026006
1949,120.81578947368416,139.88509836167148
1950,125.69230769230765,122.13050670899747
1951,235.9473684210526,126.70829685063242
1952,315.421052631579,225.29166970451172
1953,316.8205128205129,217.04976129107825
1954,320.2894736842105,303.04981013398816
1955,303.157894736842,266.9552665194264
1956,183.92105263157896,263.2299060854919
1957,137.13157894736847,234.06589382125765
1958,122.57894736842104,137.94201579355249
1959,120.17948717948715,136.54712819024084
1960,117.6842105263157,124.76828953159898
1961,120.23684210526321,127.16007878893592
1962,123.68421052631575,121.84851395945276
1963,120.28947368421058,121.90725440078941
1964,122.30769230769238,120.43531782407337
1965,124.10526315789465,119.21461978128727
1966,140.10526315789477,124.07771488621117
1967,132.94736842105266,124.3918548322547
1968,125.3157894736843,134.4002808400408
1969,127.94736842105266,135.67383283507974
1970,207.71052631578948,129.16322253704325
1971,286.6666666666668,135.99199390687454
1972,318.6052631578948,273.622954339014
1973,336.6842105263156,254.5066318688681
1974,320.7368421052632,315.518756944911
1975,293.921052631579,276.773149475434
1976,260.15789473684197,260.8478943575212
1977,230.97368421052624,246.51220684577788
1978,192.82051282051293,216.42099398154886
1979,182.94736842105254,203.21500954457565
1980,191.81578947368428,180.01305442669315
1981,172.10526315789477,179.0357174566492
1982,165.2631578947368,180.33050181448658
1983,164.31578947368425,192.0056552701576
1984,168.60526315789474,169.40925580067568
1985,163.23684210526304,175.49716821202878
1986,152.39473684210526,168.38325458842135
1987,146.50000000000006,177.6688059445242
1988,150.6315789473684,147.55097933234453
1989,189.51282051282044,151.24796564069015
1990,255.26315789473688,225.11239196785004
1991,184.65789473684214,240.0055943177478
1992,140.47368421052641,175.29260436202927
1993,130.55263157894737,170.93667455057027
1994,131.12820512820508,127.90580569787667
1995,128.8421052631579,127.97853722200799
1996,122.34210526315789,128.28229715276228
1997,213.78947368421058,130.3217306039929
1998,156.73684210526324,220.3734354536956
1999,147.35897435897436,215.51222094729047
2000,170.84210526315798,146.0858260134204
2001,155.71052631578945,144.4328705909408
2002,165.07894736842098,153.67142873704938
2003,122.39473684210535,154.55427655742355
2004,116.44736842105269,121.65086703152465
2005,109.63157894736841,125.26636234673552
2006,109.71794871794879,116.91871608738586
2007,109.07894736842104,119.24218043031613
2008,104.94736842105269,117.21528968845132
2009,100.68421052631575,119.41852591150862
2010,99.05263157894734,117.0159293479525
2011,99.5526315789474,127.30235944789786
2012,113.34210526315789,117.56681276462768
2013,232.6052631578948,120.18336847460517
2014,285.71794871794873,220.80957670180186
2015,308.2631578947369,217.47531431947294
2016,319.5135135135133,270.79688138897524
2017,277.4210526315791,258.1063815709493
2018,206.58974358974348,252.3611155967011
2019,154.10526315789483,238.94122855551728
2020,242.39473684210532,157.55186187528764
2021,265.7894736842107,162.51252866190484
2022,203.3684210526315,258.99334357223586
2023,164.57894736842098,240.51251370923723
2024,153.2368421052631,160.44086982984126
2025,150.02631578947373,158.28028727727607
2026,174.5897435897435,155.43316026013565
2027,229.52631578947353,159.95566740645384
2028,314.1052631578948,225.8347837476564
2029,334.07894736842087,207.4171099645555
2030,303.1315789473684,328.3412766696501
2031,296.0263157894737,289.58684770339113
2032,320.65789473684197,257.67063698142783
2033,324.921052631579,236.2542434739491
2034,290.9230769230769,310.05477641430576
2035,257.6052631578947,276.190139208011
2036,240.5,237.0557898210352
2037,221.05128205128204,221.68260902538833
2038,222.86842105263167,218.91802947891597
2039,291.99999999999994,218.41980440306992
2040,293.86842105263173,300.537364685803
2041,262.66666666666663,294.23632785339004
2042,275.5789473684209,254.96232308350494
2043,297.4736842105264,244.67228056533918
2044,311.7948717948717,296.93395631175633
2045,326.97368421052636,291.85005922473255
2046,331.55263157894717,321.44731980530753
2047,323.7894736842104,317.4827646804459
2048,310.1052631578947,305.81999590941643
2049,246.38461538461542,295.2074128725907
2050,167.6842105263158,225.66007169183848
2051,154.9736842105263,219.45618269619177
2052,154.60526315789465,153.9345753516504
2053,162.63157894736852,163.48625642789557
2054,180.71052631578942,170.76104472771272
2055,183.18421052631578,178.4996934975312
2056,191.20512820512818,187.62953906330443
2057,171.97368421052633,190.02570848432225
2058,166.26315789473693,177.98847818368765
2059,156.60526315789465,192.517156973287
2060,152.55263157894734,158.290390305147
2061,151.79487179487188,162.6393796591361
2062,158.28947368421044,153.58035944651522
2063,142.00000000000003,157.0587534389123
2064,128.3684210526316,151.2800874024461
2065,129.76315789473693,175.06733760117672
2066,137.2894736842105,133.4152389193571
2067,140.0526315789473,142.66356975700572
2068,149.56410256410257,144.02322339770728
2069,160.5,146.80754602328213
2070,198.02631578947376,178.80751212188372
2071,301.18421052631567,184.42992903952415
2072,311.02564102564105,290.1589300784509
2073,259.76315789473676,270.0413847644373
2074,207.5526315789474,233.67194121058753
2075,196.44736842105266,215.22688238405448
2076,191.84210526315803,196.35748143322598
2077,206.81578947368422,193.17263110410244
2078,210.28947368421052,206.38621229797445
2079,189.17948717948718,200.34181458050654
2080,201.99999999999994,182.33214734991378
2081,168.92105263157885,182.463267424921
2082,183.763157894737,173.39129148272517
2083,154.02631578947376,182.7029709230091
2084,147.12820512820522,151.53271479624954
2085,154.60526315789465,152.53642586914142
2086,158.3157894736843,158.35160714436455
2087,156.21052631578945,161.1035409017585
2088,162.42105263157904,158.14017907788033
2089,143.94736842105272,162.50665591932213
2090,145.0526315789473,144.4638481299593
2091,164.18421052631578,147.80740256982295
2092,174.84210526315778,178.83740832391115
2093,189.64102564102564,197.52593642372136
2094,180.0263157894737,207.59240219021638
2095,312.26315789473693,220.7575811241449
2096,320.13157894736844,300.6419375677078
2097,323.3421052631578,290.10921564124345
2098,324.39473684210515,311.423298118288
2099,283.33333333333314,276.27050801063
2100,211.39473684210515,261.6137400059747
2101,181.76315789473693,247.7208154803876
2102,175.34210526315783,185.05370322092307
2103,153.44736842105257,184.89933872867266
2104,171.51282051282044,157.22446056063166
2105,148.15789473684205,168.3226248843607
2106,146.21052631578956,155.2404820043344
2107,161.78947368421044,167.26291088852923
2108,185.2894736842104,170.80606922106665
2109,170.55263157894728,182.07580061025305
2110,140.00000000000003,166.30347420642588
2111,132.15789473684202,166.20020647023412
2112,133.8157894736842,130.46614492137846
2113,150.52631578947376,130.7631270089025
2114,289.8974358974359,173.42980773554342
2115,284.2631578947367,183.2468143282465
2116,310.6842105263157,250.3331354929134
2117,263.86842105263173,228.7498811429969
2118,174.23076923076914,231.97839847692063
2119,150.86842105263156,215.16412836315254
2120,151.94736842105254,149.0633895167349
2121,147.84210526315783,154.14459347597582
2122,152.26315789473693,151.8533140000058
2123,162.69230769230762,154.9865180377684
2124,192.68421052631578,170.75214569878096
2125,207.78947368421046,183.0893973545559
2126,197.34210526315803,207.62250411543647
2127,188.41025641025635,198.9391028888556
2128,176.68421052631587,190.36863669224476
2129,161.81578947368422,192.2782176544278
2130,157.8947368421052,160.46100900800002
2131,151.50000000000009,168.0635047958715
2132,146.1578947368422,151.84716706315567
2133,146.078947368421,155.9749602715326
2134,142.47368421052641,145.9450857296232
2135,150.68421052631578,149.3574019508952
2136,169.4358974358975,167.71300022774446
2137,141.02631578947364,173.41160156188178
2138,142.57894736842098,146.66824400600342
2139,161.78571428571433,162.25351005226372
