,CO,RF_diff
0,213.13157894736855,224.69287671561057
1,214.07894736842115,228.0993165046064
2,219.28947368421058,219.68758709870315
3,200.7894736842104,229.88195899724866
4,198.3846153846153,202.20061174192665
5,219.0526315789475,210.60582727036484
6,236.42105263157896,244.30150993342443
7,227.56410256410265,257.4210431424939
8,224.92105263157907,246.28228292091364
9,257.3333333333333,272.22733375938947
10,272.52631578947376,271.1954897046542
11,239.974358974359,273.12006634375365
12,221.13157894736833,245.65402985297857
13,228.4102564102563,255.59540641905494
14,233.39473684210532,234.92517785361787
15,220.56410256410248,241.72612808302227
16,261.1578947368421,221.42786977437453
17,232.28947368421052,222.6845810731142
18,241.94871794871796,230.54270270824668
19,215.94736842105254,236.08179071085073
20,230.38461538461542,215.9745258476906
21,210.5263157894737,222.30993064361758
22,210.4102564102563,210.47072504727953
23,209.73684210526318,215.01151083647062
24,223.92307692307696,212.71115139253743
25,257.1578947368421,216.09154638005998
26,220.21052631578942,269.816768198848
27,204.87179487179486,277.6946391791202
28,208.42105263157896,206.860252673027
29,204.20512820512823,211.9265183262757
30,208.71052631578937,205.13702369573326
31,208.48717948717933,211.73169620054637
32,213.5526315789475,212.70617306670061
33,263.5789473684211,228.26561264547883
34,298.1282051282053,286.25137714050015
35,307.6052631578946,291.3815266963355
36,231.66666666666663,303.036652609386
37,214.57894736842093,295.03141292482763
38,208.78947368421058,216.67798656446968
39,216.10526315789463,219.80216723538337
40,208.66666666666663,215.42136011183067
41,208.47368421052636,221.54981236531728
42,208.65789473684214,213.65566935491574
43,243.69230769230757,217.53887558142884
44,248.3421052631578,255.7081204647434
45,256.92105263157896,251.83548103401324
46,278.81578947368416,254.0205279799352
47,326.23684210526324,256.06700370785444
48,312.63157894736855,316.68016924427195
49,288.57894736842115,302.57354102373404
50,296.34210526315786,277.4122016857415
51,294.21052631578954,276.52459599323146
52,247.6052631578948,283.7420787915627
53,227.73684210526312,279.84523867798
54,228.26315789473693,225.68962919742808
55,261.078947368421,225.91138738890675
56,300.55263157894746,267.04431513608296
57,314.2368421052632,267.9574723482009
58,318.6923076923075,310.6339085651528
59,307.1578947368422,304.0419259384167
60,310.5526315789474,296.32037249615513
61,363.60526315789457,286.5404801200169
62,275.1538461538461,350.73392297006797
63,228.13157894736844,333.8867452276247
64,212.55263157894734,216.30085604620302
65,203.97368421052641,214.73816815805571
66,205.68421052631578,200.87893558803887
67,203.97368421052641,199.51819939457175
68,191.4736842105263,204.10076594038554
69,187.8947368421052,205.47697903350905
70,189.23076923076928,190.70228021980307
71,189.08108108108104,195.47861169651355
72,187.73684210526307,190.69269880754206
73,178.17948717948727,190.79443635055992
74,176.7631578947369,184.0491422469786
75,178.8947368421053,188.45692368944486
76,187.71052631578954,185.23116944342422
77,175.42105263157902,190.38755690341014
78,170.35135135135133,180.59613626153936
79,211.36842105263162,196.99025529819932
80,210.1052631578948,247.86554988947148
81,245.10526315789485,253.95166349853622
82,261.73684210526307,239.64661852537972
83,345.07894736842104,233.35628962643744
84,252.05263157894728,330.4049450424396
85,206.94736842105272,285.76099148545217
86,198.39473684210526,193.08997710321853
87,204.73684210526318,191.85645796327174
88,206.08108108108115,203.49573811039102
89,197.47368421052647,199.96791281882236
90,219.0789473684211,196.25302156190997
91,233.76315789473688,198.06629716016937
92,217.15789473684208,237.00230152781404
93,214.02631578947364,242.63127338823818
94,201.52631578947364,218.70626959315825
95,198.3684210526315,225.43244769394465
96,190.73684210526324,204.57854951305808
97,182.99999999999994,214.27545173886608
98,183.59459459459458,185.50387201529497
99,234.263157894737,193.83268185019256
100,240.02631578947376,261.1995668121906
101,276.8421052631579,270.2630666667952
102,288.0526315789474,282.00922769065124
103,264.15789473684197,284.2042863108364
104,216.57894736842115,249.32727553767245
105,201.28947368421052,240.68490323553385
106,190.6216216216216,199.88065826750312
107,263.79487179487165,196.02644883793272
108,307.10810810810807,281.11982942883924
109,310.9736842105263,279.48501501054176
110,297.1315789473683,300.2301986449291
111,252.05263157894728,283.165943992882
112,251.55263157894728,232.9580299794435
113,232.57894736842098,225.20000055411583
114,226.86486486486496,228.82808192700384
115,242.36842105263156,228.80094680252216
116,218.92105263157902,247.5600978319594
117,224.9473684210526,248.941386077247
118,239.4736842105263,227.30212911141405
119,239.76315789473682,227.64906431904427
120,221.86842105263167,232.15589115540638
121,222.1578947368422,233.34450301537174
122,213.44736842105266,226.0936408868996
123,200.1315789473685,232.28988680951403
124,202.20512820512818,202.98370384177713
125,185.26315789473676,208.92639333977576
126,194.57894736842093,187.67221891101974
127,253.97368421052624,198.4126669267004
128,292.34210526315775,256.83926557393244
129,261.02631578947364,255.57579734028548
130,301.9189189189189,261.38642546372597
131,276.4102564102565,256.50931696996304
132,236.35135135135135,259.354328725492
133,210.50000000000006,247.70731212601777
134,202.23684210526318,209.52294925792847
135,216.2894736842104,216.93243356387217
136,242.10526315789468,223.25416242263606
137,229.84210526315798,225.38393982883605
138,220.92105263157907,239.8555966885221
139,225.5000000000001,247.65144248410513
140,227.63157894736855,228.40214431546661
141,233.76315789473688,230.1782272813992
142,226.74358974358984,238.50584134187613
143,233.78947368421058,236.8151714651413
144,250.81578947368433,247.45355436196922
145,269.4210526315791,264.289876966178
146,243.84210526315786,275.7383539826516
147,213.8421052631578,274.4913834355532
148,209.82051282051293,215.4604375787825
149,216.89473684210537,227.11924800343235
150,224.26315789473688,222.45970307944748
151,256.4736842105262,231.94548908628371
152,274.13157894736855,271.78089321843845
153,277.5789473684211,277.2562009540863
154,245.0526315789474,274.9052955491954
155,242.13157894736844,273.6757077175805
156,256.2307692307691,249.4850175550896
157,234.68421052631578,258.87809550393484
158,234.10526315789463,231.4932389294591
159,269.5897435897437,233.66876880360547
160,241.21052631578948,283.9122526582077
161,224.89473684210532,288.45935839279537
162,243.38461538461542,223.0559617603405
163,259.6578947368422,227.4523380332438
164,242.89473684210515,262.5627608838443
165,247.17948717948718,262.24910412016925
166,222.0000000000001,248.26722753884405
167,238.1025641025642,249.56910837264638
168,268.21052631578954,254.37372625463377
169,246.1794871794873,261.261214406191
170,204.52631578947376,248.59774598116604
171,193.57894736842104,250.88552787177179
172,195.15789473684214,198.4986893193011
173,209.97435897435895,204.96513683063608
174,215.23684210526324,220.34658115508722
175,209.3421052631578,221.38612448087855
176,229.84210526315798,215.05863448701717
177,286.46153846153845,234.5369980151337
178,305.57894736842104,290.5283439995926
179,281.6842105263157,292.2517865869758
180,244.65789473684197,268.0514023833543
181,306.3333333333333,256.9899468611372
182,311.4210526315791,313.60139234175847
183,297.8157894736841,302.34122680631265
184,251.47368421052636,284.6821723618095
185,230.42105263157902,273.126326823091
186,218.236842105263,225.35531568786024
187,207.65789473684214,225.34880174539762
188,201.81578947368416,203.53317493019864
189,203.97368421052641,201.72775983982098
190,232.236842105263,206.76000495365423
191,254.45945945945954,208.43312115236466
192,276.0526315789473,256.3132704041009
193,305.1081081081082,254.62048933503957
194,315.4999999999999,299.2922739162263
195,280.81578947368433,286.8999859391705
196,302.2631578947367,254.91006687389591
197,273.7631578947369,248.7864635244424
198,286.37837837837856,257.67317798121053
199,265.9444444444444,250.99322446149364
200,309.162162162162,259.159907394299
201,304.1081081081082,257.1820373374956
202,314.91666666666686,308.84932566276353
203,289.8157894736842,308.65343943136077
204,295.57894736842104,281.849956497334
205,296.6842105263157,283.22692027674356
206,270.4473684210528,294.5347396419292
207,235.76923076923077,290.9114048778129
208,194.60526315789463,232.25796213994732
209,190.07894736842115,235.86826387476486
210,183.65789473684197,190.1943902835585
211,176.52631578947364,190.46646054033727
212,174.65789473684222,174.60625039711377
213,174.4102564102565,179.36793696754148
214,170.0263157894737,175.6548945748167
215,172.92105263157907,177.23886545753282
216,177.65789473684217,172.61427256224732
217,177.44736842105263,171.83855556816525
218,162.76315789473693,176.24483334871903
219,179.83783783783775,178.56247684840986
220,171.52631578947359,201.73339101778822
221,171.23684210526324,201.1956301676305
222,163.71052631578954,177.58916301328378
223,211.89473684210515,186.91741252135938
224,213.78947368421058,244.11129998945506
225,278.89473684210526,249.24609479696596
226,276.7567567567567,294.2883841956263
227,240.86842105263167,284.66495386758294
228,267.3157894736842,237.74656912883052
229,278.52631578947353,244.18693376296244
230,232.89473684210526,272.29516215094804
231,204.23684210526307,246.21878358397652
232,200.71052631578937,201.69120993997677
233,189.83783783783787,202.39760357179176
234,180.81578947368428,186.60459529713944
235,175.34210526315783,186.60339097386253
236,182.63157894736838,177.6051635011279
237,179.9189189189189,180.75133908049833
238,181.94736842105266,181.17274047118462
239,214.92105263157896,181.02779400207146
240,296.4210526315791,224.0703649893794
241,309.5000000000001,214.3633969636876
242,312.63157894736855,309.49207095345173
243,312.0789473684209,285.1620965901691
244,313.421052631579,294.3373877439138
245,262.8378378378379,275.045872611163
246,303.55263157894734,236.73795182712786
247,316.71052631578954,224.81769557294564
248,317.0263157894736,297.73100863267143
249,313.9473684210526,275.27749053969603
250,310.9736842105263,293.18401363555756
251,311.63157894736844,271.31951323910073
252,313.421052631579,308.178769562426
253,308.736842105263,306.7140477737295
254,272.31578947368433,305.4777265048171
255,245.5526315789475,304.0669002317678
256,227.13513513513522,236.18144652445903
257,209.3421052631578,230.86041752186276
258,202.73684210526318,205.010794265031
259,186.39473684210526,205.6049908776435
260,173.7105263157895,185.10990688543365
261,175.05263157894746,191.49687145622545
262,185.42105263157896,177.71404326354946
263,183.39473684210526,178.84443367074405
264,185.44736842105266,182.05640325078457
265,177.5526315789474,186.91028539630747
266,187.60526315789485,178.4067473540272
267,199.84210526315786,181.88915214304222
268,200.65789473684202,205.68524094091413
269,194.81578947368428,207.2981276548618
270,217.07894736842098,197.6431212787881
271,200.55263157894728,213.20209274825743
272,218.0263157894737,199.94864600282722
273,225.0,209.63027335302382
274,268.7105263157895,237.9848979737131
275,262.3243243243244,251.86150967871572
276,224.47368421052647,259.85695529248363
277,279.4473684210525,254.16740246183156
278,226.5263157894737,294.2707249586627
279,218.72972972972974,289.5805272813952
280,206.92105263157902,218.73769157496366
281,229.07894736842098,222.9446548221452
282,250.97368421052647,243.78781476424814
283,234.68421052631578,249.79469350129585
284,223.5135135135135,250.39130088816603
285,227.66666666666674,261.7213403645421
286,198.94736842105266,237.78211383857973
287,186.21052631578942,244.03430397601147
288,218.5263157894737,188.03243400255644
289,210.36842105263145,198.35143851229395
290,166.97368421052627,228.881247514265
291,148.60526315789483,251.9047039413133
292,199.26315789473688,146.90337628920722
293,242.63157894736838,147.7845970499277
294,190.1052631578948,255.05205561875903
295,200.65789473684202,249.0054646077964
296,211.15789473684202,213.81805925053914
297,176.55263157894743,229.49240971609856
298,164.73684210526312,173.82114539280153
299,162.57894736842115,179.00559000706238
300,162.81578947368413,168.86280059607964
301,164.28947368421055,183.0075178914617
302,164.81578947368433,164.5365009064307
303,164.71052631578942,171.36198152072834
304,161.84210526315786,172.37932385578088
305,156.7894736842106,178.8910217694932
306,155.13157894736835,157.28462004428204
307,164.02631578947367,160.41836261665495
308,165.52631578947364,169.86552160738464
309,171.87179487179495,171.7298473901015
310,175.7894736842106,176.92183524593946
311,181.9999999999999,185.27462600782866
312,182.4473684210526,180.87577591611057
313,180.55263157894728,181.05198943028194
314,184.50000000000006,179.15759123010002
315,186.31578947368433,179.89405292034252
316,187.57894736842098,191.00771265442256
317,191.44736842105254,198.10824776874972
318,197.0263157894737,197.72860734422312
319,205.28947368421046,201.63075441363583
320,203.7894736842104,211.20644153279562
321,193.40540540540536,214.9732383426179
322,202.21052631578948,199.2051159358531
323,256.5526315789473,217.62971893125223
324,264.71052631578954,275.5616416816669
325,286.84210526315803,280.7476354477342
326,240.81578947368428,273.54471009336146
327,227.8947368421052,253.22838742362472
328,210.1842105263159,232.46022238476132
329,211.31578947368428,238.98853076453935
330,242.92105263157907,210.89297110117735
331,229.68421052631584,210.930551577642
332,209.48648648648646,245.11240238527927
333,210.78947368421052,259.68066918849166
334,204.5526315789475,213.68237778950487
335,190.7027027027027,216.74342782029515
336,189.6052631578948,192.6473371842543
337,191.42105263157896,200.53508345577137
338,192.763157894737,198.52201624746925
339,194.28947368421058,202.57918887302526
340,201.36842105263162,203.75241444097156
341,198.86842105263156,218.18023699632272
342,193.4473684210526,201.5714398637577
343,269.4210526315791,211.79230358220434
344,323.42105263157913,288.34152758265935
345,335.35135135135147,292.00413554001904
346,317.4210526315788,325.18504525521
347,317.07894736842115,306.81468897832156
348,319.92105263157913,297.2124057989328
349,270.7894736842105,282.31121209960645
350,341.7631578947367,254.1637845476866
351,327.9487179487179,241.54886310471653
352,313.7894736842104,292.2676826708979
353,266.2631578947368,270.9187368464006
354,238.55263157894734,238.50216815024385
355,220.4210526315789,225.9267028325661
356,235.71052631578948,215.36743373758026
357,228.4473684210526,213.84462778428303
358,220.81578947368433,224.85334964443734
359,225.4054054054053,227.38910849759725
360,220.81578947368433,225.54977159024088
361,203.86842105263162,223.16563199616894
362,204.78947368421052,202.0053674080691
363,209.55263157894728,206.75197874485337
364,215.3421052631578,214.94896438871956
365,285.49999999999994,215.8785206804779
366,261.5263157894736,269.20609287597813
367,229.31578947368416,263.85894750060555
368,279.6842105263157,235.83378984625762
369,283.89473684210526,248.84481250708922
370,309.1578947368421,274.8731832406712
371,349.02631578947387,268.4591677026138
372,316.4594594594594,323.6031656091539
373,253.63157894736838,289.6838847704749
374,257.2631578947368,245.7312409419394
375,243.23684210526307,243.83870036041606
376,237.15789473684208,243.50358914633807
377,239.15789473684214,240.3622174304814
378,247.7027027027026,242.4707568554146
379,254.92105263157902,248.12424299246658
380,279.5263157894738,254.62076424269975
381,271.9210526315789,261.9512391595778
382,269.2631578947367,268.86437092695303
383,252.26315789473676,267.30449130759064
384,245.70270270270277,250.5274032623983
385,244.28947368421063,251.96676651285765
386,246.5000000000001,245.4381664151615
387,234.23684210526307,245.8144196273376
388,243.18421052631584,239.00682168231594
389,302.18421052631567,244.82049967893334
390,301.0789473684209,305.2171386404734
391,326.73684210526324,305.82040992405723
392,337.36842105263173,318.52532130947236
393,340.48648648648646,309.70845300902977
394,340.55263157894717,334.2647301111782
395,332.86842105263173,317.3005210447062
396,339.4473684210526,326.8971806299862
397,331.9473684210528,322.7487488688546
398,288.57894736842115,326.790725456861
399,270.0789473684211,315.3907470728909
400,288.35135135135135,259.2760403063601
401,301.21052631578937,253.03985505099257
402,305.26315789473693,299.956084861684
403,300.55263157894746,291.587957168626
404,305.34210526315803,300.54089675139727
405,296.9736842105262,294.06735745172324
406,312.0526315789475,292.1023649814221
407,303.76315789473676,296.1470872834285
408,322.2105263157894,299.9589037318278
409,277.76923076923066,298.6096066787569
410,246.5263157894737,260.23419431809754
411,273.9736842105263,251.38052927888236
412,299.86842105263156,278.52672653172664
413,315.342105263158,272.75472844634896
414,338.58974358974376,313.6194234971504
415,330.40540540540525,307.1633156696852
416,322.0263157894736,321.1132337439992
417,289.78947368421046,313.45353448259067
418,246.38461538461542,276.12104994115083
419,243.36842105263145,272.36543604048364
420,272.57894736842104,236.57228215570416
421,276.07894736842115,229.19584369675312
422,249.42105263157907,272.5875642631145
423,221.5,267.91035849843837
424,203.18918918918922,214.84062612970467
425,181.60526315789468,214.58730837976532
426,192.21052631578942,179.40543841817697
427,179.15789473684208,182.02680512528786
428,165.84210526315792,177.84948132177863
429,162.7368421052632,177.74278312852272
430,156.78378378378386,165.67333489236566
431,152.73684210526318,171.47165232830199
432,151.26315789473685,153.02484717881768
433,159.34210526315795,153.8557071499012
434,161.86842105263167,168.97262782707344
435,171.00000000000009,174.46175222582818
436,156.55263157894728,171.9507278818027
437,196.07894736842098,175.29648763553354
438,246.5263157894737,230.19313252983642
439,277.1842105263159,228.36323182626404
440,253.28947368421063,267.779441653991
441,210.08108108108104,263.46099988408037
442,173.60526315789483,189.09917340548878
443,168.39473684210523,189.16769517702363
444,165.7894736842106,164.7241382758695
445,166.21052631578945,162.9930058350861
446,163.65789473684202,165.59980726299847
447,170.2105263157894,166.90278815646943
448,168.60526315789474,174.35533151285716
449,164.92105263157904,173.72698148688144
450,166.23684210526324,164.615145944421
451,165.34210526315786,166.61671715280306
452,167.3684210526316,165.05776125744785
453,166.31578947368425,165.3601830147168
454,184.00000000000006,167.9338015358501
455,191.73684210526318,171.88331070832288
456,185.18421052631578,192.4639997906864
457,179.5263157894737,191.43452844115018
458,166.76315789473685,179.31725940353238
459,153.1315789473685,182.45145899630455
460,147.2894736842105,152.13072794828932
461,142.9736842105264,155.00867069394255
462,142.86842105263156,143.59814609578376
463,145.4324324324324,147.57804290302423
464,144.57894736842107,151.62979699911142
465,146.1052631578947,160.6953519889867
466,177.68421052631575,154.4902259027923
467,209.26315789473693,162.1265607437301
468,205.8421052631578,243.91337242503488
469,209.7027027027027,249.8748633164426
470,176.94736842105254,205.73471951145376
471,155.8947368421053,199.49353253515915
472,151.1315789473685,150.73125031930394
473,158.4054054054054,148.61110133014301
474,159.52631578947376,166.41744163951398
475,162.13157894736833,175.97221418798026
476,158.37837837837844,165.81395177298404
477,148.89743589743586,172.71400882124854
478,148.67567567567576,150.0605693398908
479,156.55263157894728,154.8235246631064
480,152.73684210526318,164.4104757402027
481,153.0789473684211,165.75800119656316
482,173.3421052631579,158.9467385257795
483,177.28947368421052,167.0421122616392
484,183.05263157894728,186.43499912441007
485,172.84210526315798,192.84976965945634
486,181.30769230769238,172.20281320657674
487,193.15789473684197,183.89265492602124
488,266.13157894736844,194.35561889441834
489,248.55263157894723,201.60797936604138
490,290.657894736842,230.59321506650656
491,278.39473684210543,213.48991836801054
492,313.30769230769243,256.09691343925135
493,313.8684210526315,232.93752994013454
494,318.5135135135135,296.20416785004255
495,268.3157894736842,275.429029059456
496,217.78947368421063,232.26319203936674
497,208.1842105263159,220.98281007127025
498,201.42105263157907,205.918938012943
499,205.39473684210515,204.4770239981096
500,195.84210526315798,207.31451553512773
501,187.34210526315786,204.46447477628834
502,174.10526315789477,186.56656695509048
503,192.26315789473676,193.35554697397703
504,195.0000000000001,203.01246151903297
505,180.39473684210515,198.83998186450782
506,178.2105263157895,195.94429909649784
507,178.84210526315795,204.93539959762563
508,170.57894736842115,182.99659873184703
509,174.86842105263167,193.1823749499245
510,238.54054054054058,187.5597978982123
511,238.23684210526324,203.65575628200457
512,260.7894736842105,247.58129368394992
513,286.5526315789472,250.7187813501701
514,213.02631578947364,288.9443061543555
515,176.73684210526324,271.98785561877247
516,172.89189189189182,169.04988241180203
517,167.60526315789483,167.31510796308808
518,165.5,167.03235518833512
519,167.842105263158,171.53532996156486
520,171.28947368421055,170.31237635854615
521,178.44736842105252,171.49707856400659
522,177.9459459459459,182.68127689819534
523,178.7105263157894,183.07092246304336
524,179.63157894736844,179.4647562718177
525,173.9999999999999,182.86488193149194
526,166.1315789473684,177.28346197740893
527,163.1315789473685,186.8354114297236
528,161.39473684210532,166.98213191007613
529,160.07894736842098,178.22270661211795
530,154.86842105263153,162.2073318722484
531,158.65789473684208,170.9724666794855
532,195.45945945945948,173.49513600235784
533,167.15789473684208,188.5997389240137
534,227.84210526315792,168.2593755877273
535,279.8947368421052,177.4055705321616
536,300.842105263158,285.03892201814193
537,304.9736842105262,280.3654561342984
538,307.44736842105266,300.71994430048363
539,308.2631578947369,294.0450388550194
540,308.52631578947364,300.3147936482931
541,294.55263157894734,284.5677179448155
542,216.76315789473676,287.60556701850686
543,182.08108108108104,277.10445173400495
544,178.15789473684217,179.56039498065115
545,175.60526315789468,184.23728670618152
546,182.6486486486486,173.62242925581987
547,200.07894736842098,174.5512006437302
548,201.78947368421058,207.37600301145528
549,187.73684210526307,205.19534135141146
550,180.89473684210526,188.2512827721469
551,180.18421052631567,190.74152335944513
552,188.57894736842104,182.2618734136003
553,188.1842105263159,190.9662397655256
554,187.6315789473685,190.94530390158616
555,174.86842105263167,194.39568964823366
556,176.71052631578945,180.6264513131099
557,170.2894736842106,191.31919052545078
558,248.57894736842104,176.39535807942076
559,262.5526315789473,185.83887892080787
560,245.3421052631578,257.04701776716513
561,275.0263157894738,249.4090625884425
562,216.0000000000001,273.42611864618664
563,176.52631578947364,258.72968280870225
564,167.81578947368413,166.92881648212645
565,163.0512820512821,164.0603366046447
566,159.56756756756752,161.40514839597606
567,154.65789473684217,163.66658885327624
568,152.52631578947376,153.91130744966623
569,162.63157894736852,154.25149327983289
570,163.76315789473685,167.25220292577768
571,158.62162162162153,168.7236233693065
572,148.81578947368413,158.9807400008201
573,145.49999999999997,162.40818943798985
574,147.8684210526316,145.0339246258653
575,148.0,149.2995452809682
576,153.89473684210526,150.27282027350725
577,154.83783783783784,157.4131292318329
578,150.44736842105254,157.89882031808185
579,159.3684210526316,168.1068969623735
580,203.5000000000001,167.14498773362052
581,205.63157894736838,175.84810004415206
582,184.26315789473693,209.66813821629205
583,164.42105263157904,208.67265815381927
584,162.42105263157904,164.04444185015979
585,165.97368421052636,167.3608070954197
586,164.23684210526315,171.52450399344335
587,161.05263157894737,186.7133911930544
588,163.4210526315789,162.16004204547204
589,176.8421052631578,167.28141376815697
590,205.50000000000006,196.59889967913927
591,210.84210526315803,208.44003938650616
592,223.84210526315803,207.28606868011178
593,188.25641025641022,201.75082395122246
594,176.39473684210535,181.6046600997443
595,179.57894736842093,183.90568042465407
596,173.52631578947367,183.89978252057102
597,166.89473684210537,190.52204910877055
598,160.4736842105263,166.68224556512413
599,154.26315789473682,169.32443337307387
600,155.65789473684217,153.04322284661154
601,153.5,155.25720128334405
602,153.81578947368428,156.76353511310919
603,155.99999999999991,166.3513256020806
604,153.47368421052627,157.00351252024424
605,152.6052631578948,158.53605315519775
606,153.34210526315798,153.37191500640623
607,153.92105263157893,157.1052218098648
608,153.5,157.634092272767
609,159.8947368421053,168.5152243241884
610,165.39473684210532,169.71660235716575
611,185.15789473684202,180.23961232729283
612,210.86842105263167,222.49260647703096
613,223.97368421052624,231.7630959610114
614,241.4054054054053,218.19770219188956
615,220.86842105263162,213.2623454611042
616,222.18421052631567,210.3472829584099
617,200.66666666666669,207.4923312025117
618,198.52631578947359,190.81967896260693
619,189.1578947368422,186.26380973204618
620,180.21621621621625,185.70963564472436
621,169.7105263157895,186.68391479726807
622,183.763157894737,168.27230895383337
623,187.18421052631572,171.5799365095193
624,182.15789473684208,194.40862989839707
625,197.81081081081084,198.30260632634116
626,249.1842105263159,216.9480166797835
627,225.18421052631572,221.51125033389468
628,215.39473684210537,229.03906593914428
629,213.5263157894737,233.43592621861404
630,202.5641025641026,213.89575172834577
631,191.60526315789468,220.59538910370054
632,216.86842105263162,191.6297156055561
633,250.65789473684214,196.81076451581862
634,238.02631578947364,263.2172822188493
635,298.8157894736841,269.47625681970584
636,298.66666666666663,312.3276565984818
637,309.0263157894736,301.780943034408
638,305.9210526315788,305.30400925595865
639,300.4736842105262,287.6395544339676
640,273.0263157894737,280.09447403459376
641,220.57894736842098,263.09070056110403
642,210.31578947368422,205.78900148971843
643,196.54054054054058,200.76193843345425
644,185.94736842105272,191.72026519946007
645,180.68421052631567,190.25977245610142
646,181.23684210526318,181.0379573941521
647,182.05263157894734,183.12321688225217
648,185.2894736842104,185.78657515278456
649,190.0526315789474,186.70536081076665
650,188.6052631578948,191.59775422455544
651,176.36842105263165,189.41377670735255
652,170.92105263157904,181.52397747952222
653,172.97368421052644,185.39440223891813
654,175.1842105263158,180.15179992433463
655,194.10526315789474,185.4372377867154
656,179.84210526315786,225.80655750088715
657,239.86842105263156,238.74344038311204
658,252.76315789473676,249.46874692430788
659,272.73684210526307,273.27329521200113
660,202.15789473684197,269.6780028771003
661,169.68421052631587,242.0755882036123
662,160.64864864864862,166.2010202015524
663,156.34210526315786,171.86645071850967
664,160.13157894736844,153.70878943757955
665,162.99999999999997,152.90817829766183
666,159.2894736842106,166.45387633879085
667,161.2432432432433,172.68422395984868
668,162.02564102564094,162.98830253794347
669,159.3684210526316,164.97783076881632
670,156.10526315789468,160.88462001518872
671,154.60526315789465,162.86868293537353
672,158.0,154.3363623542543
673,164.48648648648654,158.73003296878886
674,160.00000000000009,179.7498212072694
675,243.86842105263162,194.75256796805184
676,252.34210526315775,267.3557756335604
677,276.71052631578954,256.42767565899055
678,277.3243243243243,269.67950966704564
679,303.3947368421052,255.71981654670776
680,296.28947368421063,285.9529642301485
681,300.05263157894734,260.59952997439484
682,301.0263157894738,297.42043549109104
683,299.4324324324324,275.5570245447639
684,299.0263157894738,286.7923933073939
685,266.2631578947368,263.69809257848146
686,190.57894736842098,243.30551795177638
687,175.0270270270271,228.12118494012714
688,172.4615384615384,173.60891111008817
689,166.10810810810815,173.7516603613101
690,163.34210526315786,165.3463779647297
691,161.31578947368416,167.3466463596125
692,161.4210526315789,162.3703791811087
693,156.34210526315786,163.81173732207105
694,164.60526315789483,156.67556515246454
695,168.23684210526312,157.7302553053186
696,177.52631578947376,168.98944653320302
697,179.2894736842104,170.00016886353015
698,178.7105263157894,184.35780340184215
699,171.05263157894728,188.81426190836584
700,161.92105263157904,174.79819514118347
701,168.13157894736835,190.26834630490367
702,173.7105263157895,180.05623665515395
703,230.736842105263,197.26549030858115
704,250.3947368421052,259.60275060872084
705,210.12820512820514,258.59303497489924
706,175.5263157894736,209.70269439133415
707,159.7368421052632,220.79480794766306
708,157.84210526315795,152.86243708821777
709,147.8684210526316,150.00691265237646
710,143.05263157894734,147.2352479046598
711,141.2894736842105,146.1697009910371
712,152.42105263157896,140.89668031107607
713,166.49999999999994,139.83870134058265
714,162.31578947368428,178.98106197580617
715,159.71052631578942,183.3207029944585
716,162.63157894736852,166.6259547235726
717,153.42105263157902,169.6061393638952
718,153.57894736842096,156.79073400697075
719,148.36842105263165,165.95061330623034
720,146.47368421052641,150.5997833922599
721,141.9736842105264,160.48793208612636
722,145.23684210526312,145.82366487680451
723,151.10526315789483,160.3111958344148
724,143.55263157894737,154.7242685363211
725,202.15789473684197,161.9567615074369
726,224.18421052631567,241.59027073800536
727,221.35135135135135,252.49349372128103
728,179.0526315789474,219.38219522691986
729,174.86842105263167,218.28995828597067
730,174.3684210526315,177.50441033886491
731,161.84210526315786,184.7625421782081
732,154.76315789473682,156.1988334506496
733,152.13157894736847,156.20413874956293
734,153.99999999999994,151.56321832258018
735,154.28947368421058,152.65766408712386
736,156.92105263157902,154.2963778734677
737,156.4871794871794,155.02047951498554
738,160.60526315789483,157.70626332272207
739,168.05263157894737,159.416798684735
740,167.5526315789473,169.14145329719196
741,166.1315789473684,171.24308543918474
742,167.5526315789473,166.0725489102269
743,166.31578947368425,168.18701755948135
744,159.47368421052636,170.42881919953368
745,161.81578947368422,171.5315155126232
746,156.39473684210523,165.67859206462302
747,152.10256410256406,166.89455347026495
748,148.23684210526312,151.354923650638
749,152.13157894736847,153.56004036553603
750,150.64864864864862,159.745053044377
751,156.76923076923072,169.4530089207554
752,160.0526315789473,167.53216534672595
753,176.05263157894748,173.3316461343495
754,243.1891891891891,215.41962041243767
755,229.76315789473693,219.9376406955925
756,264.94736842105254,225.80479894608044
757,285.0789473684212,214.8858486902535
758,238.36842105263167,275.1184420287042
759,208.65789473684214,259.69931081786524
760,191.054054054054,192.27756204568328
761,176.55263157894743,184.34727643719668
762,174.55263157894746,174.1197959110999
763,168.60526315789474,174.75346685011874
764,166.10810810810815,168.5402218739792
765,218.36842105263145,169.75354125822923
766,202.60526315789468,240.0690581026019
767,193.0810810810811,228.02080305858874
768,186.34210526315792,200.1101290287515
769,191.9210526315789,205.94275079087873
770,185.1621621621622,196.91660397944975
771,177.26315789473693,201.28999811003865
772,187.36842105263156,183.18876522192136
773,190.9473684210526,195.57444415197034
774,201.71052631578954,206.88422097498534
775,209.28947368421046,216.65790520641218
776,228.31578947368433,217.60812551040777
777,245.99999999999994,224.5629660828509
778,281.7368421052632,246.5481222593428
779,232.36842105263167,248.2278533318995
780,221.10256410256403,219.93836916518705
781,205.97297297297297,233.47705439848937
782,221.55263157894728,206.13982558223887
783,224.18421052631567,209.96370081243333
784,212.3589743589743,223.51287066674638
785,204.84210526315798,228.44473252690835
786,190.13157894736844,210.3754036357662
787,200.18421052631567,218.9588959200397
788,197.4210526315789,221.1626463305625
789,188.5,226.6236903259657
790,190.12820512820514,193.0276922128337
791,186.39473684210526,200.96703025409505
792,207.81578947368428,194.72420609847973
793,192.52631578947364,207.8850810563527
794,195.21052631578954,198.86359761351866
795,194.4999999999999,210.16418542960906
796,184.68421052631578,197.2899638705781
797,192.23684210526307,201.24057825136543
798,196.84210526315786,200.09996190428205
799,268.63157894736827,205.35164100628015
800,325.44736842105254,286.5103620522968
801,338.92307692307685,290.0215649774889
802,342.7894736842107,318.1608317584762
803,282.28947368421063,289.8302246908214
804,270.9473684210527,248.71568116196772
805,242.92105263157907,237.288629063106
806,219.71052631578942,236.4289314456925
807,198.86842105263156,232.72003512965256
808,204.36842105263162,191.2393966724528
809,206.0,191.08778079800578
810,176.10526315789477,208.01198223979003
811,162.18421052631587,210.28853448638392
812,158.2105263157895,165.2648714707906
813,150.44736842105254,178.78021436989312
814,143.47368421052641,152.31664531794792
815,137.99999999999991,159.96124570686635
816,140.71052631578942,138.24266858711962
817,155.37837837837841,141.5255259919871
818,166.53846153846146,165.35872022844754
819,178.9736842105264,167.0395278954278
820,274.47368421052624,184.48689334190993
821,315.7435897435897,184.6190765428152
822,322.6842105263158,301.8638324572062
823,331.42105263157885,283.88673758513136
824,312.39473684210526,298.84993078085796
825,293.1315789473684,264.20270293704533
826,273.2820512820513,270.29693816196306
827,273.92105263157885,253.2081714455419
828,254.34210526315798,269.11318183393655
829,206.42105263157907,256.62733252395935
830,196.9473684210526,198.77362759983515
831,225.57894736842098,200.54758313731543
832,203.92105263157885,254.96060160482614
833,196.07894736842098,255.0045821964914
834,181.39473684210515,200.1794369504998
835,156.26315789473676,205.82619851305685
836,152.68421052631584,156.67573937395198
837,168.13157894736835,162.43133417921362
838,184.25641025641028,187.07888644276233
839,189.4999999999999,190.5664991945589
840,184.73684210526307,194.67616752176707
841,193.18421052631572,197.80059576161534
842,167.86842105263165,204.72112940256238
843,136.84210526315783,211.90533099811034
844,132.74358974358972,129.78648948516147
845,138.31578947368416,131.5973535092271
846,251.55263157894728,141.7690908717207
847,258.15789473684197,142.6992768705917
848,275.92105263157896,244.5958194635479
849,261.078947368421,230.47030232749535
850,224.07894736842115,241.81017714152318
851,215.79487179487177,226.56680335265503
852,175.1842105263158,219.53657120153093
853,152.63157894736847,220.6579353740363
854,146.94736842105257,150.0639587345058
855,140.4102564102564,149.29653881998945
856,144.57894736842107,140.78409631810538
857,151.84210526315783,141.3417922377313
858,159.5000000000001,154.3186653172732
859,167.92105263157885,156.93550013617056
860,167.56410256410246,168.00746822560404
861,159.5000000000001,167.91421113079147
862,149.05263157894734,163.15366844976936
863,144.68421052631587,163.70475298805
864,157.07894736842104,150.43857639658194
865,166.26315789473693,157.72532092156942
866,165.55263157894728,187.45675318891386
867,192.97368421052636,205.37238576093318
868,283.8421052631578,235.03940823514154
869,301.2894736842104,245.39373367776938
870,313.2105263157896,298.8167708235288
871,304.2894736842105,280.7382889600041
872,229.81578947368433,295.2401850169856
873,180.0263157894737,264.8143953765023
874,169.02702702702697,172.89555100965723
875,171.76315789473676,170.0073916319645
876,165.10526315789468,169.73518792568984
877,159.8421052631578,170.04271346392065
878,150.52631578947376,158.61616934297092
879,145.23684210526312,158.39378427115858
880,153.3684210526316,149.56079162561016
881,148.21052631578945,155.92994961713853
882,147.36842105263167,151.26026426602303
883,147.47368421052641,156.29680669902194
884,146.68421052631575,149.42710946665275
885,148.05263157894743,152.58514457360013
886,144.8157894736842,150.95245842210622
887,145.89473684210523,154.9169158087775
888,148.4736842105264,147.50800267280002
889,154.73684210526312,150.94732761589188
890,156.2368421052631,155.5553959759879
891,150.6578947368422,156.55536406884144
892,149.6052631578947,151.02526564345087
893,151.97368421052624,157.13980937694777
894,141.10526315789477,152.51880670662982
895,141.15384615384608,157.02447818368665
896,140.2368421052631,143.96379921020397
897,138.4473684210526,153.39209702716417
898,145.65789473684214,143.7868301028412
899,245.47368421052647,157.2038879680123
900,212.07894736842098,263.712008135469
901,221.34210526315792,252.9030962163373
902,172.36842105263167,221.36137653627765
903,157.5384615384616,218.70068070723778
904,145.23684210526312,153.4893581424439
905,142.23684210526324,151.86541934958908
906,142.1842105263158,143.7513910460363
907,153.39473684210535,146.28898319266727
908,143.65789473684202,164.04222301492675
909,128.7368421052631,175.27118478307221
910,129.63157894736838,129.5296683308192
911,127.21052631578942,136.1536687122212
912,129.68421052631578,131.22323456967885
913,126.92105263157904,143.56767284060683
914,124.21052631578948,129.38100170344038
915,127.10526315789465,136.5618161965146
916,131.10256410256417,138.56164627787345
917,129.71052631578954,148.10021327942812
918,129.4054054054055,134.5050338073057
919,139.60526315789474,141.0069123342161
920,227.4615384615385,149.95112130722285
921,275.7894736842107,155.90922046065003
922,298.26315789473665,253.78909453356823
923,311.49999999999994,220.8034628457592
924,310.84210526315786,275.38606484967
925,299.32432432432444,233.3126917556604
926,255.4102564102563,274.82702385443605
927,259.6052631578948,249.13698302453452
928,170.44736842105272,237.87258542307842
929,162.3783783783783,218.02784321649415
930,157.52631578947364,161.73315305755133
931,171.18421052631572,165.1907789293678
932,163.1842105263159,178.0007121726947
933,164.05263157894734,176.54950255271967
934,152.52631578947376,163.96196825849506
935,152.34210526315792,167.76309008325114
936,170.2894736842106,155.4975074590237
937,175.00000000000003,159.83407427899246
938,158.02631578947376,182.39892967110387
939,155.94736842105252,185.95960187673904
940,162.3947368421053,162.79899213281738
941,150.2631578947369,171.36805789393003
942,144.7105263157895,156.52269909500956
943,165.81578947368413,172.44939641940084
944,247.73684210526307,196.57906019405743
945,271.26315789473665,206.27622604439966
946,291.5789473684211,258.1162624222629
947,181.0,243.4254962314808
948,160.52631578947376,170.2179296361555
949,153.06896551724134,171.6977928426462
950,152.26315789473693,150.63243743059277
951,146.39473684210517,152.19303402054888
952,141.73684210526324,147.69189805516714
953,141.7105263157895,153.12480381086883
954,142.34210526315798,143.07522836745878
955,146.83783783783787,144.97443757358008
956,153.42105263157902,147.98855606176554
957,146.05263157894734,151.1294642656134
958,142.63157894736835,145.0304269773323
959,145.84210526315783,149.1495261008374
960,153.84210526315795,153.35648346428144
961,159.07894736842113,163.29281804316335
962,163.23684210526304,166.2265433239989
963,153.92105263157893,173.46276159377163
964,206.63157894736844,159.72585399627806
965,306.1081081081083,175.38035271576342
966,320.6842105263158,304.33856477340635
967,328.5789473684212,288.285587914292
968,324.2631578947369,299.00594059724176
969,294.31578947368416,267.7868077103513
970,267.7105263157896,263.9035536198481
971,259.6578947368422,246.67393653837257
972,215.05405405405406,252.08881034015002
973,186.39473684210526,242.73961117921277
974,175.94736842105266,178.46739279070079
975,187.68421052631572,178.74840364490058
976,166.18421052631584,187.7665583239591
977,151.26315789473685,187.2938684227234
978,141.5789473684211,151.928399651835
979,144.97368421052636,158.8040270504157
980,142.07894736842096,155.1653872788902
981,148.8108108108109,162.2737391575608
982,160.81578947368428,159.56544804865146
983,161.578947368421,167.38137341805634
984,176.07894736842115,165.12747377628324
985,182.99999999999994,171.8019599376877
986,163.97368421052644,188.13512258463066
987,163.13513513513522,191.68539037490848
988,181.39473684210515,170.06345343212496
989,267.42105263157896,179.31009940492447
990,270.92105263157885,288.4942941633637
991,186.34210526315792,276.0981765062853
992,167.4473684210526,176.8691979934513
993,171.54054054054052,177.26662811679597
994,169.25641025641025,173.57817915909857
995,169.13157894736838,177.4631681476509
996,164.47368421052627,170.44093485364857
997,166.78947368421052,175.20821750230763
998,170.7368421052632,169.02901965226312
999,170.49999999999997,172.83454816940497
1000,168.31578947368433,169.54823235253355
1001,175.8684210526315,169.6012847206702
1002,168.71052631578937,176.9538212228838
1003,165.36842105263165,176.20074882432698
1004,162.60526315789468,166.2208884384713
1005,159.26315789473693,171.57568844471817
1006,161.4473684210526,162.4774551275307
1007,166.42105263157896,165.84814338550098
1008,169.92105263157904,170.73792516653282
1009,160.02631578947359,179.4451120047001
1010,231.71052631578942,160.79062188866655
1011,286.102564102564,166.41195827071004
1012,301.4473684210526,291.82426068532993
1013,262.34210526315786,284.60933362305127
1014,204.02631578947364,231.2131424745566
1015,199.3421052631578,214.0455074922358
1016,187.84210526315792,198.48339586142868
1017,186.0526315789474,196.78721389556625
1018,174.05405405405415,184.5321587613809
1019,173.9210526315789,183.21831679501548
1020,169.36842105263162,174.17902325138613
1021,165.6052631578947,176.36889358661054
1022,160.31578947368413,165.7864592596722
1023,157.4736842105263,169.64661213719617
1024,154.68421052631587,160.5541430863289
1025,144.57894736842107,166.24067554230484
1026,146.57894736842096,144.92249809067957
1027,180.89473684210526,149.54796491625336
1028,233.84210526315786,209.07622403509527
1029,264.0789473684209,215.36973686912756
1030,188.21052631578942,261.94299816084185
1031,171.52631578947359,252.84506578748795
1032,164.71052631578942,171.12444332991973
1033,151.57894736842104,172.52388684494082
1034,158.78947368421058,149.82497022430746
1035,179.76315789473682,150.10432639560474
1036,182.94736842105254,226.52833288276298
1037,161.4210526315789,240.3242596105125
1038,150.55263157894737,159.79025805322246
1039,147.84210526315783,170.69134087723242
1040,153.34210526315798,151.75385733298168
1041,150.6052631578947,158.71293151688778
1042,196.92105263157902,150.63502467403603
1043,283.3947368421053,156.49354876782314
1044,289.1052631578946,294.2630999119698
1045,218.4473684210526,272.4904017643168
1046,167.52631578947359,189.8802184216691
1047,159.6842105263157,182.91084102672062
1048,154.23684210526324,157.39143565764564
1049,153.5263157894736,159.4789068388606
1050,150.84210526315786,151.98475018894445
1051,162.1052631578947,151.38604173708387
1052,223.24324324324328,170.0248336698533
1053,222.65789473684197,174.12770079367658
1054,195.26315789473682,215.42550472737202
1055,204.1842105263159,214.36872394393106
1056,176.4473684210527,200.8251025162366
1057,173.86842105263167,200.8820161120231
1058,201.71052631578954,173.75907053791383
1059,208.47368421052636,178.67937905087737
1060,190.6486486486487,209.64640666200705
1061,184.36842105263156,220.58402871719147
1062,204.73684210526318,187.17939446994654
1063,221.34210526315792,193.44888135908582
1064,275.5263157894738,229.63852405763373
1065,310.18421052631567,233.36258491641985
1066,307.55263157894734,307.31250530168126
1067,327.60526315789474,297.3153190870177
1068,290.8684210526317,304.7953321806559
1069,238.3157894736841,284.11698649740345
1070,245.78378378378375,222.99770601388775
1071,250.71052631578948,223.02852780418652
1072,260.52631578947376,251.65429885194686
1073,264.8684210526316,244.11222805391145
1074,233.26315789473676,262.2724235942306
1075,207.26315789473688,257.64726126600726
1076,220.47368421052624,203.88006674379722
1077,221.5,208.8082535042741
1078,208.73684210526318,219.7647608713226
1079,197.1315789473685,222.66966588904347
1080,213.0526315789474,199.76981620535963
1081,226.26315789473693,203.01928663551644
1082,219.92105263157896,237.07199280794413
1083,247.73684210526307,243.88389197972725
1084,295.18421052631595,246.88916398062065
1085,293.71052631578937,247.54588289320282
1086,270.1052631578948,289.9707719857637
1087,242.07894736842093,283.1374997231539
1088,232.63157894736833,245.05875869499408
1089,304.0526315789474,252.6315817988169
1090,322.52631578947376,307.4881898686435
1091,331.6315789473685,297.1916554656168
1092,335.1842105263157,321.5632515994745
1093,322.94736842105254,300.66179372742795
1094,306.0526315789473,294.8262549438762
1095,270.9459459459461,279.05099855530494
1096,227.9473684210525,255.4073412835943
1097,211.61538461538476,248.5009275230118
1098,217.78947368421063,207.96444824630595
1099,241.55263157894734,205.68373273848783
1100,237.4473684210525,255.24067609399867
1101,256.3157894736842,255.83832810586
1102,247.0789473684211,257.1668236556806
1103,248.6578947368422,251.62130582862306
1104,233.78947368421058,247.39794359205808
1105,231.76315789473688,244.34376780360145
1106,238.94594594594605,235.33378072095678
1107,240.31578947368416,242.47194481482876
1108,242.99999999999994,255.76276788966368
1109,302.5263157894737,265.14585315532736
1110,308.65789473684214,305.6592357773778
1111,320.31578947368433,306.17874718998667
1112,306.0540540540541,319.0650148918505
1113,291.44736842105254,309.8947747549655
1114,279.76315789473693,284.503963357923
1115,251.34210526315803,278.07346088285425
1116,237.3421052631578,243.13418347469326
1117,223.89473684210526,242.2626869072276
1118,209.47368421052641,221.918499149931
1119,214.71052631578954,221.8759588996483
1120,197.86842105263162,214.29723627216976
1121,192.07894736842104,214.47050515420688
1122,189.81578947368428,197.78307755024946
1123,177.1842105263157,206.07815724717955
1124,190.73684210526324,177.42015137224308
1125,182.31578947368416,180.9097173223139
1126,172.10526315789477,185.49383991006533
1127,155.4736842105263,188.95826673917503
1128,154.78947368421058,153.43044121923106
1129,151.10526315789483,157.02523714115532
1130,147.84210526315783,155.37264542579695
1131,145.89473684210523,160.52527865701953
1132,146.00000000000003,149.51045292596478
1133,146.99999999999994,159.64123629342342
1134,255.05263157894734,149.27968236048898
1135,223.55263157894728,154.60690976162354
1136,267.1052631578946,244.7475204781693
1137,243.26315789473682,250.16497735288584
1138,205.50000000000006,218.92903295431978
1139,176.92105263157887,201.64542142786092
1140,159.31578947368416,176.4625222026103
1141,155.56410256410254,178.84543679607432
1142,155.86486486486484,155.26727479406904
1143,156.1315789473684,156.32959152463374
1144,175.3684210526315,155.68371887184566
1145,170.94736842105272,156.16307344348007
1146,140.5526315789474,171.57557393528242
1147,134.84210526315783,172.24159424349457
1148,136.13157894736835,139.1870779346358
1149,137.97368421052636,149.25784235421452
1150,142.07894736842096,142.7565599199737
1151,156.3157894736842,147.18220830472612
1152,171.76315789473676,176.1123441889975
1153,230.92105263157885,178.67533603902893
1154,285.3947368421054,240.78382232297201
1155,299.1842105263159,225.49734568641958
1156,274.8947368421052,290.88745979991427
1157,219.44736842105272,269.1647694811565
1158,181.94736842105266,191.35155846081665
1159,160.8684210526316,187.36620193007548
1160,149.13157894736844,158.11326393796296
1161,144.94594594594597,157.44654185307556
1162,145.94736842105254,144.34995001752284
1163,152.921052631579,144.74624998605438
1164,150.87179487179498,158.43246956249598
1165,142.3513513513513,160.7426774446876
1166,138.39473684210532,142.2851206956513
1167,131.42105263157904,147.57582402114764
1168,128.05263157894743,133.18370098161222
1169,115.0526315789474,137.8108439052826
1170,106.8421052631578,116.48993180489745
1171,102.55263157894746,123.26926382061643
1172,99.52631578947361,103.30706619089642
1173,98.07894736842104,107.23047577110543
1174,101.47368421052624,100.32648873728047
1175,101.42105263157896,103.19742604192285
1176,101.23684210526326,103.94088642627543
1177,100.28947368421052,110.15021676938801
1178,105.15789473684208,100.57134946692173
1179,102.78947368421049,101.45469604328125
1180,104.55263157894728,103.37343027163257
1181,106.3684210526315,109.58345451838542
1182,106.65789473684214,107.96216488013116
1183,104.34210526315789,112.3530451991466
1184,103.6315789473685,107.44700939596197
1185,104.55263157894728,112.43296038435548
1186,170.68421052631584,109.37518400691005
1187,237.13157894736838,120.2537720082534
1188,236.13157894736838,236.68674918672946
1189,242.4324324324325,213.14155162689246
1190,180.23076923076917,213.4126941032269
1191,148.02702702702703,193.1494080964368
1192,135.7105263157894,137.17520260928765
1193,132.55263157894737,133.84754355739014
1194,134.34210526315792,132.5864359484898
1195,149.71052631578954,136.24062107245413
1196,153.84210526315795,162.52050729819413
1197,158.51282051282047,165.37787809104245
1198,146.92105263157887,161.73125559683345
1199,144.35135135135138,173.41701193025682
1200,154.05263157894728,144.1411672468398
1201,158.68421052631584,147.7960415334478
1202,182.2105263157896,163.10773397053114
1203,234.6315789473685,169.15946666733947
1204,266.89473684210515,241.3023046380698
1205,295.7105263157893,229.78321839911115
1206,236.36842105263162,295.9188077946725
1207,263.2368421052632,287.6224913368257
1208,280.07894736842115,252.8885093856902
1209,303.7368421052633,236.76139110236062
1210,283.02631578947376,280.5458815437321
1211,267.4324324324325,246.58472363470383
1212,276.71052631578954,240.11015980175767
1213,269.65789473684197,225.43394845823872
1214,214.39473684210532,260.5847909340151
1215,176.2368421052632,258.3436291387488
1216,259.3157894736843,169.57705502043763
1217,308.2894736842104,169.83284240862446
1218,313.76315789473676,303.84933022814386
1219,312.42105263157913,296.7992838661533
1220,311.5526315789473,299.71683841885834
1221,276.4210526315791,288.0324007506696
1222,198.81578947368422,265.10211657351493
1223,167.50000000000006,260.60194794635623
1224,170.72972972972966,167.78344102274696
1225,160.31578947368413,172.80594107882644
1226,158.39473684210523,161.69623003491174
1227,166.21052631578945,169.06814952645922
1228,166.39473684210517,169.5298408478972
1229,160.76315789473693,168.34918798593083
1230,219.73684210526324,165.30625529805548
1231,246.3157894736841,173.90087402335647
1232,301.3421052631579,227.5769351768074
1233,240.84210526315798,216.38574570649274
1234,216.10526315789463,231.77406143300453
1235,185.18421052631578,237.70832640840598
1236,214.47368421052636,178.87884752609543
1237,217.52631578947364,180.31797998041736
1238,176.86842105263162,219.1397495837826
1239,183.13157894736855,224.8653958493996
1240,159.13513513513507,191.099331268392
1241,157.46153846153848,203.50516131527507
1242,154.78947368421058,160.66932431397206
1243,150.5789473684211,172.46647541571983
1244,148.31578947368413,153.4549441279919
1245,173.60526315789483,160.86578078176157
1246,174.02631578947356,191.5478313039947
1247,153.99999999999994,197.59179848038906
1248,149.4473684210527,155.42152891375457
1249,150.21052631578937,161.28963674290142
1250,146.23684210526324,159.80078511611018
1251,142.78947368421052,172.35300178820495
1252,144.94594594594597,146.36733646862956
1253,209.10526315789474,156.79559629390087
1254,220.46153846153834,240.08231843993025
1255,272.75675675675683,257.45636126168046
1256,221.86842105263167,281.62705881250184
1257,214.2051282051283,265.8558600785483
1258,207.94594594594605,226.4409240800872
1259,236.47368421052624,229.84538589597446
1260,245.73684210526307,247.756953262658
1261,257.5526315789473,248.47819480614214
1262,189.86842105263167,248.05378550611437
1263,182.79487179487194,231.64070974205436
1264,183.18421052631578,181.07585392452563
1265,209.0789473684211,179.96024310785901
1266,212.13157894736855,243.2069956435226
1267,209.10526315789474,239.97908897493312
1268,211.28947368421058,220.18561289318376
1269,221.13157894736833,229.35211013716594
1270,231.97368421052641,229.5319929945968
1271,216.7894736842104,239.73055247244076
1272,189.31578947368416,220.76263891673233
1273,154.81578947368416,230.51295873519354
1274,140.10526315789477,149.78699523102873
1275,150.55263157894737,150.759053967714
1276,158.3157894736843,154.22703095903765
1277,196.84210526315786,154.81659488163078
1278,303.36842105263156,218.89618980847666
1279,306.5789473684212,217.80642244071163
1280,313.6410256410258,289.00084555594066
1281,239.32432432432432,265.6553669711923
1282,245.47368421052647,224.98303318471056
1283,177.57894736842098,234.54578217783313
1284,171.00000000000009,167.5114110343629
1285,185.73684210526312,164.70045745190805
1286,173.42105263157902,193.17536164425434
1287,157.44736842105272,196.28998186665524
1288,153.076923076923,156.6284113518985
1289,144.2894736842106,161.22255414424555
1290,160.23684210526307,146.11395819710705
1291,182.49999999999994,153.1749403866029
1292,157.8378378378379,193.34098605658772
1293,143.73684210526307,187.44572638902292
1294,141.2894736842105,142.84123239115468
1295,132.35897435897442,151.00646121447602
1296,131.68421052631578,134.13024209302154
1297,128.83783783783792,140.6013594401143
1298,136.42105263157887,131.7851812505609
1299,168.02631578947373,135.96511394960987
1300,278.26315789473676,211.94971426950417
1301,295.1578947368421,222.8524546275301
1302,249.52631578947359,267.74590868357035
1303,203.23684210526318,241.5009745235555
1304,201.97368421052636,184.26252403818842
1305,218.26315789473688,184.74466282270635
1306,242.02564102564094,217.69971609115788
1307,209.36842105263145,206.56600312757814
1308,188.1842105263159,192.14881834498692
1309,177.4864864864864,184.9926866104189
1310,163.43589743589754,179.22204991177927
1311,151.29729729729732,184.70560176339836
1312,143.92105263157896,150.05580668521185
1313,145.51282051282058,151.6154906894958
1314,144.92105263157887,147.03784727146402
1315,140.47368421052641,150.39567287598413
1316,139.3947368421052,142.3642182409957
1317,141.42105263157896,145.783072867616
1318,152.3157894736842,146.82866207095904
1319,155.55263157894734,150.61959614009274
1320,152.39473684210526,157.63798210677086
1321,153.44736842105257,161.49312090150025
1322,155.2894736842105,152.94551619305741
1323,147.18421052631575,157.31998212257253
1324,150.44736842105254,148.13889634634455
1325,173.8157894736842,151.68028600050786
1326,162.86842105263162,216.8388647156221
1327,203.3684210526315,240.27594142691515
1328,166.3589743589744,222.67611622020723
1329,167.2105263157896,227.90436416168995
1330,259.68421052631584,171.23378132326573
1331,277.6052631578947,184.29713628647374
1332,257.5789473684211,261.3879222202401
1333,274.5405405405404,234.40885737365596
1334,252.28205128205133,248.20717179557545
1335,225.5000000000001,223.6262459740405
1336,246.10526315789485,218.27103391729196
1337,276.18421052631595,213.65647595811106
1338,238.89473684210532,266.88883145230636
1339,239.84210526315798,248.18868151671063
1340,254.6842105263156,231.44521352891445
1341,228.15789473684208,224.0220518104265
1342,243.36842105263145,232.24196836304105
1343,235.15789473684208,237.99399506698927
1344,225.36842105263167,240.73470282909767
1345,233.99999999999994,250.43833853758082
1346,243.40540540540547,254.440865553996
1347,240.68421052631572,266.5560163718684
1348,241.47368421052636,252.31931465100894
1349,204.23684210526307,266.1767594215092
1350,180.71052631578942,204.98775419294174
1351,295.6842105263158,213.73615321816254
1352,292.2894736842105,308.1434760638424
1353,313.56756756756744,312.55815846557664
1354,300.42105263157913,312.58402763884345
1355,300.0789473684211,292.27540716294317
1356,271.9736842105263,290.1964944404839
1357,278.342105263158,279.86527688292995
1358,254.63157894736833,274.48628176671303
1359,199.07894736842104,276.003817002818
1360,195.8157894736841,186.49455376571683
1361,201.60526315789468,187.60136906090338
1362,182.81578947368433,197.69444067316073
1363,193.00000000000006,194.3877553072498
1364,184.07894736842115,195.17726853396448
1365,199.02631578947359,197.68912684471303
1366,235.97368421052624,210.1577821785301
1367,195.63157894736844,205.18431009548095
1368,156.18421052631584,188.10533810824109
1369,142.1315789473684,193.33562745386178
1370,168.59459459459458,138.3847367126829
1371,186.18421052631584,140.78360842346794
1372,219.0526315789475,209.39019313505725
1373,204.60526315789463,214.4376632770357
1374,238.84210526315792,218.2474940886251
1375,262.6052631578946,229.58910103789316
1376,261.3684210526315,264.9791907526016
1377,274.657894736842,260.20547374868954
1378,212.13157894736855,268.1167560415255
1379,169.5789473684211,248.05134458123945
1380,136.0263157894736,158.98787753728195
1381,143.7631578947369,157.44257709821358
1382,162.3947368421053,151.3594198286113
1383,174.13157894736838,157.20889913484822
1384,181.18918918918928,181.60490240156798
1385,184.92105263157907,181.09618548006517
1386,151.65789473684205,180.3712493741786
1387,132.48717948717942,180.22959301822874
1388,136.86842105263153,137.74886209715007
1389,142.00000000000003,153.85858890147708
1390,129.1052631578948,156.5063335073651
1391,138.0789473684211,171.9249072522559
1392,153.027027027027,151.38889008662886
1393,163.97368421052644,160.84075233935883
1394,243.26315789473682,179.6110465362142
1395,295.65789473684197,190.24223901941724
1396,301.6578947368421,282.88315617578775
1397,334.1578947368422,259.86183418675114
1398,297.3157894736841,305.88832978554
1399,205.81578947368416,272.10319912734843
1400,199.40540540540542,181.8245099472078
1401,204.76315789473693,179.77682438151095
1402,190.4210526315789,208.08876884618553
1403,174.78947368421055,204.2867485354929
1404,170.6578947368421,170.37430214907798
1405,166.4736842105264,173.34047905665037
1406,175.71052631578948,172.38881172715563
1407,164.73684210526312,182.03373845615147
1408,145.13513513513507,164.03440164383082
1409,141.8157894736843,172.77706879219127
1410,130.9736842105263,142.85360109746787
1411,123.94736842105257,149.95528843802794
1412,117.84210526315789,126.55629373725424
1413,114.65789473684202,132.10116855286464
1414,116.0526315789474,114.88514165191418
1415,119.28947368421046,118.02461477974285
1416,115.81578947368416,119.5401800463543
1417,113.92105263157899,121.8451136791845
1418,116.02631578947367,119.66975290950023
1419,115.63157894736844,128.24571036632221
1420,113.68421052631587,115.73559044637173
1421,135.15789473684202,119.53465543443323
1422,215.3421052631578,181.83985372037256
1423,224.65789473684202,208.70627392300446
1424,195.28947368421052,209.63954475900613
1425,138.05263157894743,205.32224461822773
1426,124.28947368421049,124.26170382048676
1427,121.50000000000006,121.98606946311088
1428,120.94594594594588,119.40192647139318
1429,123.52631578947364,119.57339322280473
1430,123.89473684210535,127.67398571173644
1431,116.0526315789474,133.25549096488913
1432,117.39473684210532,115.71973720485124
1433,125.18421052631578,116.92929769969894
1434,122.23684210526315,129.30453183540618
1435,116.97368421052636,133.3854295819076
1436,113.60526315789465,119.52116336843392
1437,117.97368421052624,124.46445179850076
1438,117.44736842105269,125.67452004977838
1439,116.60526315789468,136.00414082058379
1440,118.44736842105263,121.90220050030703
1441,125.61538461538464,131.91626283291163
1442,123.84210526315786,130.539971047248
1443,122.55263157894731,136.04071484785123
1444,117.84210526315789,130.72868180347857
1445,117.21052631578954,143.5595972733693
1446,113.65789473684214,121.93772560708393
1447,112.00000000000003,137.7912933734247
1448,113.21052631578956,120.77844180512673
1449,116.3421052631578,143.13929167637573
1450,112.76315789473685,128.18813805459405
1451,109.47368421052622,146.4766803003298
1452,101.86842105263153,114.49167572582803
1453,98.47368421052624,124.1429337392739
1454,104.81578947368416,99.96321128525946
1455,109.10526315789477,104.21525064983678
1456,108.15789473684214,114.93517015881281
1457,105.71052631578954,122.06114747849085
1458,109.31578947368425,105.29225169190309
1459,118.13157894736841,109.88374416412393
1460,125.78947368421058,121.581649343257
1461,123.31578947368419,119.71548734958108
1462,137.5789473684211,123.31616325770912
1463,117.52631578947373,125.02776869582155
1464,110.35135135135127,117.3106354888393
1465,106.3947368421052,119.24881294462648
1466,101.39473684210532,107.71819375492106
1467,98.84210526315789,113.08169318167373
1468,99.27027027027032,99.21692795682827
1469,100.89743589743588,101.1417105050663
1470,97.5675675675675,106.10231106247457
1471,98.9736842105263,113.25232657643511
1472,102.71052631578951,104.32442053525827
1473,115.60526315789471,113.0055549699045
1474,186.47368421052647,143.71751867032137
1475,187.39473684210515,146.75074558327768
1476,167.3684210526316,183.65181452441777
1477,122.89473684210529,178.9436721313132
1478,116.94736842105266,112.98623632233065
1479,109.17948717948718,112.78596591384141
1480,104.49999999999991,107.41943635262254
1481,102.4594594594594,108.0834931434043
1482,99.92105263157893,102.75404749199086
1483,99.1315789473685,104.94091177491256
1484,97.42105263157893,101.64835247833278
1485,94.73684210526321,105.87966322265169
1486,92.76315789473679,97.4911936976439
1487,91.55263157894734,103.67368338338173
1488,90.60526315789468,93.72113095693086
1489,91.94871794871798,95.83864881558927
1490,95.64864864864865,95.3184801227413
1491,97.47368421052636,100.38055136664232
1492,101.28205128205124,103.26036531001591
1493,108.37837837837836,109.03364899219082
1494,109.78947368421049,109.90155024025847
1495,196.13157894736833,112.0148705860529
1496,220.1025641025641,195.28096815007552
1497,152.2162162162163,178.8015649176958
1498,155.76315789473685,131.9651436284461
1499,143.42105263157887,129.82099616194952
1500,132.31578947368428,142.48174970794565
1501,131.15789473684208,142.30993750449815
1502,117.18421052631572,129.70995518185904
1503,109.1842105263157,129.33043038559484
1504,105.02631578947367,109.81515373591483
1505,104.02631578947373,116.61064388711219
1506,105.26315789473688,106.63487788633299
1507,106.13513513513519,114.38883638660735
1508,103.31578947368422,108.06554010828992
1509,101.43589743589735,110.73010331375491
1510,99.47368421052633,104.96248671533064
1511,104.78947368421055,108.13655178012218
1512,107.89473684210532,113.14605778953108
1513,110.60526315789471,113.80571581766213
1514,111.60526315789471,116.32671455816924
1515,111.10526315789471,118.21836052953034
1516,116.13157894736847,113.26477197054675
1517,123.63157894736844,118.5944375581349
1518,213.44736842105266,123.32427757879225
1519,320.9487179487179,125.87484948184829
1520,268.55263157894746,315.68207195227427
1521,232.13157894736833,297.811939292016
1522,218.8461538461538,192.0429349252057
1523,205.4324324324324,171.60514627612244
1524,198.07692307692315,190.1218226014385
1525,181.05263157894734,179.40797102338433
1526,175.89473684210535,169.8843571851315
1527,165.31578947368413,165.8196462922358
1528,151.00000000000006,163.7217951534107
1529,165.13157894736844,166.05863148454824
1530,145.55263157894746,187.6976192923123
1531,141.18421052631584,190.9177973682664
1532,152.55263157894734,143.29505314886325
1533,151.4473684210527,152.20885298412773
1534,170.76315789473693,153.12529367211846
1535,176.4871794871794,156.7374023076762
1536,195.13157894736838,184.84938345557572
1537,201.99999999999994,190.0076903061336
1538,206.5000000000001,210.92470491094411
1539,233.15789473684202,209.7758439640641
1540,288.8684210526316,241.70512889612053
1541,345.4473684210528,241.33548790651906
1542,326.73684210526324,332.784981108713
1543,262.5641025641026,293.0355248697055
1544,234.3421052631578,234.76231190638305
1545,240.86842105263167,229.51936054694005
1546,238.3076923076922,239.00523446252487
1547,205.97368421052647,231.6675242385507
1548,175.26315789473693,204.08100288639332
1549,164.38461538461544,211.05764699883406
1550,151.21621621621628,162.36679055286245
1551,154.63157894736847,166.19403233706194
1552,149.65789473684208,161.23676596441695
1553,151.73684210526318,165.81360080660912
1554,144.2894736842106,157.60383236680443
1555,167.69230769230765,160.60351420432062
1556,185.55263157894734,175.16091808298452
1557,171.6315789473685,180.70649604469344
1558,150.15789473684217,168.28680315957484
1559,142.39473684210526,164.38838259942116
1560,137.1578947368422,147.8150160628748
1561,129.8684210526316,154.49892615775101
1562,127.4210526315789,133.7852588451234
1563,122.99999999999991,140.4502478785024
1564,121.74358974358972,124.35160152699373
1565,174.84210526315778,126.18345491369266
1566,186.97368421052641,203.8643396646366
1567,217.55263157894746,210.68158793245487
1568,176.71052631578945,226.37348119430436
1569,169.35897435897445,224.24369473532272
1570,152.3684210526315,175.42179564897017
1571,140.00000000000003,179.97635114226495
1572,138.38461538461544,139.55010120183428
1573,138.4473684210526,138.65075574269792
1574,136.76315789473685,138.61241314571316
1575,129.2368421052632,140.6875988843189
1576,125.97435897435898,129.8060898536503
1577,125.84210526315795,134.4842929384813
1578,129.28947368421052,127.92595538753207
1579,142.9736842105264,131.689478558361
1580,143.3846153846154,179.57972804310896
1581,143.44736842105272,185.57083675589126
1582,143.36842105263156,143.08792682055142
1583,133.69230769230776,146.33974733830647
1584,143.63157894736847,136.1035278806973
1585,159.1842105263158,147.5565932522748
1586,173.02631578947364,181.87478305634204
1587,176.79487179487177,191.00853425465107
1588,208.1315789473685,178.95153027736754
1589,272.68421052631567,184.9201791130098
1590,265.5263157894738,273.69979298796636
1591,257.9736842105264,254.64186490201854
1592,185.9487179487179,245.30004293372264
1593,136.2631578947369,224.23701150324717
1594,136.25641025641016,129.74400699747696
1595,143.5263157894737,129.70077626614187
1596,149.89473684210517,145.68985204854854
1597,130.61538461538456,152.46616377940262
1598,120.92105263157899,127.87063937281954
1599,115.60526315789471,129.91954018976537
1600,115.36842105263156,121.33878895601785
1601,145.13157894736833,130.39295109777257
1602,155.3947368421052,167.9829084458878
1603,131.76923076923075,168.34960385192284
1604,129.0789473684211,134.33580658154133
1605,124.36842105263162,140.0779443330321
1606,128.69230769230765,127.43851950517936
1607,128.60526315789465,134.60613747236363
1608,144.2894736842106,131.0308562196356
1609,168.34210526315798,136.83178044423863
1610,144.68421052631587,199.1698412125644
1611,176.56410256410254,203.10858219216482
1612,169.0526315789473,196.81809614619908
1613,162.94736842105263,200.648624977034
1614,157.07894736842104,160.52291568022545
1615,187.10526315789468,166.36802664666646
1616,227.53846153846166,203.45507990487306
1617,206.86842105263156,205.35150131466196
1618,244.26315789473693,191.81274025324205
1619,279.2368421052631,189.31247196512476
1620,278.79487179487177,275.46481064533566
1621,184.23684210526324,263.1588882084095
1622,156.15789473684222,169.1712600111216
1623,143.3846153846154,167.43718853532974
1624,168.86842105263162,140.2425324160519
1625,173.157894736842,141.57313982224548
1626,139.82051282051273,180.47291730328703
1627,131.78947368421046,186.56277465643234
1628,120.71052631578954,134.27493876194117
1629,122.23684210526315,147.0395546891449
1630,132.31578947368428,129.07535331620878
1631,128.39473684210517,140.05619833235448
1632,124.39473684210526,131.4342311924983
1633,126.65789473684208,140.92896271256836
1634,128.7368421052631,134.92808639205592
1635,129.2972972972973,145.778700792291
1636,137.63157894736838,130.5905059823522
1637,147.55263157894734,132.59110308542685
1638,155.25641025641022,155.7365485165086
1639,191.21052631578954,166.00245861191584
1640,304.1842105263159,193.33951806677283
1641,327.2894736842106,185.98119396054818
1642,338.0263157894738,306.1628294744326
1643,334.76315789473676,253.29086748203127
1644,307.2368421052632,305.5707468046861
1645,305.5263157894738,269.9813626391356
1646,245.02631578947359,287.2898469446822
1647,182.63157894736838,262.52861747644766
1648,182.26315789473688,173.09719679559365
1649,191.52631578947364,172.6412563253206
1650,193.63157894736838,186.82687324617683
1651,215.26315789473688,182.97532265015172
1652,197.89473684210537,215.70323398124162
1653,187.21052631578948,206.03528483013935
1654,184.15789473684197,187.39542824012335
1655,177.52631578947376,185.79242114577727
1656,186.91891891891885,179.03646272094448
1657,202.73684210526318,188.32752023985842
1658,213.02631578947364,215.31641601468647
1659,227.65789473684208,221.7193891111105
1660,228.86842105263167,234.8125748696907
1661,211.94594594594588,238.94171580239043
1662,278.13157894736855,211.92877552924534
1663,278.76315789473676,216.63907262852678
1664,302.6052631578946,265.6068547391205
1665,322.0263157894736,245.887149359572
1666,295.50000000000006,300.9512716290957
1667,247.84210526315798,270.60100881518974
1668,223.76315789473688,247.39953685252226
1669,216.31578947368416,242.69171941600354
1670,190.3684210526315,215.07537933029067
1671,198.23684210526312,212.82566104828396
1672,184.36842105263156,200.55951658357696
1673,201.23684210526312,202.83545696518786
1674,197.86842105263162,206.8108754466498
1675,202.0526315789474,200.5445377119421
1676,212.5675675675675,204.6838416279926
1677,214.9473684210525,203.80455044681412
1678,210.3947368421052,216.23006960416183
1679,206.47368421052636,212.39950276360787
1680,207.31578947368433,214.8673937679185
1681,211.39473684210515,227.79543581799288
1682,236.55263157894734,220.0375119955802
1683,319.71052631578937,229.00280151594103
1684,320.0526315789472,329.4553585753384
1685,332.94736842105283,321.2355323408106
1686,313.9473684210526,320.644156710773
1687,273.5405405405405,298.4742238633649
1688,258.7948717948716,255.40254971300266
1689,252.76315789473676,252.68302222979435
1690,269.342105263158,248.00653743566573
1691,289.8421052631578,242.49700096636235
1692,272.0263157894738,290.40411334118573
1693,275.7837837837838,285.0749185897642
1694,253.34210526315803,268.7077118547762
1695,246.92105263157896,270.5607235380833
1696,228.34210526315798,241.44669052914554
1697,223.15789473684214,237.664087732055
1698,206.5000000000001,226.24698609152796
1699,209.0526315789475,232.53234902318746
1700,205.5526315789475,210.672922644138
1701,218.28947368421046,211.19538346884252
1702,211.39473684210515,219.8440182667174
1703,200.26315789473682,218.2121355579913
1704,210.76315789473676,200.23375222500255
1705,216.21052631578948,207.03454823351046
1706,220.4210526315789,218.01511293085912
1707,224.26315789473688,218.95568546020388
1708,224.81578947368428,229.6265139084561
1709,233.47368421052641,236.32574615519286
1710,238.89473684210532,248.23927279626645
1711,278.342105263158,260.6352569432814
1712,306.763157894737,290.1060626776633
1713,311.3421052631578,289.3679828178545
1714,321.3684210526316,300.2585455597207
1715,289.15789473684225,288.56067280245566
1716,253.6842105263159,262.6578310763046
1717,241.47368421052636,251.19214760545287
1718,239.86842105263156,240.9826720390585
1719,239.18421052631584,242.00353404512066
1720,233.54054054054052,237.11218950975223
1721,228.55263157894746,233.69425609867352
1722,232.71052631578937,228.45238983415635
1723,238.74358974358967,226.90738200816526
1724,230.36842105263145,236.11378223847595
1725,215.945945945946,231.58331312269297
1726,219.3157894736841,218.11644404887824
1727,208.86842105263156,221.36007900932645
1728,216.36842105263167,210.22510684318053
1729,219.97368421052624,219.51738983219957
1730,227.3684210526315,224.00239523913712
1731,224.02702702702703,231.520554030818
1732,264.84210526315803,226.79380644689047
1733,334.7105263157894,229.88015894659424
1734,343.6315789473684,343.4631896001758
1735,331.2368421052633,339.31011669628714
1736,315.63157894736844,318.47563226240425
1737,275.7631578947369,300.9838219447804
1738,271.6842105263159,259.0734433271175
1739,264.78947368421063,256.93187074878415
1740,178.1315789473683,263.3699555717751
1741,148.36842105263165,256.28307313030814
1742,129.26315789473688,148.0484914522205
1743,121.18421052631584,158.72352947591142
1744,115.76315789473682,120.7697918303096
1745,115.73684210526318,126.34268134327448
1746,116.81578947368428,119.8420135533622
1747,112.8684210526315,124.07195938453725
1748,111.5,117.96912315751749
1749,110.26315789473685,123.54857478778356
1750,109.47368421052622,112.51298590056496
1751,109.84210526315783,116.41088536378689
1752,110.18421052631578,109.93817347471057
1753,106.28947368421058,110.66740988296468
1754,105.94736842105257,106.92091587431719
1755,102.68421052631572,108.63118784076974
1756,102.63157894736847,103.79389708609986
1757,103.94871794871796,107.90977417603162
1758,101.7105263157894,105.88445474184786
1759,103.18421052631572,109.86703187416421
1760,113.86486486486481,109.0269082711213
1761,193.8717948717948,117.3757927777302
1762,249.26315789473682,201.44167704374297
1763,303.8947368421052,182.44999151343893
1764,239.86842105263156,286.2067816861736
1765,168.60526315789474,252.47648358048167
1766,157.8684210526316,147.02811496117607
1767,134.81578947368425,142.49561940003468
1768,117.6052631578948,130.7820610287771
1769,114.28947368421049,129.15768923835998
1770,108.92105263157904,115.203759771487
1771,108.34210526315786,117.28952952222085
1772,107.18421052631572,111.59613285058117
1773,107.92307692307688,117.64497357445325
1774,115.34210526315786,111.62541795505041
1775,123.71052631578945,117.48342848223186
1776,126.76315789473682,132.35210235566652
1777,128.34210526315798,139.68197406112256
1778,128.07894736842113,130.6288089521156
1779,123.55263157894731,130.74616123566312
1780,118.02631578947373,125.74868551066368
1781,109.47368421052622,134.3991757135205
1782,110.64102564102566,110.39565903577707
1783,172.21052631578954,118.10219607611123
1784,166.28947368421058,192.7829069446708
1785,124.60526315789474,190.32377273441358
1786,115.60526315789471,124.27987018940948
1787,111.05263157894743,133.8013977895502
1788,107.3684210526315,108.13033139643014
1789,109.92105263157902,107.3369362314182
1790,108.39473684210523,115.86895651272073
1791,103.56410256410263,124.56355308744548
1792,102.31578947368425,104.7103949802075
1793,101.13157894736844,107.94380131856101
1794,101.23684210526326,108.59739795328395
1795,107.23684210526315,115.97853796095706
1796,112.49999999999997,112.62306111946495
1797,109.65789473684205,115.7848836202983
1798,110.97368421052636,110.72740981060255
1799,115.31578947368419,113.9836111628361
1800,110.60526315789471,120.0107902238206
1801,103.47368421052636,125.20050971264334
1802,105.36842105263165,106.65825160929737
1803,102.26315789473674,113.4460274887424
1804,104.35897435897436,106.24304817193368
1805,106.3684210526315,116.44737884308503
1806,145.55263157894746,114.86495236970282
1807,162.36842105263153,128.27810998994698
1808,131.15789473684208,179.35568124491732
1809,107.49999999999997,185.383083167775
1810,99.73684210526318,109.10240513066688
1811,95.86842105263162,118.08186693062748
1812,95.34210526315792,95.1085188426965
1813,90.00000000000006,96.14142308913392
1814,85.52631578947364,94.77711672460543
1815,84.68421052631572,104.15086233761636
1816,84.72972972972977,86.08450099577928
1817,85.5128205128205,88.92201946325403
1818,95.76315789473685,88.4942180937864
1819,89.45945945945948,91.52617963834103
1820,84.63157894736841,89.8829512020053
1821,82.39473684210526,97.40010560428155
1822,80.28947368421058,87.24723472793275
1823,76.52631578947376,95.72061415668097
1824,75.36842105263156,81.79028655502731
1825,75.23684210526324,89.46599134051976
1826,88.3684210526315,79.97945933709428
1827,166.81578947368422,92.52542609629276
1828,189.55263157894746,174.95351446033106
1829,125.26315789473688,158.60651281829664
1830,101.65789473684217,112.168205826534
1831,108.18918918918928,109.0881785599878
1832,100.78947368421052,113.50247181195061
1833,93.89473684210532,113.58123895138783
1834,92.28947368421055,93.99229849748696
1835,99.57894736842098,95.67444149767701
1836,98.94736842105257,106.55701600033217
1837,97.39473684210529,111.29491480827565
1838,102.8918918918919,97.83977079743923
1839,103.15789473684205,101.25936602369913
1840,90.57894736842098,103.61234313320588
1841,90.97368421052639,106.49155494932367
1842,95.81578947368428,94.14213199907368
1843,106.89473684210523,98.99172216829348
1844,114.97368421052627,151.5462907095706
1845,93.26315789473682,168.05465094392537
1846,83.18421052631572,95.63677129341818
1847,82.48648648648646,104.81135017808299
1848,83.64102564102569,84.57075769496134
1849,83.51351351351349,90.04943327887116
1850,83.10526315789474,84.63348476309667
1851,87.81578947368425,87.81183469412872
1852,89.28947368421052,95.81530242107391
1853,91.1052631578948,104.00528518617145
1854,93.21052631578951,95.57263965435274
1855,94.89473684210532,99.77366879995597
1856,95.57894736842104,97.23422347570232
1857,90.47368421052633,102.15086034722631
1858,89.18421052631584,98.52898649573356
1859,102.59459459459461,111.46884790713096
1860,155.38461538461544,155.67854674400522
1861,135.21052631578942,178.14793573097845
1862,119.9473684210526,129.85660479196335
1863,122.34210526315789,132.05642976652013
1864,121.63157894736844,125.8021134785294
1865,109.31578947368425,126.28623378725345
1866,110.29729729729726,108.70731716454145
1867,116.15384615384613,111.4949317349728
1868,104.35135135135138,118.15793321101489
1869,101.68421052631572,123.58937570304406
1870,106.86842105263153,104.03597440456227
1871,102.44736842105266,108.62398670619305
1872,99.87179487179483,103.3080124245968
1873,110.1578947368422,105.65890576944102
1874,112.92105263157887,140.31869023405295
1875,130.86842105263156,151.4509317330676
1876,236.7894736842104,176.9543597337623
1877,317.05263157894734,194.1498008442187
1878,218.63157894736855,309.15574574728606
1879,162.18421052631587,288.8875444388802
1880,170.5128205128206,144.25947097005786
1881,182.13157894736838,145.88511713425922
1882,178.35897435897434,179.70254757398664
1883,135.7105263157894,173.017960926677
1884,124.63157894736835,128.7580902548175
1885,107.6410256410256,129.51444457672795
1886,113.63157894736841,104.90532827902618
1887,108.78947368421055,106.40331796597368
1888,103.60526315789471,112.04189770320625
1889,95.07894736842101,117.08757524991091
1890,114.4736842105263,95.85343020190709
1891,101.47368421052624,98.87531070866467
1892,110.51282051282055,101.5838506298721
1893,100.71052631578942,104.22104334151149
1894,102.34210526315786,100.82042171507251
1895,103.0,103.94507592725688
1896,100.28947368421052,105.89207842308357
1897,97.0,108.22741030331548
1898,93.65789473684217,96.23816628377159
1899,96.4871794871795,99.6001274975905
1900,102.10526315789471,105.62913063603398
1901,109.42105263157887,116.96700700397474
1902,121.34210526315789,114.0379748845699
1903,123.25641025641036,118.21013089525451
1904,128.97368421052627,121.93774590037188
1905,215.71052631578942,122.1419740411194
1906,333.58974358974365,220.05606053857025
1907,355.9736842105262,201.67409853387886
1908,348.0526315789473,322.8472440162569
1909,341.051282051282,252.72063252236865
1910,300.00000000000006,286.7085782540419
1911,216.44736842105254,233.78958662639502
1912,162.99999999999997,191.36882538508235
1913,156.5263157894736,179.62101577088896
1914,159.2105263157895,155.43299889181682
1915,143.9736842105263,154.65854139439844
1916,138.66666666666669,145.25574430050915
1917,137.94736842105266,152.5874206601497
1918,140.26315789473693,143.64585422897176
1919,135.15789473684202,154.51837977169345
1920,129.68421052631578,141.99820674549426
1921,128.68421052631578,149.26708429724403
1922,125.0263157894737,134.29647223079064
1923,118.71052631578956,139.17946806627305
1924,113.8205128205129,120.84268989262839
1925,105.31578947368428,128.74132395601822
1926,100.76315789473676,106.51623572236957
1927,102.92307692307685,120.18692788866798
1928,104.28947368421052,106.25971607826847
1929,169.4210526315789,114.27916983300821
1930,286.7894736842106,209.27919923991465
1931,293.2631578947367,215.57281844327144
1932,245.13157894736838,256.5460727822557
1933,170.68421052631584,214.22771272318664
1934,160.39473684210515,153.83661987767545
1935,137.2368421052632,151.67523751813764
1936,139.71794871794873,133.54499332686058
1937,156.21052631578945,131.81127422252703
1938,152.0526315789474,159.11020079205653
1939,127.36842105263159,153.06217062463375
1940,114.39473684210532,131.42766001193962
1941,116.17948717948715,140.66882057589515
1942,113.50000000000003,124.93658064718485
1943,118.92105263157887,134.3691734317327
1944,121.18421052631584,129.5028761774778
1945,122.07894736842107,136.11573894964323
1946,125.89473684210526,127.80745356941128
1947,129.36842105263165,134.0657542199636
1948,134.28947368421046,136.78479234433408
1949,120.81578947368416,146.03351230281785
1950,125.69230769230765,123.71622655161374
1951,235.9473684210526,129.01760631403954
1952,315.421052631579,242.0694732860067
1953,316.8205128205129,225.78485268917058
1954,320.2894736842105,282.95591923098704
1955,303.157894736842,233.47580594721967
1956,183.92105263157896,252.2188201810817
1957,137.13157894736847,217.8374039781147
1958,122.57894736842104,133.99621608000146
1959,120.17948717948715,137.2210295479382
1960,117.6842105263157,119.16532962193395
1961,120.23684210526321,119.00235101829372
1962,123.68421052631575,127.09296036859195
1963,120.28947368421058,129.59217672854805
1964,122.30769230769238,131.1161135664217
1965,124.10526315789465,133.24767406802502
1966,140.10526315789477,128.96109292054726
1967,132.94736842105266,131.9066099823399
1968,125.3157894736843,128.8978123534363
1969,127.94736842105266,128.93079444750504
1970,207.71052631578948,135.65727487775695
1971,286.6666666666668,146.42719050970396
1972,318.6052631578948,283.77705134214926
1973,336.6842105263156,258.4788055286622
1974,320.7368421052632,290.9169850252323
1975,293.921052631579,245.62660835268053
1976,260.15789473684197,257.1622316462087
1977,230.97368421052624,235.7781011458913
1978,192.82051282051293,203.49479252853848
1979,182.94736842105254,195.80872379316622
1980,191.81578947368428,179.74993992021206
1981,172.10526315789477,177.72411898142911
1982,165.2631578947368,172.8773509657202
1983,164.31578947368425,178.45518225546903
1984,168.60526315789474,166.4702265152935
1985,163.23684210526304,171.54777254882325
1986,152.39473684210526,163.74043330549526
1987,146.50000000000006,168.32856746121678
1988,150.6315789473684,146.834290121628
1989,189.51282051282044,150.6972827060812
1990,255.26315789473688,211.97348272866185
1991,184.65789473684214,221.1987757450304
1992,140.47368421052641,192.482228457843
1993,130.55263157894737,202.116947241439
1994,131.12820512820508,125.33065805856359
1995,128.8421052631579,120.23691624333861
1996,122.34210526315789,131.0224998575324
1997,213.78947368421058,133.59260388341468
1998,156.73684210526324,242.24742288867554
1999,147.35897435897436,242.22908451695582
2000,170.84210526315798,155.65265908658793
2001,155.71052631578945,169.39328278050235
2002,165.07894736842098,163.6315944752886
2003,122.39473684210535,171.20035407293122
2004,116.44736842105269,119.5484168343377
2005,109.63157894736841,125.32612291772048
2006,109.71794871794879,110.55538024684063
2007,109.07894736842104,113.19363764975654
2008,104.94736842105269,110.918050649771
2009,100.68421052631575,113.94644461612543
2010,99.05263157894734,102.44841343706483
2011,99.5526315789474,106.57224030578797
2012,113.34210526315789,102.50230359459039
2013,232.6052631578948,105.57119791837411
2014,285.71794871794873,233.3596917670901
2015,308.2631578947369,222.1035395843433
2016,319.5135135135133,281.3488764510158
2017,277.4210526315791,232.6346221402203
2018,206.58974358974348,217.27009400908707
2019,154.10526315789483,188.16919409633607
2020,242.39473684210532,143.41564818934592
2021,265.7894736842107,143.67165655927764
2022,203.3684210526315,255.28262056886933
2023,164.57894736842098,237.02114367267671
2024,153.2368421052631,159.08618659333217
2025,150.02631578947373,162.02205337938008
2026,174.5897435897435,152.3410788971726
2027,229.52631578947353,157.89887467132212
2028,314.1052631578948,218.99652346511084
2029,334.07894736842087,210.18967537785608
2030,303.1315789473684,318.4568942162546
2031,296.0263157894737,289.38446340267774
2032,320.65789473684197,273.65799308504165
2033,324.921052631579,251.5416409337933
2034,290.9230769230769,310.2112268481601
2035,257.6052631578947,287.65922174516254
2036,240.5,230.99324472988502
2037,221.05128205128204,221.96495835407177
2038,222.86842105263167,213.5405031492457
2039,291.99999999999994,210.2959204373314
2040,293.86842105263173,308.32413877152425
2041,262.66666666666663,304.7163313349293
2042,275.5789473684209,259.7367196179416
2043,297.4736842105264,264.05259985296067
2044,311.7948717948717,294.8276038265732
2045,326.97368421052636,290.52155871123045
2046,331.55263157894717,326.62675070879106
2047,323.7894736842104,303.45014432402763
2048,310.1052631578947,309.39284223473305
2049,246.38461538461542,297.73326201553124
2050,167.6842105263158,221.84703490850785
2051,154.9736842105263,218.8805060830902
2052,154.60526315789465,154.09995998848922
2053,162.63157894736852,160.91626902819667
2054,180.71052631578942,171.85674558049706
2055,183.18421052631578,179.969424780204
2056,191.20512820512818,181.10392414031566
2057,171.97368421052633,176.39083561790443
2058,166.26315789473693,163.1265730624204
2059,156.60526315789465,163.2091958340864
2060,152.55263157894734,161.557565623606
2061,151.79487179487188,174.91705949750101
2062,158.28947368421044,154.08486153928592
2063,142.00000000000003,163.16125358878148
2064,128.3684210526316,141.26314889516365
2065,129.76315789473693,144.1265972443865
2066,137.2894736842105,136.3840947945481
2067,140.0526315789473,149.17193464854842
2068,149.56410256410257,145.26309059399333
2069,160.5,149.88053182157583
2070,198.02631578947376,171.56129921123906
2071,301.18421052631567,181.97035813077645
2072,311.02564102564105,298.36808993866373
2073,259.76315789473676,271.0144587677626
2074,207.5526315789474,222.67307566568365
2075,196.44736842105266,200.52317423799133
2076,191.84210526315803,190.39969000981347
2077,206.81578947368422,187.30113007322944
2078,210.28947368421052,200.20472347265599
2079,189.17948717948718,189.66062095034107
2080,201.99999999999994,186.5530718776862
2081,168.92105263157885,191.14957313613962
2082,183.763157894737,168.87812944389398
2083,154.02631578947376,179.2046949415087
2084,147.12820512820522,161.9406252096903
2085,154.60526315789465,177.2936254516199
2086,158.3157894736843,175.60076274207358
2087,156.21052631578945,182.19038655437362
2088,162.42105263157904,157.20711462893192
2089,143.94736842105272,167.24650613468188
2090,145.0526315789473,144.27460588112856
2091,164.18421052631578,153.63631102003504
2092,174.84210526315778,177.69150850140107
2093,189.64102564102564,182.96278558283603
2094,180.0263157894737,207.8701454272002
2095,312.26315789473693,210.64974841024048
2096,320.13157894736844,311.0846180292552
2097,323.3421052631578,289.2981539533674
2098,324.39473684210515,295.56881341861094
2099,283.33333333333314,258.412057426471
2100,211.39473684210515,242.5598144410177
2101,181.76315789473693,224.41324148194536
2102,175.34210526315783,180.21365787863306
2103,153.44736842105257,179.0976295378655
2104,171.51282051282044,148.56398161564525
2105,148.15789473684205,150.3978622993688
2106,146.21052631578956,150.87862473454123
2107,161.78947368421044,157.94800210324377
2108,185.2894736842104,174.23367016677176
2109,170.55263157894728,176.00068232934075
2110,140.00000000000003,173.69673351633247
2111,132.15789473684202,174.521744061957
2112,133.8157894736842,135.72153882131207
2113,150.52631578947376,142.27645961742283
2114,289.8974358974359,174.6808038013924
2115,284.2631578947367,181.35715193533963
2116,310.6842105263157,257.34398015788616
2117,263.86842105263173,231.64562068552397
2118,174.23076923076914,225.93365323169053
2119,150.86842105263156,208.7438114906741
2120,151.94736842105254,148.56232503082114
2121,147.84210526315783,149.22338027145003
2122,152.26315789473693,145.402552644504
2123,162.69230769230762,145.26370337302174
2124,192.68421052631578,169.50750142479055
2125,207.78947368421046,172.9994793804334
2126,197.34210526315803,200.79607870687437
2127,188.41025641025635,186.2099863331269
2128,176.68421052631587,185.30550683143923
2129,161.81578947368422,184.6918394301303
2130,157.8947368421052,162.61933945471645
2131,151.50000000000009,169.4758675982317
2132,146.1578947368422,151.49826650449725
2133,146.078947368421,151.61932013129243
2134,142.47368421052641,147.3553400330769
2135,150.68421052631578,149.01713670063216
2136,169.4358974358975,165.0503223381327
2137,141.02631578947364,172.39930975899173
2138,142.57894736842098,143.18110999200843
2139,161.78571428571433,154.08003844942957
