,CO,Seq2Seq_LSTM
0,213.1315789473684,223.14844
1,214.07894736842104,230.98788
2,219.28947368421058,222.8341
3,200.78947368421046,234.42577
4,198.38461538461536,203.39612
5,219.05263157894743,215.15225
6,236.42105263157904,234.05162
7,227.56410256410248,243.31265
8,224.92105263157893,230.72948
9,257.3333333333333,240.20842
10,272.52631578947364,273.45694
11,239.974358974359,277.43524
12,221.13157894736847,234.19762
13,228.4102564102565,237.88481
14,233.3947368421053,233.97311
15,220.56410256410257,236.92786
16,261.1578947368422,219.9485
17,232.28947368421052,225.21764
18,241.948717948718,226.31859
19,215.94736842105254,231.20619
20,230.38461538461536,212.42018
21,210.5263157894736,217.76894
22,210.41025641025635,207.50829
23,209.73684210526324,213.2112
24,223.9230769230769,213.18904
25,257.15789473684214,220.75401
26,220.2105263157895,263.77005
27,204.87179487179486,267.61316
28,208.4210526315789,209.38249
29,204.2051282051283,216.5585
30,208.7105263157895,206.37308
31,208.48717948717945,213.65569
32,213.55263157894728,213.5651
33,263.578947368421,220.86432
34,298.1282051282052,278.45828
35,307.6052631578948,277.97894
36,231.6666666666666,297.9029
37,214.57894736842098,286.89728
38,208.78947368421055,215.63301
39,216.10526315789468,216.11206
40,208.66666666666666,218.08533
41,208.47368421052641,217.46815
42,208.6578947368422,208.5241
43,243.69230769230757,210.5022
44,248.34210526315795,249.91287
45,256.921052631579,247.08292
46,278.8157894736843,251.84735
47,326.2368421052631,247.18538
48,312.6315789473685,316.45877
49,288.57894736842104,302.28973
50,296.34210526315786,280.8251
51,294.21052631578937,274.2916
52,247.60526315789468,289.07587
53,227.73684210526324,283.2527
54,228.2631578947368,226.92021
55,261.07894736842115,228.38185
56,300.55263157894746,264.54892
57,314.23684210526307,262.00797
58,318.6923076923077,301.826
59,307.1578947368421,292.64285
60,310.5526315789472,298.08148
61,363.60526315789457,291.00684
62,275.1538461538462,347.78827
63,228.13157894736833,320.2237
64,212.55263157894743,220.52362
65,203.9736842105264,218.37389
66,205.6842105263157,201.55655
67,203.9736842105264,201.34201
68,191.47368421052636,201.6113
69,187.89473684210535,201.08194
70,189.23076923076914,188.28122
71,189.08108108108118,188.78897
72,187.73684210526324,188.55127
73,178.1794871794872,188.53067
74,176.7631578947368,181.27878
75,178.89473684210532,188.83368
76,187.71052631578948,187.25275
77,175.42105263157904,199.1994
78,170.35135135135138,179.17407
79,211.36842105263156,191.59662
80,210.10526315789465,233.1021
81,245.10526315789477,240.62508
82,261.73684210526324,261.48758
83,345.07894736842087,262.79428
84,252.05263157894734,346.19815
85,206.94736842105257,315.94867
86,198.3947368421052,197.4654
87,204.7368421052632,192.94604
88,206.08108108108104,201.83534
89,197.4736842105264,197.46977
90,219.07894736842113,191.77846
91,233.76315789473693,190.30373
92,217.1578947368422,226.56631
93,214.02631578947359,223.36206
94,201.52631578947364,213.22864
95,198.3684210526316,212.8253
96,190.7368421052631,202.38939
97,183.00000000000003,209.17967
98,183.59459459459458,186.5199
99,234.26315789473682,195.96442
100,240.02631578947376,251.60501
101,276.8421052631578,255.374
102,288.0526315789472,282.60104
103,264.15789473684197,280.46277
104,216.57894736842104,255.70337
105,201.28947368421055,251.55377
106,190.62162162162167,199.4052
107,263.7948717948719,198.82637
108,307.10810810810807,276.90567
109,310.9736842105262,263.94904
110,297.1315789473683,293.0872
111,252.05263157894734,276.65378
112,251.55263157894728,235.23502
113,232.578947368421,228.6283
114,226.86486486486484,222.16988
115,242.36842105263165,217.42223
116,218.921052631579,241.35516
117,224.94736842105266,237.52214
118,239.4736842105264,227.07164
119,239.76315789473676,226.5163
120,221.86842105263156,237.98589
121,222.15789473684208,239.25978
122,213.44736842105266,227.58144
123,200.13157894736844,233.7086
124,202.2051282051283,203.46332
125,185.2631578947369,212.60431
126,194.578947368421,188.2296
127,253.97368421052647,197.81584
128,292.3421052631579,268.50797
129,261.0263157894736,271.9498
130,301.91891891891885,254.46725
131,276.41025641025635,253.45401
132,236.35135135135144,261.49115
133,210.49999999999994,253.80203
134,202.23684210526324,204.42801
135,216.28947368421044,202.13118
136,242.10526315789468,216.56784
137,229.84210526315798,213.47716
138,220.9210526315789,222.64996
139,225.49999999999997,222.52156
140,227.63157894736847,226.4663
141,233.76315789473693,228.29033
142,226.74358974358984,235.28218
143,233.78947368421055,238.41324
144,250.81578947368428,239.8751
145,269.4210526315789,247.72137
146,243.84210526315798,275.01797
147,213.8421052631578,279.4623
148,209.82051282051282,215.1992
149,216.89473684210523,223.80367
150,224.26315789473685,224.573
151,256.4736842105263,232.27293
152,274.13157894736844,265.70978
153,277.57894736842104,269.43613
154,245.05263157894734,277.23096
155,242.1315789473684,276.06714
156,256.2307692307691,244.65321
157,234.68421052631584,245.9292
158,234.1052631578947,231.53728
159,269.58974358974353,234.90569
160,241.2105263157894,273.98276
161,224.89473684210526,275.3788
162,243.38461538461533,228.41873
163,259.657894736842,234.13406
164,242.89473684210517,260.8178
165,247.1794871794871,263.82358
166,222.00000000000006,252.21054
167,238.1025641025641,257.59045
168,268.2105263157896,247.12164
169,246.17948717948718,252.17618
170,204.5263157894737,243.29115
171,193.57894736842104,248.97107
172,195.1578947368422,198.10197
173,209.97435897435906,204.85597
174,215.2368421052632,215.90215
175,209.34210526315786,220.68698
176,229.84210526315798,211.36343
177,286.4615384615385,217.69159
178,305.5789473684211,289.20703
179,281.68421052631567,284.84708
180,244.65789473684202,270.2935
181,306.3333333333332,264.1677
182,311.42105263157885,312.73724
183,297.8157894736841,296.92703
184,251.47368421052641,287.941
185,230.42105263157896,274.83716
186,218.2368421052632,226.23796
187,207.65789473684208,224.3799
188,201.8157894736842,206.43568
189,203.9736842105264,208.15135
190,232.2368421052632,205.40929
191,254.45945945945954,207.91537
192,276.0526315789473,250.82617
193,305.108108108108,250.2345
194,315.4999999999999,298.63312
195,280.81578947368433,289.30685
196,302.2631578947368,270.23068
197,273.7631578947368,267.2958
198,286.3783783783785,263.9843
199,265.9444444444445,262.0476
200,309.16216216216213,259.69394
201,304.1081081081082,259.29868
202,314.9166666666667,295.03867
203,289.81578947368416,292.79712
204,295.578947368421,281.87918
205,296.6842105263157,281.61368
206,270.4473684210527,294.69534
207,235.76923076923075,294.35342
208,194.6052631578948,230.83594
209,190.07894736842113,234.42484
210,183.65789473684208,192.66893
211,176.52631578947367,195.2799
212,174.65789473684214,176.93706
213,174.41025641025644,179.22174
214,170.02631578947364,176.27687
215,172.92105263157893,178.69525
216,177.65789473684214,176.93147
217,177.44736842105257,180.59883
218,162.76315789473685,181.78088
219,179.83783783783775,189.49031
220,171.52631578947367,193.3788
221,171.23684210526315,203.26457
222,163.71052631578942,178.88213
223,211.89473684210532,189.19429
224,213.78947368421052,233.37508
225,278.8947368421053,237.40196
226,276.7567567567569,291.76096
227,240.86842105263167,283.92117
228,267.3157894736843,229.5877
229,278.5263157894738,224.14867
230,232.89473684210535,266.44873
231,204.23684210526315,253.57254
232,200.71052631578954,198.77792
233,189.8378378378378,196.98184
234,180.8157894736843,187.23416
235,175.3421052631579,188.78072
236,182.63157894736847,177.06639
237,179.91891891891888,181.26216
238,181.94736842105266,182.3876
239,214.92105263157896,187.79103
240,296.4210526315791,224.48813
241,309.5000000000001,226.74725
242,312.6315789473685,297.6749
243,312.07894736842104,287.52225
244,313.4210526315789,296.3182
245,262.83783783783775,275.48416
246,303.5526315789472,240.17496
247,316.7105263157895,227.4811
248,317.02631578947376,295.78174
249,313.9473684210527,276.0287
250,310.9736842105262,300.74435
251,311.63157894736855,289.15988
252,313.4210526315789,306.82877
253,308.7368421052632,303.71542
254,272.3157894736842,304.60028
255,245.55263157894746,303.17154
256,227.1351351351351,243.39706
257,209.34210526315786,245.82448
258,202.7368421052632,206.17004
259,186.3947368421053,208.04099
260,173.7105263157895,183.87384
261,175.0526315789474,185.90692
262,185.42105263157896,178.21376
263,183.39473684210523,180.05551
264,185.4473684210526,184.06136
265,177.5526315789474,186.71176
266,187.60526315789468,181.74829
267,199.8421052631579,189.93254
268,200.65789473684214,209.9818
269,194.81578947368422,219.54185
270,217.078947368421,203.14204
271,200.55263157894743,213.61609
272,218.02631578947359,201.19968
273,224.99999999999994,211.45041
274,268.71052631578937,231.25505
275,262.32432432432427,238.8383
276,224.47368421052627,258.902
277,279.4473684210528,260.64175
278,226.52631578947367,295.86343
279,218.72972972972974,289.78543
280,206.92105263157904,221.82143
281,229.0789473684211,222.2258
282,250.97368421052636,234.61752
283,234.68421052631584,234.1367
284,223.51351351351352,229.45409
285,227.6666666666666,230.8967
286,198.94736842105266,234.73769
287,186.21052631578945,236.26791
288,218.52631578947376,187.67036
289,210.36842105263167,193.17477
290,166.97368421052636,207.65056
291,148.6052631578948,213.90752
292,199.26315789473676,152.29362
293,242.6315789473685,159.46313
294,190.10526315789468,243.41896
295,200.65789473684214,241.07259
296,211.15789473684214,207.44832
297,176.5526315789473,208.6009
298,164.73684210526312,168.35461
299,162.5789473684211,172.79045
300,162.81578947368425,165.3611
301,164.28947368421055,170.75198
302,164.81578947368428,168.7589
303,164.71052631578945,174.5791
304,161.84210526315795,170.77466
305,156.78947368421052,180.18527
306,155.13157894736835,162.32216
307,164.02631578947367,173.48318
308,165.52631578947367,174.72778
309,171.8717948717948,185.4972
310,175.78947368421055,182.99376
311,182.0,193.54982
312,182.4473684210526,192.72862
313,180.55263157894743,203.06946
314,184.50000000000003,188.60757
315,186.3157894736842,199.13005
316,187.57894736842104,195.42805
317,191.4473684210526,205.59233
318,197.0263157894737,203.18445
319,205.28947368421046,213.34784
320,203.7894736842106,218.65375
321,193.40540540540542,227.07399
322,202.21052631578945,196.65921
323,256.55263157894734,207.25311
324,264.7105263157896,274.35242
325,286.84210526315803,273.9631
326,240.81578947368416,285.8961
327,227.89473684210523,277.49338
328,210.18421052631578,228.678
329,211.31578947368416,227.96667
330,242.921052631579,214.16455
331,229.68421052631584,216.47308
332,209.4864864864864,222.46742
333,210.78947368421044,224.38277
334,204.55263157894734,214.63371
335,190.70270270270274,218.3308
336,189.60526315789474,192.38104
337,191.42105263157904,198.48576
338,192.76315789473688,198.19531
339,194.28947368421058,206.76149
340,201.36842105263167,199.79175
341,198.86842105263165,210.00229
342,193.44736842105272,203.50328
343,269.4210526315789,213.57452
344,323.421052631579,298.79175
345,335.3513513513513,297.6294
346,317.4210526315789,322.76035
347,317.0789473684209,303.75812
348,319.9210526315789,302.79053
349,270.7894736842104,279.1245
350,341.7631578947369,248.57599
351,327.948717948718,237.4058
352,313.78947368421046,292.26514
353,266.2631578947368,273.4419
354,238.5526315789473,249.73685
355,220.42105263157904,245.23927
356,235.71052631578942,216.50703
357,228.44736842105272,215.69568
358,220.81578947368413,221.85056
359,225.40540540540542,219.78879
360,220.81578947368413,222.44313
361,203.86842105263162,220.48764
362,204.7894736842105,199.54292
363,209.5526315789474,200.2347
364,215.3421052631579,211.40987
365,285.49999999999994,214.19199
366,261.52631578947364,299.7006
367,229.3157894736843,299.7588
368,279.6842105263157,227.83986
369,283.89473684210526,232.83624
370,309.1578947368421,280.12433
371,349.02631578947364,274.97067
372,316.4594594594595,333.9373
373,253.63157894736838,307.74063
374,257.26315789473676,231.7953
375,243.23684210526315,224.93379
376,237.15789473684217,234.43161
377,239.15789473684202,231.30302
378,247.7027027027026,236.38922
379,254.92105263157896,234.68063
380,279.5263157894736,249.58054
381,271.921052631579,247.71413
382,269.2631578947368,261.79312
383,252.26315789473693,260.06198
384,245.70270270270268,249.10521
385,244.28947368421046,251.30667
386,246.50000000000006,248.36717
387,234.23684210526304,254.36304
388,243.18421052631567,234.43274
389,302.1842105263157,240.82283
390,301.0789473684209,309.572
391,326.73684210526307,306.44653
392,337.3684210526316,322.0413
393,340.4864864864864,311.91336
394,340.5526315789472,324.78918
395,332.8684210526316,308.50784
396,339.4473684210528,315.3301
397,331.94736842105266,301.3698
398,288.57894736842104,320.04764
399,270.07894736842104,312.14368
400,288.3513513513513,268.63467
401,301.2105263157895,269.3613
402,305.26315789473676,301.11447
403,300.55263157894746,298.0661
404,305.3421052631578,293.6652
405,296.97368421052636,291.96677
406,312.0526315789473,292.06964
407,303.7631578947369,291.1954
408,322.21052631578965,296.41208
409,277.7692307692307,294.99832
410,246.5263157894736,266.65213
411,273.97368421052636,268.87537
412,299.8684210526317,281.0596
413,315.3421052631578,279.51184
414,338.58974358974353,309.4894
415,330.4054054054053,304.46228
416,322.0263157894737,318.39267
417,289.7894736842106,311.1876
418,246.3846153846153,280.48734
419,243.36842105263167,277.72284
420,272.57894736842104,244.46597
421,276.0789473684209,243.7585
422,249.42105263157904,271.2342
423,221.49999999999994,270.29312
424,203.18918918918922,217.34618
425,181.6052631578947,219.0026
426,192.21052631578956,178.52577
427,179.15789473684214,181.2785
428,165.84210526315795,176.21996
429,162.73684210526312,179.35101
430,156.78378378378378,166.15808
431,152.73684210526312,171.97456
432,151.2631578947369,156.92133
433,159.34210526315795,162.78978
434,161.8684210526316,165.96939
435,170.99999999999994,174.37634
436,156.5526315789474,179.31488
437,196.07894736842104,188.478
438,246.5263157894736,221.92336
439,277.1842105263157,225.02684
440,253.28947368421046,272.45004
441,210.08108108108104,262.644
442,173.6052631578948,201.4981
443,168.3947368421053,198.63376
444,165.78947368421058,171.06712
445,166.21052631578948,171.02206
446,163.65789473684214,166.55414
447,170.21052631578956,167.75539
448,168.6052631578947,174.39413
449,164.92105263157902,177.85292
450,166.23684210526312,171.35832
451,165.34210526315786,178.82376
452,167.36842105263165,170.70544
453,166.31578947368425,181.22653
454,184.0,174.51477
455,191.73684210526315,186.78511
456,185.18421052631575,202.26878
457,179.52631578947364,211.54936
458,166.76315789473685,185.97173
459,153.13157894736838,196.90103
460,147.28947368421052,156.59778
461,142.97368421052636,167.62057
462,142.86842105263165,147.61905
463,145.4324324324324,158.32774
464,144.57894736842104,153.39545
465,146.10526315789468,164.78
466,177.68421052631584,153.08269
467,209.26315789473682,165.04877
468,205.84210526315783,217.75006
469,209.70270270270265,223.17183
470,176.94736842105257,215.69832
471,155.89473684210523,219.51947
472,151.13157894736835,157.04544
473,158.4054054054054,163.66165
474,159.52631578947367,169.70486
475,162.13157894736835,175.71443
476,158.3783783783784,170.65483
477,148.8974358974359,180.04556
478,148.67567567567565,151.67078
479,156.5526315789474,163.59517
480,152.73684210526312,167.77975
481,153.07894736842107,179.51918
482,173.34210526315786,163.51431
483,177.28947368421058,175.35121
484,183.05263157894734,183.32442
485,172.84210526315786,194.53804
486,181.30769230769238,177.41124
487,193.15789473684214,189.00264
488,266.1315789473684,203.96735
489,248.5526315789474,213.32704
490,290.657894736842,231.52072
491,278.39473684210526,231.69737
492,313.3076923076923,263.39328
493,313.86842105263156,253.27652
494,318.51351351351354,292.13205
495,268.31578947368433,270.73547
496,217.78947368421058,245.0376
497,208.1842105263158,234.76074
498,201.42105263157887,205.93605
499,205.39473684210523,203.51346
500,195.84210526315792,204.30843
501,187.3421052631578,204.21367
502,174.10526315789477,185.69556
503,192.26315789473682,186.74493
504,195.0,197.59438
505,180.39473684210523,197.07817
506,178.21052631578948,178.99666
507,178.84210526315783,182.42767
508,170.57894736842098,183.60892
509,174.8684210526316,192.55898
510,238.54054054054063,183.89774
511,238.23684210526315,192.08182
512,260.78947368421046,237.0247
513,286.5526315789473,237.30138
514,213.0263157894737,281.63974
515,176.73684210526312,270.9245
516,172.89189189189193,172.493
517,167.60526315789468,172.58084
518,165.50000000000006,165.26578
519,167.84210526315795,165.84937
520,171.28947368421052,167.7332
521,178.44736842105257,168.86943
522,177.945945945946,179.06337
523,178.71052631578948,181.49722
524,179.6315789473684,179.95848
525,174.0,182.45273
526,166.13157894736847,177.22348
527,163.13157894736838,183.64119
528,161.3947368421052,168.08862
529,160.07894736842104,174.1368
530,154.86842105263156,165.30646
531,158.65789473684208,171.1716
532,195.4594594594594,165.85757
533,167.15789473684217,171.64424
534,227.84210526315786,163.12355
535,279.8947368421052,168.77481
536,300.842105263158,270.3677
537,304.9736842105262,259.08246
538,307.44736842105254,283.606
539,308.2631578947367,264.02512
540,308.5263157894736,288.06104
541,294.5526315789473,265.62024
542,216.76315789473693,275.4682
543,182.08108108108107,259.20218
544,178.15789473684208,176.14699
545,175.6052631578947,175.9796
546,182.64864864864862,173.93695
547,200.0789473684211,174.99124
548,201.7894736842105,203.2933
549,187.73684210526324,201.79611
550,180.89473684210517,184.02791
551,180.1842105263157,185.26918
552,188.57894736842104,183.32712
553,188.18421052631572,185.55092
554,187.63157894736838,196.57236
555,174.8684210526316,204.10623
556,176.71052631578954,179.19711
557,170.28947368421058,188.93692
558,248.57894736842098,177.1082
559,262.55263157894746,187.79565
560,245.34210526315786,255.87488
561,275.02631578947364,254.4635
562,215.99999999999997,278.88385
563,176.52631578947367,268.46762
564,167.81578947368425,169.70468
565,163.05128205128204,170.26163
566,159.56756756756752,161.0991
567,154.65789473684214,161.86047
568,152.52631578947373,154.06044
569,162.6315789473684,156.59149
570,163.7631578947368,168.09543
571,158.62162162162156,172.83743
572,148.81578947368428,161.23994
573,145.49999999999994,167.46574
574,147.86842105263162,151.87189
575,148.00000000000006,161.24219
576,153.89473684210523,155.3039
577,154.83783783783787,164.42929
578,150.44736842105263,162.4104
579,159.36842105263165,171.85138
580,203.49999999999991,174.27179
581,205.63157894736844,183.3256
582,184.26315789473693,204.14732
583,164.4210526315789,210.13036
584,162.421052631579,166.53175
585,165.97368421052633,173.68898
586,164.23684210526318,172.24686
587,161.0526315789473,177.5705
588,163.42105263157887,167.22934
589,176.84210526315792,174.53079
590,205.50000000000009,189.637
591,210.84210526315786,198.39766
592,223.84210526315783,214.39557
593,188.25641025641033,222.2145
594,176.3947368421053,182.9033
595,179.57894736842104,191.48698
596,173.52631578947367,186.37299
597,166.89473684210523,192.63806
598,160.47368421052627,170.00203
599,154.2631578947369,177.78798
600,155.65789473684217,158.00407
601,153.49999999999994,166.93495
602,153.81578947368416,158.79607
603,155.99999999999994,168.854
604,153.47368421052633,163.18349
605,152.60526315789474,173.57118
606,153.34210526315786,160.18561
607,153.92105263157902,170.68582
608,153.49999999999994,162.00534
609,159.8947368421052,172.12459
610,165.39473684210532,170.54097
611,185.15789473684208,180.09589
612,210.86842105263162,207.40323
613,223.97368421052636,213.50397
614,241.40540540540553,228.15149
615,220.8684210526316,228.99005
616,222.18421052631584,213.34921
617,200.66666666666666,213.54553
618,198.5263157894736,195.36755
619,189.15789473684214,197.45297
620,180.21621621621622,189.39264
621,169.71052631578954,195.08844
622,183.76315789473685,170.52548
623,187.1842105263158,179.41563
624,182.15789473684214,194.54703
625,197.81081081081078,204.80528
626,249.18421052631572,210.6978
627,225.18421052631578,219.64822
628,215.39473684210523,219.55678
629,213.5263157894736,224.34486
630,202.56410256410257,216.42313
631,191.6052631578947,220.07224
632,216.86842105263165,193.21753
633,250.6578947368422,199.17474
634,238.02631578947373,254.09653
635,298.8157894736843,254.70459
636,298.66666666666674,311.3729
637,309.02631578947364,303.0856
638,305.9210526315791,305.1719
639,300.4736842105264,293.5119
640,273.02631578947376,292.7663
641,220.57894736842107,281.21268
642,210.31578947368422,208.19098
643,196.54054054054055,208.16942
644,185.9473684210527,193.44041
645,180.68421052631572,195.26244
646,181.23684210526318,180.53049
647,182.05263157894743,182.39209
648,185.2894736842105,183.69836
649,190.05263157894728,184.91408
650,188.6052631578948,192.5285
651,176.36842105263165,194.37706
652,170.92105263157893,177.94904
653,172.9736842105264,185.69281
654,175.18421052631575,179.9607
655,194.1052631578947,189.88052
656,179.84210526315795,205.45174
657,239.86842105263162,213.6476
658,252.76315789473693,262.45154
659,272.73684210526307,263.65997
660,202.15789473684208,272.8892
661,169.68421052631578,266.3638
662,160.64864864864862,167.10474
663,156.3421052631579,168.32071
664,160.1315789473684,156.30087
665,163.0,157.97005
666,159.28947368421046,163.47375
667,161.24324324324334,165.61778
668,162.02564102564097,163.12267
669,159.36842105263165,166.84352
670,156.10526315789474,161.23994
671,154.6052631578947,166.24406
672,158.00000000000006,160.19876
673,164.48648648648648,167.79857
674,160.00000000000006,175.11995
675,243.86842105263162,182.14647
676,252.3421052631578,271.97934
677,276.7105263157894,263.30273
678,277.32432432432444,270.23096
679,303.3947368421054,254.97433
680,296.2894736842104,288.92056
681,300.05263157894746,263.66754
682,301.0263157894737,279.84464
683,299.43243243243234,256.96228
684,299.0263157894737,285.0491
685,266.2631578947368,269.14352
686,190.57894736842096,255.375
687,175.027027027027,253.89505
688,172.4615384615384,176.09201
689,166.1081081081081,179.21283
690,163.34210526315783,165.3925
691,161.3157894736843,167.54913
692,161.42105263157902,162.89001
693,156.3421052631579,164.72696
694,164.60526315789474,158.10718
695,168.23684210526312,160.75006
696,177.5263157894737,174.33153
697,179.28947368421046,178.3949
698,178.71052631578948,188.09297
699,171.0526315789473,196.61195
700,161.9210526315789,178.41231
701,168.13157894736847,188.01627
702,173.7105263157895,179.97108
703,230.7368421052632,189.67924
704,250.3947368421052,253.92172
705,210.1282051282051,255.94305
706,175.52631578947364,200.21964
707,159.73684210526312,204.2248
708,157.84210526315795,158.9684
709,147.86842105263162,162.76425
710,143.0526315789474,145.71947
711,141.2894736842105,149.13286
712,152.42105263157896,142.26569
713,166.50000000000006,146.00739
714,162.31578947368425,170.70343
715,159.71052631578942,176.17163
716,162.6315789473684,163.62082
717,153.421052631579,170.87769
718,153.57894736842098,157.43307
719,148.3684210526316,165.67084
720,146.47368421052636,154.08443
721,141.9736842105263,162.17615
722,145.23684210526312,147.88861
723,151.10526315789468,156.20454
724,143.55263157894734,161.03816
725,202.15789473684208,169.39496
726,224.18421052631587,233.95927
727,221.35135135135138,232.44159
728,179.0526315789474,215.44487
729,174.8684210526316,213.74976
730,174.36842105263162,180.51102
731,161.84210526315795,181.18861
732,154.76315789473688,159.92494
733,152.13157894736835,162.74544
734,153.99999999999994,154.97028
735,154.28947368421055,159.60048
736,156.921052631579,159.88318
737,156.48717948717947,168.055
738,160.6052631578948,162.9787
739,168.0526315789474,172.8793
740,167.5526315789474,178.52147
741,166.13157894736847,188.02644
742,167.5526315789474,174.09111
743,166.31578947368425,183.7491
744,159.4736842105264,174.09059
745,161.81578947368425,183.60286
746,156.39473684210523,171.92426
747,152.10256410256414,181.56592
748,148.2368421052631,158.98561
749,152.13157894736835,168.94783
750,150.6486486486486,160.70824
751,156.76923076923072,170.40297
752,160.05263157894734,165.88322
753,176.05263157894746,175.34863
754,243.1891891891892,195.57921
755,229.7631578947369,202.80237
756,264.9473684210526,214.16614
757,285.07894736842115,214.66307
758,238.3684210526316,272.5005
759,208.6578947368422,255.465
760,191.0540540540541,199.21701
761,176.5526315789473,193.9445
762,174.55263157894737,172.24234
763,168.6052631578947,171.73616
764,166.1081081081081,166.8352
765,218.36842105263167,168.50601
766,202.60526315789465,231.30972
767,193.08108108108112,227.09789
768,186.34210526315786,190.84982
769,191.921052631579,191.47935
770,185.16216216216225,202.15352
771,177.26315789473688,204.91731
772,187.36842105263156,179.6344
773,190.9473684210526,185.82568
774,201.71052631578942,194.59483
775,209.2894736842105,201.6618
776,228.31578947368413,222.06926
777,246.00000000000003,229.82733
778,281.7368421052633,252.23972
779,232.36842105263153,257.17163
780,221.10256410256414,220.48517
781,205.97297297297294,223.77135
782,221.55263157894737,205.38287
783,224.18421052631587,209.03442
784,212.35897435897436,224.16512
785,204.84210526315795,225.95894
786,190.13157894736844,205.15582
787,200.18421052631584,210.55856
788,197.4210526315789,210.06058
789,188.50000000000009,215.59529
790,190.1282051282051,190.79361
791,186.3947368421053,198.75272
792,207.81578947368425,190.89255
793,192.5263157894736,201.56558
794,195.21052631578948,192.45825
795,194.5,202.88254
796,184.68421052631587,202.93404
797,192.23684210526315,213.56677
798,196.84210526315795,201.54903
799,268.6315789473683,212.19214
800,325.44736842105254,292.69354
801,338.92307692307685,290.55057
802,342.7894736842106,320.60318
803,282.2894736842106,299.42975
804,270.94736842105254,256.56506
805,242.921052631579,242.84991
806,219.71052631578956,228.268
807,198.86842105263165,219.9416
808,204.36842105263153,192.24916
809,205.99999999999997,190.68178
810,176.10526315789474,203.90526
811,162.18421052631575,202.95966
812,158.21052631578942,161.71599
813,150.44736842105263,164.30856
814,143.47368421052627,150.53123
815,138.0,153.9232
816,140.71052631578954,140.79144
817,155.3783783783784,146.82123
818,166.53846153846155,162.46677
819,178.97368421052633,171.47168
820,274.47368421052624,190.48624
821,315.7435897435897,198.05469
822,322.6842105263159,291.3781
823,331.42105263157885,272.37674
824,312.39473684210515,304.0603
825,293.1315789473684,271.6949
826,273.28205128205127,266.17657
827,273.92105263157896,240.545
828,254.34210526315786,256.92978
829,206.42105263157893,239.73189
830,196.9473684210527,193.6252
831,225.57894736842107,193.22855
832,203.92105263157887,233.61293
833,196.07894736842104,232.02809
834,181.3947368421052,196.3255
835,156.2631578947369,197.77892
836,152.68421052631575,154.29156
837,168.13157894736847,158.66927
838,184.2564102564103,172.50925
839,189.5,176.5392
840,184.73684210526312,193.88445
841,193.1842105263158,200.17245
842,167.86842105263165,202.79929
843,136.84210526315783,211.25432
844,132.74358974358972,136.36377
845,138.31578947368422,145.36647
846,251.55263157894728,149.36717
847,258.15789473684214,157.4726
848,275.921052631579,234.01901
849,261.07894736842115,223.71066
850,224.0789473684211,240.20547
851,215.79487179487177,221.40456
852,175.18421052631575,205.04366
853,152.63157894736838,194.61331
854,146.9473684210526,145.6167
855,140.41025641025638,144.67134
856,144.57894736842104,137.00398
857,151.84210526315792,138.48332
858,159.49999999999997,153.8004
859,167.921052631579,157.7191
860,167.5641025641026,171.58809
861,159.49999999999997,175.4108
862,149.05263157894743,162.671
863,144.68421052631578,170.83221
864,157.07894736842098,149.9615
865,166.2631578947369,157.03355
866,165.5526315789474,176.162
867,192.97368421052641,182.2397
868,283.8421052631578,213.99991
869,301.2894736842105,216.76405
870,313.21052631578937,278.17752
871,304.2894736842106,262.60303
872,229.81578947368425,277.12036
873,180.0263157894736,254.37039
874,169.02702702702706,167.82733
875,171.7631578947369,163.63927
876,165.10526315789474,169.45334
877,159.84210526315795,165.66585
878,150.52631578947373,156.98193
879,145.23684210526312,156.72467
880,153.3684210526316,145.9092
881,148.21052631578945,148.05551
882,147.3684210526316,148.05287
883,147.4736842105264,150.13107
884,146.68421052631584,152.51819
885,148.05263157894734,159.87154
886,144.81578947368425,154.81676
887,145.8947368421052,161.82887
888,148.47368421052627,152.73262
889,154.7368421052632,159.43513
890,156.23684210526318,163.38536
891,150.65789473684205,169.41153
892,149.6052631578948,155.45433
893,151.9736842105264,162.10406
894,141.10526315789477,159.78123
895,141.1538461538462,166.07314
896,140.2368421052632,148.41838
897,138.4473684210527,154.95032
898,145.65789473684208,143.88304
899,245.47368421052627,150.37047
900,212.0789473684211,274.59314
901,221.34210526315783,261.60422
902,172.36842105263156,221.07613
903,157.5384615384616,214.81883
904,145.23684210526312,156.41737
905,142.23684210526318,155.7426
906,142.1842105263158,140.12985
907,153.39473684210526,140.79576
908,143.65789473684214,158.17017
909,128.73684210526318,158.22725
910,129.63157894736844,129.10988
911,127.21052631578951,133.93738
912,129.68421052631578,131.00668
913,126.92105263157896,137.19948
914,124.21052631578945,130.44437
915,127.1052631578948,136.04892
916,131.10256410256417,132.39447
917,129.7105263157895,137.85576
918,129.40540540540547,133.49222
919,139.60526315789477,139.03589
920,227.4615384615384,152.56657
921,275.7894736842105,157.87985
922,298.2631578947367,245.95299
923,311.5,230.5417
924,310.842105263158,278.93576
925,299.3243243243244,248.03493
926,255.41025641025635,260.05615
927,259.6052631578948,229.25398
928,170.44736842105263,243.87546
929,162.37837837837836,223.04028
930,157.5263157894737,164.70508
931,171.18421052631575,162.26085
932,163.18421052631572,175.36427
933,164.0526315789473,176.05928
934,152.52631578947373,166.76036
935,152.34210526315792,168.26935
936,170.28947368421058,155.59145
937,175.00000000000006,158.36818
938,158.02631578947373,177.82094
939,155.94736842105257,183.33275
940,162.3947368421052,163.53195
941,150.2631578947368,173.7391
942,144.71052631578945,151.20572
943,165.81578947368425,160.58365
944,247.73684210526324,187.22429
945,271.2631578947368,194.63808
946,291.578947368421,261.7981
947,181.00000000000003,253.76187
948,160.52631578947367,149.12561
949,153.0689655172413,149.24608
950,152.26315789473688,148.11443
951,146.39473684210532,146.41731
952,141.7368421052631,140.7539
953,141.71052631578948,140.09879
954,142.3421052631579,139.52449
955,146.83783783783787,140.16379
956,153.421052631579,147.50569
957,146.05263157894734,149.78526
958,142.63157894736847,145.31308
959,145.84210526315783,148.56499
960,153.84210526315792,151.86351
961,159.07894736842107,156.65794
962,163.23684210526318,165.67264
963,153.92105263157902,169.9281
964,206.6315789473684,156.27556
965,306.108108108108,161.40094
966,320.68421052631584,302.57697
967,328.5789473684211,278.97827
968,324.2631578947369,294.9804
969,294.3157894736841,263.6048
970,267.7105263157896,258.4391
971,259.657894736842,234.63014
972,215.05405405405403,242.78229
973,186.3947368421053,227.8809
974,175.9473684210527,178.43121
975,187.68421052631575,176.62138
976,166.18421052631575,189.44612
977,151.2631578947369,188.67673
978,141.57894736842098,149.02544
979,144.9736842105263,151.47559
980,142.07894736842107,145.31473
981,148.8108108108108,147.62894
982,160.81578947368422,149.32005
983,161.57894736842098,152.97342
984,176.078947368421,162.05206
985,183.00000000000003,167.09465
986,163.97368421052633,186.16083
987,163.1351351351352,189.57095
988,181.3947368421052,169.7438
989,267.421052631579,174.23174
990,270.921052631579,284.07925
991,186.34210526315786,272.28662
992,167.44736842105263,164.33365
993,171.54054054054052,165.04697
994,169.25641025641022,171.81584
995,169.13157894736838,169.70778
996,164.4736842105264,166.36516
997,166.78947368421055,164.95703
998,170.73684210526318,165.53574
999,170.49999999999994,165.25157
1000,168.31578947368425,169.17305
1001,175.8684210526316,170.6549
1002,168.71052631578942,177.56656
1003,165.3684210526316,180.04285
1004,162.60526315789468,168.88637
1005,159.26315789473688,173.12837
1006,161.44736842105266,162.16011
1007,166.4210526315789,166.50189
1008,169.92105263157902,170.89091
1009,160.02631578947367,174.81941
1010,231.7105263157894,161.54788
1011,286.102564102564,166.14093
1012,301.4473684210526,275.59048
1013,262.3421052631579,259.05264
1014,204.02631578947373,236.31783
1015,199.34210526315798,222.8139
1016,187.84210526315786,197.85327
1017,186.0526315789474,190.8883
1018,174.05405405405403,182.35202
1019,173.92105263157887,177.79482
1020,169.36842105263156,172.43852
1021,165.60526315789468,171.07582
1022,160.31578947368416,163.82597
1023,157.47368421052633,165.25983
1024,154.68421052631575,157.79868
1025,144.57894736842104,160.35973
1026,146.57894736842104,147.78636
1027,180.89473684210517,152.9666
1028,233.8421052631579,191.64752
1029,264.07894736842115,193.71878
1030,188.21052631578954,256.2664
1031,171.52631578947367,245.36057
1032,164.71052631578945,172.37422
1033,151.578947368421,171.53575
1034,158.78947368421046,146.85503
1035,179.7631578947369,147.52348
1036,182.94736842105266,186.23297
1037,161.42105263157902,183.14981
1038,150.55263157894743,154.19025
1039,147.84210526315783,156.52367
1040,153.34210526315786,148.18036
1041,150.6052631578947,152.07608
1042,196.921052631579,152.30797
1043,283.3947368421054,157.03783
1044,289.1052631578947,285.5742
1045,218.44736842105263,268.39108
1046,167.52631578947373,195.88287
1047,159.68421052631584,190.27657
1048,154.23684210526315,156.74353
1049,153.5263157894737,154.25809
1050,150.84210526315783,148.8546
1051,162.1052631578948,146.77196
1052,223.24324324324323,161.73782
1053,222.65789473684205,159.41927
1054,195.26315789473685,207.8647
1055,204.1842105263157,200.1056
1056,176.44736842105257,203.87585
1057,173.86842105263156,199.48494
1058,201.71052631578942,175.77362
1059,208.47368421052641,176.9218
1060,190.64864864864873,203.82642
1061,184.36842105263162,203.90117
1062,204.7368421052632,185.0565
1063,221.34210526315783,188.31956
1064,275.52631578947376,225.18478
1065,310.18421052631584,228.38766
1066,307.55263157894734,294.9936
1067,327.60526315789474,282.99725
1068,290.8684210526317,312.99966
1069,238.31578947368413,294.9656
1070,245.7837837837838,222.27
1071,250.71052631578948,218.13469
1072,260.5263157894737,246.62245
1073,264.8684210526316,240.07812
1074,233.26315789473682,260.9779
1075,207.2631578947369,257.72723
1076,220.47368421052624,202.21814
1077,221.49999999999994,204.90472
1078,208.7368421052632,219.7624
1079,197.1315789473684,220.15677
1080,213.05263157894734,195.23825
1081,226.26315789473685,199.62686
1082,219.92105263157887,229.59998
1083,247.73684210526324,233.74368
1084,295.18421052631567,255.92136
1085,293.7105263157896,258.41782
1086,270.1052631578947,291.31107
1087,242.07894736842093,288.9321
1088,232.6315789473685,238.43887
1089,304.05263157894734,240.24739
1090,322.5263157894736,310.40646
1091,331.63157894736855,298.2323
1092,335.1842105263159,313.81802
1093,322.94736842105266,296.1437
1094,306.05263157894734,303.4382
1095,270.9459459459459,287.1172
1096,227.94736842105272,257.19632
1097,211.6153846153846,252.34637
1098,217.78947368421058,207.52356
1099,241.55263157894728,206.86966
1100,237.44736842105252,242.4191
1101,256.31578947368433,238.30043
1102,247.07894736842115,255.41934
1103,248.65789473684217,251.5517
1104,233.78947368421055,245.58911
1105,231.76315789473693,243.9222
1106,238.94594594594588,231.8671
1107,240.3157894736842,234.02586
1108,242.99999999999994,245.10947
1109,302.52631578947376,251.69614
1110,308.65789473684197,314.02075
1111,320.31578947368416,309.5269
1112,306.0540540540541,313.42346
1113,291.4473684210526,303.90158
1114,279.7631578947368,284.57193
1115,251.34210526315798,279.10318
1116,237.34210526315795,242.33641
1117,223.8947368421052,242.0234
1118,209.47368421052633,218.58928
1119,214.71052631578956,219.2975
1120,197.86842105263162,213.80162
1121,192.07894736842107,213.73291
1122,189.81578947368422,189.49133
1123,177.18421052631578,190.52411
1124,190.7368421052631,174.00568
1125,182.3157894736842,176.20674
1126,172.10526315789474,180.60469
1127,155.47368421052636,184.17493
1128,154.7894736842105,156.10286
1129,151.10526315789468,161.79774
1130,147.84210526315783,152.95197
1131,145.8947368421052,157.94481
1132,146.0,148.36406
1133,146.99999999999997,153.22096
1134,255.05263157894734,152.09863
1135,223.55263157894734,156.8477
1136,267.10526315789474,201.74915
1137,243.2631578947369,195.21907
1138,205.50000000000009,216.09584
1139,176.92105263157887,205.1565
1140,159.31578947368416,164.60962
1141,155.5641025641025,161.76373
1142,155.86486486486496,151.04343
1143,156.13157894736835,150.04205
1144,175.36842105263165,153.1041
1145,170.94736842105257,153.49475
1146,140.5526315789473,166.28413
1147,134.8421052631579,169.11282
1148,136.1315789473684,137.68874
1149,137.97368421052636,142.03685
1150,142.07894736842107,141.069
1151,156.31578947368422,145.97992
1152,171.7631578947369,163.48216
1153,230.92105263157902,167.57306
1154,285.3947368421053,246.09276
1155,299.1842105263157,239.77348
1156,274.8947368421053,277.84882
1157,219.44736842105254,260.13074
1158,181.94736842105266,193.88626
1159,160.86842105263153,188.01384
1160,149.13157894736835,154.05588
1161,144.94594594594594,152.34029
1162,145.94736842105263,141.66307
1163,152.92105263157896,141.36623
1164,150.8717948717949,152.077
1165,142.35135135135133,152.54088
1166,138.39473684210523,141.69576
1167,131.42105263157893,144.58566
1168,128.05263157894737,133.11485
1169,115.05263157894734,136.92824
1170,106.84210526315793,118.6675
1171,102.55263157894737,123.285706
1172,99.52631578947364,106.68432
1173,98.07894736842103,111.27941
1174,101.47368421052632,100.57698
1175,101.42105263157897,105.405716
1176,101.2368421052632,102.791016
1177,100.28947368421049,107.96168
1178,105.15789473684214,100.28851
1179,102.7894736842105,106.09989
1180,104.55263157894738,100.68986
1181,106.36842105263155,107.963196
1182,106.65789473684215,107.13572
1183,104.34210526315792,115.87706
1184,103.6315789473684,102.74263
1185,104.55263157894738,111.318016
1186,170.68421052631584,105.59898
1187,237.1315789473684,113.78716
1188,236.13157894736844,218.73186
1189,242.43243243243242,210.67445
1190,180.23076923076925,232.85606
1191,148.0270270270271,219.45842
1192,135.7105263157895,136.87082
1193,132.5526315789474,138.80264
1194,134.34210526315795,125.47649
1195,149.7105263157895,127.558655
1196,153.84210526315792,153.06767
1197,158.51282051282047,153.17906
1198,146.92105263157896,160.27264
1199,144.35135135135135,164.05067
1200,154.0526315789473,146.6883
1201,158.68421052631575,151.53769
1202,182.21052631578945,164.83293
1203,234.63157894736844,169.12944
1204,266.89473684210515,249.78757
1205,295.7105263157895,242.5934
1206,236.36842105263165,281.86765
1207,263.2368421052633,263.70035
1208,280.0789473684211,264.71228
1209,303.7368421052632,249.22118
1210,283.0263157894737,288.9999
1211,267.43243243243245,268.37497
1212,276.7105263157894,255.55692
1213,269.65789473684214,246.65488
1214,214.3947368421053,263.92758
1215,176.23684210526324,262.4541
1216,259.3157894736843,173.56932
1217,308.28947368421063,177.54022
1218,313.76315789473693,296.24252
1219,312.4210526315789,284.6257
1220,311.55263157894734,296.08276
1221,276.42105263157896,280.30203
1222,198.8157894736842,257.92108
1223,167.5,248.56216
1224,170.72972972972974,161.44751
1225,160.31578947368416,160.5727
1226,158.39473684210523,154.03899
1227,166.21052631578948,154.2525
1228,166.3947368421053,167.0524
1229,160.76315789473682,167.22107
1230,219.73684210526307,158.94582
1231,246.3157894736841,160.38257
1232,301.34210526315786,234.82198
1233,240.84210526315795,224.15262
1234,216.10526315789468,216.18578
1235,185.18421052631575,209.20654
1236,214.47368421052641,177.3838
1237,217.52631578947376,176.03185
1238,176.86842105263153,206.07689
1239,183.1315789473684,202.09465
1240,159.13513513513516,186.23178
1241,157.46153846153845,185.20259
1242,154.7894736842105,157.7982
1243,150.578947368421,160.73782
1244,148.31578947368425,150.71907
1245,173.6052631578948,154.22928
1246,174.0263157894736,180.69344
1247,153.99999999999994,185.5637
1248,149.44736842105257,153.74599
1249,150.2105263157895,159.34366
1250,146.2368421052631,154.76039
1251,142.7894736842105,159.35689
1252,144.94594594594594,146.64127
1253,209.10526315789474,151.51155
1254,220.4615384615385,231.61691
1255,272.7567567567567,225.94534
1256,221.86842105263156,273.7592
1257,214.2051282051283,257.99207
1258,207.94594594594602,213.01949
1259,236.47368421052641,207.42532
1260,245.73684210526307,240.97234
1261,257.5526315789474,232.27362
1262,189.8684210526315,249.21071
1263,182.79487179487185,241.39137
1264,183.18421052631575,183.52306
1265,209.0789473684211,183.86342
1266,212.13157894736838,212.91257
1267,209.10526315789474,212.72589
1268,211.2894736842105,209.5541
1269,221.13157894736847,212.80486
1270,231.97368421052627,224.57794
1271,216.78947368421055,227.59636
1272,189.31578947368425,216.12943
1273,154.81578947368422,220.47243
1274,140.10526315789468,153.26477
1275,150.55263157894743,160.3046
1276,158.31578947368416,155.84575
1277,196.84210526315795,162.093
1278,303.3684210526317,213.37946
1279,306.57894736842115,214.47008
1280,313.64102564102575,276.37036
1281,239.3243243243243,257.50223
1282,245.47368421052627,208.61217
1283,177.57894736842096,198.38509
1284,170.99999999999994,153.59251
1285,185.73684210526318,151.25938
1286,173.421052631579,185.44217
1287,157.44736842105263,178.50616
1288,153.07692307692304,151.83643
1289,144.2894736842105,152.23506
1290,160.23684210526315,143.922
1291,182.5,146.34915
1292,157.83783783783778,188.87352
1293,143.7368421052632,189.2818
1294,141.2894736842105,145.83128
1295,132.35897435897436,152.13889
1296,131.68421052631575,134.00758
1297,128.83783783783787,140.23943
1298,136.42105263157893,131.67184
1299,168.02631578947364,136.94624
1300,278.2631578947369,187.69263
1301,295.15789473684214,189.85056
1302,249.5263157894736,259.72446
1303,203.23684210526312,240.95894
1304,201.9736842105263,182.69543
1305,218.26315789473676,176.29713
1306,242.02564102564105,212.23886
1307,209.36842105263156,200.72194
1308,188.18421052631572,183.70695
1309,177.48648648648646,178.48557
1310,163.43589743589743,172.94287
1311,151.29729729729735,172.08415
1312,143.921052631579,150.73036
1313,145.51282051282047,154.10999
1314,144.9210526315789,147.33298
1315,140.4736842105264,151.97594
1316,139.39473684210526,142.03603
1317,141.4210526315789,147.54324
1318,152.31578947368416,145.0259
1319,155.5526315789474,150.29927
1320,152.3947368421052,160.28795
1321,153.4473684210527,164.93983
1322,155.28947368421046,158.9927
1323,147.18421052631575,163.75464
1324,150.44736842105263,150.36339
1325,173.81578947368422,155.56384
1326,162.86842105263156,185.34834
1327,203.3684210526315,188.56917
1328,166.35897435897434,216.57622
1329,167.2105263157895,217.29175
1330,259.6842105263158,180.12845
1331,277.6052631578947,183.67647
1332,257.5789473684211,254.00674
1333,274.54054054054046,242.73569
1334,252.28205128205133,266.8126
1335,225.49999999999997,252.67664
1336,246.10526315789477,212.60577
1337,276.1842105263159,206.79701
1338,238.89473684210523,273.68
1339,239.84210526315783,263.44055
1340,254.68421052631578,239.58403
1341,228.15789473684217,235.90623
1342,243.36842105263167,221.23158
1343,235.1578947368421,225.13309
1344,225.36842105263162,230.89119
1345,233.99999999999997,234.31757
1346,243.40540540540533,235.36873
1347,240.68421052631587,238.60095
1348,241.4736842105263,240.3437
1349,204.23684210526315,245.08383
1350,180.7105263157895,197.2192
1351,295.68421052631567,203.73969
1352,292.28947368421063,318.3424
1353,313.5675675675675,306.16614
1354,300.4210526315791,301.39078
1355,300.078947368421,284.4583
1356,271.97368421052624,287.16278
1357,278.34210526315786,269.24023
1358,254.63157894736833,270.27625
1359,199.07894736842113,258.3458
1360,195.81578947368428,184.71526
1361,201.60526315789465,184.9067
1362,182.81578947368416,200.6921
1363,192.99999999999997,200.11816
1364,184.078947368421,195.66074
1365,199.02631578947359,196.53635
1366,235.97368421052627,202.99171
1367,195.63157894736835,203.55316
1368,156.1842105263158,185.86894
1369,142.13157894736835,189.61853
1370,168.59459459459455,143.80702
1371,186.1842105263157,149.01648
1372,219.05263157894743,188.07092
1373,204.60526315789468,191.11038
1374,238.842105263158,199.85298
1375,262.6052631578947,201.24405
1376,261.3684210526315,257.54886
1377,274.6578947368422,249.74123
1378,212.13157894736838,266.65915
1379,169.57894736842098,256.23926
1380,136.02631578947367,163.49791
1381,143.76315789473682,165.01003
1382,162.3947368421052,145.43144
1383,174.13157894736844,147.45578
1384,181.18918918918914,173.22475
1385,184.921052631579,174.4099
1386,151.65789473684217,186.08003
1387,132.4871794871795,187.90648
1388,136.8684210526316,132.51073
1389,141.99999999999994,136.87625
1390,129.10526315789477,146.20786
1391,138.07894736842098,151.60292
1392,153.02702702702706,144.72568
1393,163.97368421052633,149.68094
1394,243.2631578947369,170.05424
1395,295.657894736842,174.16101
1396,301.6578947368421,275.8481
1397,334.157894736842,256.83353
1398,297.3157894736842,308.93045
1399,205.81578947368425,273.18753
1400,199.40540540540542,172.44083
1401,204.76315789473682,165.61714
1402,190.42105263157904,195.80089
1403,174.78947368421055,185.32124
1404,170.65789473684205,167.37857
1405,166.47368421052633,165.14047
1406,175.71052631578942,163.79181
1407,164.73684210526312,164.27747
1408,145.1351351351351,160.76303
1409,141.81578947368428,161.72206
1410,130.97368421052627,143.9985
1411,123.94736842105257,147.3963
1412,117.8421052631579,128.74875
1413,114.65789473684211,134.07016
1414,116.05263157894737,119.31148
1415,119.2894736842105,124.23953
1416,115.81578947368425,121.82477
1417,113.92105263157893,126.750534
1418,116.02631578947368,116.80625
1419,115.63157894736847,121.8536
1420,113.68421052631575,118.3271
1421,135.1578947368421,123.633194
1422,215.3421052631579,155.92511
1423,224.65789473684214,161.88882
1424,195.2894736842105,193.35779
1425,138.05263157894743,190.64877
1426,124.28947368421058,115.66298
1427,121.50000000000006,119.95998
1428,120.94594594594595,116.21052
1429,123.52631578947367,118.45855
1430,123.89473684210523,120.098495
1431,116.05263157894737,121.85878
1432,117.39473684210525,113.44796
1433,125.18421052631581,116.86811
1434,122.23684210526318,129.03053
1435,116.97368421052633,134.25897
1436,113.60526315789477,119.11982
1437,117.97368421052636,124.48587
1438,117.44736842105264,123.31062
1439,116.60526315789477,129.37279
1440,118.44736842105257,118.94269
1441,125.61538461538467,124.98628
1442,123.84210526315792,130.73732
1443,122.55263157894734,137.4577
1444,117.8421052631579,124.88968
1445,117.21052631578945,131.65497
1446,113.65789473684212,120.25354
1447,112.00000000000004,126.77699
1448,113.21052631578944,114.521545
1449,116.3421052631579,120.33852
1450,112.76315789473686,120.24884
1451,109.47368421052632,126.22534
1452,101.8684210526316,110.92507
1453,98.47368421052629,116.587326
1454,104.81578947368419,100.55579
1455,109.10526315789471,105.63751
1456,108.15789473684207,111.787735
1457,105.71052631578945,118.12464
1458,109.31578947368422,105.2698
1459,118.13157894736837,112.22179
1460,125.78947368421055,123.801315
1461,123.31578947368419,131.81976
1462,137.578947368421,121.489
1463,117.52631578947373,130.21645
1464,110.3513513513514,105.905014
1465,106.39473684210527,114.187035
1466,101.39473684210527,106.89084
1467,98.84210526315792,113.52105
1468,99.27027027027025,100.734695
1469,100.89743589743593,105.707855
1470,97.56756756756752,103.43373
1471,98.97368421052632,108.53588
1472,102.71052631578947,100.32268
1473,115.60526315789471,105.89076
1474,186.47368421052636,130.64438
1475,187.3947368421052,138.4241
1476,167.36842105263165,132.35468
1477,122.89473684210529,138.394
1478,116.94736842105257,97.06755
1479,109.17948717948718,103.81715
1480,104.50000000000004,98.49034
1481,102.45945945945941,103.421104
1482,99.9210526315789,98.654335
1483,99.13157894736844,102.02072
1484,97.42105263157897,99.573616
1485,94.7368421052632,103.71315
1486,92.76315789473684,95.433205
1487,91.55263157894737,100.64989
1488,90.60526315789473,91.126434
1489,91.9487179487179,96.58004
1490,95.64864864864866,91.68663
1491,97.47368421052633,98.63937
1492,101.28205128205126,96.71948
1493,108.37837837837837,105.304825
1494,109.78947368421052,112.18996
1495,196.13157894736838,122.8353
1496,220.1025641025641,311.14252
1497,152.21621621621625,295.5556
1498,155.76315789473682,110.94664
1499,143.4210526315789,116.72236
1500,132.3157894736842,118.89325
1501,131.15789473684214,122.62996
1502,117.1842105263158,124.17253
1503,109.1842105263158,127.13405
1504,105.02631578947364,104.5707
1505,104.02631578947367,107.449745
1506,105.26315789473679,105.73498
1507,106.13513513513517,109.71796
1508,103.3157894736842,109.10743
1509,101.43589743589745,114.245224
1510,99.47368421052633,103.2313
1511,104.78947368421053,108.4696
1512,107.89473684210526,109.16189
1513,110.60526315789471,115.41123
1514,111.60526315789474,112.116035
1515,111.10526315789477,119.99278
1516,116.13157894736845,110.66103
1517,123.63157894736844,119.1524
1518,213.44736842105266,128.09143
1519,320.94871794871796,136.89076
1520,268.55263157894734,283.8685
1521,232.13157894736835,252.81763
1522,218.8461538461538,212.106
1523,205.4324324324324,193.69879
1524,198.076923076923,182.06618
1525,181.05263157894737,172.14124
1526,175.89473684210526,158.8649
1527,165.3157894736842,154.11977
1528,150.99999999999994,154.17336
1529,165.1315789473684,152.31355
1530,145.5526315789473,167.81216
1531,141.1842105263158,169.50949
1532,152.5526315789474,143.7288
1533,151.44736842105266,149.26888
1534,170.7631578947369,153.38399
1535,176.48717948717945,160.01462
1536,195.13157894736838,180.65675
1537,201.99999999999997,185.73466
1538,206.50000000000006,206.18196
1539,233.15789473684208,209.34851
1540,288.8684210526315,242.1431
1541,345.44736842105283,240.7694
1542,326.73684210526307,322.2566
1543,262.56410256410254,296.64026
1544,234.34210526315786,239.20282
1545,240.86842105263167,228.92596
1546,238.30769230769235,237.79657
1547,205.9736842105263,230.02489
1548,175.26315789473685,195.71237
1549,164.38461538461533,194.58633
1550,151.21621621621625,162.61032
1551,154.63157894736847,164.1644
1552,149.65789473684217,155.6614
1553,151.73684210526315,157.23439
1554,144.2894736842105,152.65195
1555,167.69230769230774,155.11717
1556,185.55263157894743,175.90837
1557,171.63157894736838,181.172
1558,150.1578947368421,171.75693
1559,142.3947368421053,178.01657
1560,137.1578947368421,145.96602
1561,129.86842105263165,152.50223
1562,127.4210526315789,131.98888
1563,122.99999999999997,137.71486
1564,121.74358974358971,125.82219
1565,174.8421052631579,130.85695
1566,186.97368421052641,205.52344
1567,217.5526315789473,203.26216
1568,176.71052631578954,221.56845
1569,169.35897435897434,218.16003
1570,152.36842105263156,173.14835
1571,140.0,175.15788
1572,138.38461538461542,138.6527
1573,138.4473684210527,142.83887
1574,136.7631578947368,140.75035
1575,129.23684210526318,144.17328
1576,125.97435897435892,130.99792
1577,125.84210526315792,135.37608
1578,129.2894736842105,130.5733
1579,142.97368421052636,135.44852
1580,143.3846153846154,151.72725
1581,143.4473684210527,156.32927
1582,143.36842105263162,147.92531
1583,133.6923076923077,153.2338
1584,143.63157894736838,134.85689
1585,159.18421052631572,140.70256
1586,173.02631578947376,171.42244
1587,176.79487179487177,175.98991
1588,208.13157894736847,181.09099
1589,272.6842105263159,186.10469
1590,265.5263157894737,272.9972
1591,257.9736842105262,262.13184
1592,185.94871794871796,249.71149
1593,136.26315789473688,243.22505
1594,136.25641025641025,128.34468
1595,143.5263157894736,131.5877
1596,149.8947368421052,141.54665
1597,130.61538461538458,142.0409
1598,120.921052631579,125.8105
1599,115.60526315789471,128.66203
1600,115.3684210526316,118.360016
1601,145.1315789473684,122.14365
1602,155.39473684210523,154.34416
1603,131.76923076923077,157.03021
1604,129.0789473684211,128.04962
1605,124.36842105263156,133.89835
1606,128.69230769230765,126.64972
1607,128.6052631578947,132.29974
1608,144.2894736842105,131.23363
1609,168.34210526315792,136.66847
1610,144.68421052631578,177.83258
1611,176.56410256410263,182.22176
1612,169.0526315789473,196.2792
1613,162.9473684210527,199.49522
1614,157.07894736842098,165.72363
1615,187.10526315789465,171.1037
1616,227.53846153846158,202.3557
1617,206.8684210526316,205.34528
1618,244.26315789473693,196.88177
1619,279.2368421052631,199.71658
1620,278.79487179487165,276.53748
1621,184.23684210526324,267.07263
1622,156.1578947368421,161.33957
1623,143.3846153846154,163.05847
1624,168.86842105263153,140.71437
1625,173.15789473684208,142.40077
1626,139.82051282051285,166.90947
1627,131.7894736842105,166.42024
1628,120.71052631578954,131.58626
1629,122.23684210526318,134.62428
1630,132.3157894736842,124.99719
1631,128.39473684210523,128.3443
1632,124.3947368421052,128.97266
1633,126.65789473684214,133.04594
1634,128.73684210526318,131.44456
1635,129.2972972972973,136.60046
1636,137.63157894736835,133.48216
1637,147.5526315789474,138.83981
1638,155.25641025641025,154.3216
1639,191.21052631578956,159.92178
1640,304.1842105263158,217.7731
1641,327.28947368421063,216.90613
1642,338.0263157894736,280.4965
1643,334.76315789473693,254.59259
1644,307.2368421052632,291.60324
1645,305.5263157894736,255.58994
1646,245.02631578947356,275.74197
1647,182.63157894736847,245.31836
1648,182.2631578947369,165.00366
1649,191.52631578947367,161.07997
1650,193.63157894736844,188.8818
1651,215.2631578947368,184.18863
1652,197.89473684210523,216.47223
1653,187.21052631578945,212.26581
1654,184.1578947368422,186.57875
1655,177.5263157894737,186.11613
1656,186.91891891891885,177.26788
1657,202.7368421052632,178.74208
1658,213.0263157894737,207.56642
1659,227.65789473684205,213.06656
1660,228.8684210526316,234.31586
1661,211.945945945946,240.12308
1662,278.1315789473684,212.55283
1663,278.7631578947369,220.36739
1664,302.6052631578947,273.01926
1665,322.0263157894737,267.7925
1666,295.50000000000006,308.30814
1667,247.8421052631578,288.28183
1668,223.76315789473688,232.19069
1669,216.3157894736843,226.69896
1670,190.3684210526316,212.56772
1671,198.23684210526312,210.9057
1672,184.36842105263162,198.94594
1673,201.23684210526324,198.48637
1674,197.86842105263162,204.3395
1675,202.0526315789474,203.88506
1676,212.56756756756764,200.6166
1677,214.94736842105272,200.52835
1678,210.3947368421052,215.2149
1679,206.47368421052627,218.1598
1680,207.31578947368416,210.22025
1681,211.39473684210523,219.09819
1682,236.55263157894728,217.74599
1683,319.7105263157896,226.0127
1684,320.0526315789474,326.66013
1685,332.9473684210526,316.8349
1686,313.9473684210527,315.0786
1687,273.5405405405405,297.10748
1688,258.79487179487165,256.7181
1689,252.76315789473693,248.2321
1690,269.3421052631579,245.6299
1691,289.842105263158,239.9254
1692,272.02631578947364,283.3523
1693,275.78378378378386,276.28604
1694,253.34210526315792,273.53934
1695,246.921052631579,271.9377
1696,228.3421052631579,247.43916
1697,223.15789473684217,247.96141
1698,206.50000000000006,225.78316
1699,209.05263157894743,228.38307
1700,205.55263157894743,211.11151
1701,218.2894736842105,214.98212
1702,211.39473684210523,221.88542
1703,200.26315789473688,224.54474
1704,210.7631578947369,199.506
1705,216.21052631578945,204.93884
1706,220.42105263157904,221.36867
1707,224.26315789473685,229.24219
1708,224.81578947368428,230.9218
1709,233.4736842105264,240.41112
1710,238.89473684210523,242.99545
1711,278.34210526315786,251.60745
1712,306.7631578947367,290.73657
1713,311.3421052631578,293.2541
1714,321.3684210526317,306.6874
1715,289.15789473684197,298.01578
1716,253.68421052631584,276.98932
1717,241.4736842105263,270.17682
1718,239.86842105263162,237.39847
1719,239.18421052631572,235.93565
1720,233.54054054054058,236.06421
1721,228.55263157894746,235.11931
1722,232.71052631578948,225.30717
1723,238.74358974358967,225.72911
1724,230.3684210526316,238.33412
1725,215.94594594594597,237.42296
1726,219.31578947368413,212.4702
1727,208.86842105263165,215.4305
1728,216.36842105263167,209.20952
1729,219.97368421052636,217.29909
1730,227.36842105263165,224.32378
1731,224.027027027027,233.03528
1732,264.8421052631578,228.80647
1733,334.7105263157895,237.78542
1734,343.6315789473683,331.53595
1735,331.2368421052631,321.3464
1736,315.63157894736844,313.2614
1737,275.76315789473693,296.62698
1738,271.6842105263159,259.39346
1739,264.7894736842106,251.95862
1740,178.13157894736844,256.89343
1741,148.3684210526316,251.94327
1742,129.26315789473682,147.97377
1743,121.1842105263158,150.96318
1744,115.76315789473682,121.754074
1745,115.73684210526318,125.15903
1746,116.81578947368425,116.20032
1747,112.86842105263153,119.20851
1748,111.49999999999999,113.06503
1749,110.26315789473684,116.40111
1750,109.47368421052632,111.05878
1751,109.84210526315792,114.78535
1752,110.18421052631578,113.23707
1753,106.2894736842105,118.61045
1754,105.94736842105259,106.87409
1755,102.68421052631577,112.395
1756,102.63157894736847,102.751396
1757,103.94871794871798,108.53173
1758,101.71052631578951,106.069916
1759,103.18421052631578,112.28614
1760,113.86486486486491,105.436325
1761,193.87179487179495,112.11997
1762,249.26315789473676,252.26645
1763,303.89473684210526,244.47302
1764,239.86842105263162,302.18948
1765,168.6052631578947,275.22647
1766,157.86842105263162,135.64883
1767,134.81578947368422,134.80962
1768,117.60526315789468,113.934456
1769,114.28947368421055,114.68251
1770,108.92105263157892,107.95347
1771,108.34210526315793,108.42179
1772,107.18421052631582,106.97032
1773,107.9230769230769,108.5681
1774,115.34210526315786,109.08964
1775,123.71052631578948,112.6165
1776,126.76315789473682,127.719376
1777,128.3421052631579,132.82892
1778,128.07894736842098,130.259
1779,123.55263157894734,137.12596
1780,118.02631578947363,123.21983
1781,109.47368421052632,130.94849
1782,110.64102564102568,109.12505
1783,172.21052631578956,115.52127
1784,166.28947368421055,208.28813
1785,124.60526315789477,208.34596
1786,115.60526315789471,113.38624
1787,111.0526315789474,118.86508
1788,107.36842105263162,110.706375
1789,109.92105263157892,115.142624
1790,108.3947368421053,112.005135
1791,103.56410256410253,116.29679
1792,102.31578947368423,103.03188
1793,101.1315789473684,107.33344
1794,101.2368421052632,103.61485
1795,107.23684210526312,108.877945
1796,112.50000000000003,111.794426
1797,109.65789473684211,117.78886
1798,110.97368421052636,107.86
1799,115.31578947368426,115.25421
1800,110.60526315789471,118.06961
1801,103.47368421052636,126.40056
1802,105.36842105263162,101.233864
1803,102.2631578947368,108.61724
1804,104.35897435897441,100.87531
1805,106.36842105263155,107.65398
1806,145.5526315789473,109.42599
1807,162.36842105263156,116.28059
1808,131.15789473684214,157.39987
1809,107.50000000000001,164.92778
1810,99.73684210526314,103.20093
1811,95.86842105263153,111.07525
1812,95.34210526315788,94.96147
1813,89.99999999999999,101.167
1814,85.52631578947371,88.700806
1815,84.68421052631581,93.329445
1816,84.72972972972971,85.87798
1817,85.51282051282051,90.88798
1818,95.76315789473685,85.49047
1819,89.45945945945941,90.87088
1820,84.63157894736842,80.777176
1821,82.39473684210526,88.11316
1822,80.28947368421052,78.92246
1823,76.52631578947368,87.6581
1824,75.36842105263156,71.38929
1825,75.23684210526318,79.69567
1826,88.3684210526316,72.55722
1827,166.81578947368428,81.19748
1828,189.55263157894737,267.37112
1829,125.26315789473676,267.51807
1830,101.65789473684207,82.55826
1831,108.18918918918918,92.72032
1832,100.78947368421055,109.38675
1833,93.89473684210523,120.572174
1834,92.28947368421056,83.82066
1835,99.57894736842103,93.49949
1836,98.94736842105264,98.105156
1837,97.39473684210522,105.040405
1838,102.8918918918919,95.78971
1839,103.15789473684215,100.803986
1840,90.57894736842104,101.74976
1841,90.97368421052632,108.196686
1842,95.81578947368418,93.67423
1843,106.8947368421053,101.428345
1844,114.97368421052633,112.60254
1845,93.26315789473679,122.03076
1846,83.18421052631577,78.63314
1847,82.48648648648646,86.24881
1848,83.64102564102566,81.51689
1849,83.51351351351349,88.77449
1850,83.10526315789477,81.50704
1851,87.81578947368423,88.51318
1852,89.28947368421049,89.43319
1853,91.10526315789475,98.08222
1854,93.21052631578952,89.75851
1855,94.89473684210529,99.213394
1856,95.5789473684211,93.9776
1857,90.4736842105263,105.21219
1858,89.18421052631581,84.262985
1859,102.59459459459461,95.65133
1860,155.38461538461533,115.74893
1861,135.21052631578948,128.06285
1862,119.94736842105262,94.27915
1863,122.34210526315783,105.266945
1864,121.63157894736848,124.85661
1865,109.31578947368422,136.68515
1866,110.2972972972973,99.03334
1867,116.15384615384616,108.417206
1868,104.35135135135134,117.336
1869,101.68421052631578,124.7189
1870,106.86842105263163,103.427216
1871,102.44736842105266,108.64543
1872,99.87179487179485,102.424934
1873,110.15789473684207,107.60359
1874,112.92105263157893,115.77315
1875,130.86842105263162,122.6982
1876,236.7894736842106,143.1076
1877,317.0526315789474,150.96236
1878,218.63157894736833,268.32437
1879,162.18421052631575,243.64754
1880,170.51282051282058,144.9742
1881,182.13157894736844,141.08992
1882,178.3589743589743,167.53847
1883,135.7105263157895,158.82867
1884,124.63157894736844,106.208885
1885,107.64102564102559,106.234406
1886,113.63157894736841,99.52958
1887,108.78947368421056,100.26754
1888,103.60526315789471,109.3197
1889,95.0789473684211,112.19137
1890,114.47368421052637,98.65229
1891,101.47368421052632,103.60858
1892,110.5128205128205,98.51042
1893,100.71052631578952,103.680885
1894,102.3421052631579,97.27708
1895,102.99999999999997,102.55157
1896,100.28947368421049,101.50511
1897,97.00000000000001,108.33376
1898,93.6578947368421,95.99251
1899,96.48717948717946,102.86341
1900,102.10526315789473,99.00289
1901,109.42105263157896,106.48698
1902,121.34210526315788,112.869026
1903,123.25641025641028,121.7717
1904,128.97368421052633,121.794365
1905,215.7105263157895,132.18266
1906,333.58974358974365,310.54968
1907,355.9736842105264,293.023
1908,348.05263157894717,276.00247
1909,341.05128205128204,241.16673
1910,300.0,280.52383
1911,216.44736842105257,235.69154
1912,163.0,172.4661
1913,156.52631578947364,159.39656
1914,159.21052631578954,150.25314
1915,143.9736842105263,142.76608
1916,138.66666666666666,134.55443
1917,137.94736842105266,133.44041
1918,140.26315789473682,136.0452
1919,135.1578947368421,136.55777
1920,129.68421052631578,131.69614
1921,128.68421052631575,132.47137
1922,125.02631578947373,129.49214
1923,118.71052631578951,132.34814
1924,113.82051282051285,123.309204
1925,105.3157894736842,128.20403
1926,100.76315789473686,109.16918
1927,102.92307692307696,113.9861
1928,104.28947368421048,107.71448
1929,169.42105263157893,112.644165
1930,286.78947368421046,222.31856
1931,293.26315789473676,215.38817
1932,245.13157894736838,228.85664
1933,170.68421052631584,208.94667
1934,160.3947368421052,133.1112
1935,137.2368421052632,130.9846
1936,139.7179487179487,112.65117
1937,156.21052631578945,111.5966
1938,152.05263157894743,148.67108
1939,127.36842105263156,143.48677
1940,114.39473684210525,117.537415
1941,116.17948717948717,118.819954
1942,113.50000000000003,119.059746
1943,118.92105263157897,122.07857
1944,121.1842105263158,122.64917
1945,122.07894736842101,127.31941
1946,125.89473684210532,125.46408
1947,129.3684210526316,130.68752
1948,134.28947368421055,133.15009
1949,120.81578947368423,138.6565
1950,125.69230769230762,118.67298
1951,235.9473684210527,124.5094
1952,315.421052631579,308.57895
1953,316.82051282051293,283.16125
1954,320.28947368421046,261.74167
1955,303.15789473684197,230.21698
1956,183.92105263157887,253.09375
1957,137.13157894736844,219.67468
1958,122.57894736842107,123.56485
1959,120.17948717948724,118.70169
1960,117.68421052631584,112.46863
1961,120.23684210526321,109.29541
1962,123.68421052631578,116.530685
1963,120.28947368421056,116.390594
1964,122.30769230769229,117.33147
1965,124.10526315789474,119.202774
1966,140.10526315789468,121.684235
1967,132.94736842105266,123.36926
1968,125.31578947368428,132.32968
1969,127.94736842105263,138.24136
1970,207.71052631578948,134.43471
1971,286.66666666666663,141.11523
1972,318.6052631578948,271.6626
1973,336.6842105263158,248.3782
1974,320.7368421052631,290.184
1975,293.92105263157885,250.20627
1976,260.1578947368422,251.37735
1977,230.97368421052636,222.48582
1978,192.8205128205129,207.94916
1979,182.94736842105266,194.20915
1980,191.81578947368416,178.49709
1981,172.10526315789474,172.98228
1982,165.2631578947369,165.6407
1983,164.3157894736842,166.6539
1984,168.6052631578947,164.90398
1985,163.23684210526318,165.6367
1986,152.3947368421052,163.83148
1987,146.50000000000003,165.8552
1988,150.63157894736844,149.98859
1989,189.51282051282047,156.37193
1990,255.26315789473693,206.41177
1991,184.65789473684214,210.85098
1992,140.4736842105264,165.2127
1993,130.55263157894737,168.44984
1994,131.1282051282052,128.84117
1995,128.8421052631579,131.55038
1996,122.34210526315783,125.75984
1997,213.78947368421052,127.74048
1998,156.73684210526315,240.974
1999,147.35897435897442,222.89093
2000,170.84210526315795,144.60204
2001,155.71052631578945,142.21027
2002,165.07894736842098,144.3699
2003,122.3947368421052,144.3909
2004,116.44736842105262,104.77587
2005,109.6315789473684,108.41927
2006,109.71794871794874,108.3173
2007,109.07894736842108,111.60327
2008,104.94736842105259,111.93049
2009,100.6842105263158,116.154526
2010,99.05263157894733,103.55193
2011,99.55263157894734,108.51414
2012,113.34210526315788,102.50995
2013,232.60526315789468,107.65978
2014,285.7179487179486,304.295
2015,308.2631578947367,281.1104
2016,319.5135135135135,282.05606
2017,277.4210526315791,249.83905
2018,206.58974358974362,211.80055
2019,154.10526315789474,189.51846
2020,242.39473684210515,124.63585
2021,265.78947368421063,120.121704
2022,203.3684210526315,204.62103
2023,164.57894736842113,184.5688
2024,153.23684210526318,151.6832
2025,150.02631578947364,148.62889
2026,174.58974358974356,144.85316
2027,229.52631578947378,144.88013
2028,314.1052631578947,234.59264
2029,334.078947368421,222.9049
2030,303.1315789473683,293.33057
2031,296.02631578947376,265.2604
2032,320.65789473684214,274.15274
2033,324.9210526315791,251.36362
2034,290.9230769230769,296.41827
2035,257.60526315789474,270.59393
2036,240.49999999999991,237.44875
2037,221.05128205128196,225.86981
2038,222.8684210526316,211.60612
2039,292.00000000000006,208.076
2040,293.8684210526317,308.8741
2041,262.66666666666674,296.9783
2042,275.5789473684211,248.56932
2043,297.47368421052624,243.8855
2044,311.7948717948717,292.7364
2045,326.9736842105264,279.7862
2046,331.55263157894746,314.30002
2047,323.7894736842104,297.56226
2048,310.10526315789485,309.2195
2049,246.3846153846153,293.5309
2050,167.6842105263158,226.57495
2051,154.9736842105263,225.68513
2052,154.6052631578947,152.04308
2053,162.6315789473684,153.45216
2054,180.7105263157895,158.88622
2055,183.18421052631575,158.06781
2056,191.20512820512818,179.0573
2057,171.9736842105263,176.40599
2058,166.2631578947369,163.7714
2059,156.6052631578947,163.9291
2060,152.5526315789474,154.5485
2061,151.79487179487177,157.0627
2062,158.28947368421052,155.31651
2063,141.99999999999994,159.71342
2064,128.36842105263156,142.26427
2065,129.76315789473685,147.1673
2066,137.28947368421055,133.55861
2067,140.0526315789474,138.32956
2068,149.5641025641025,141.7936
2069,160.5,146.76541
2070,198.0263157894737,165.66405
2071,301.1842105263158,169.72185
2072,311.02564102564105,312.8561
2073,259.76315789473676,289.16846
2074,207.5526315789474,229.4516
2075,196.44736842105263,218.32587
2076,191.84210526315783,190.48457
2077,206.81578947368416,183.7207
2078,210.28947368421055,203.03108
2079,189.17948717948715,195.13905
2080,201.99999999999997,176.25514
2081,168.921052631579,174.14796
2082,183.76315789473685,158.47513
2083,154.02631578947373,160.36552
2084,147.12820512820517,149.47589
2085,154.6052631578947,152.85869
2086,158.31578947368416,155.97731
2087,156.21052631578945,160.68051
2088,162.421052631579,156.43806
2089,143.94736842105263,161.0501
2090,145.05263157894734,143.64902
2091,164.18421052631578,148.72964
2092,174.8421052631579,173.57335
2093,189.6410256410257,177.15326
2094,180.0263157894736,195.29863
2095,312.26315789473676,198.4077
2096,320.1315789473685,343.59717
2097,323.34210526315775,313.4431
2098,324.3947368421052,287.7883
2099,283.33333333333337,259.06778
2100,211.39473684210523,245.82494
2101,181.7631578947369,224.5023
2102,175.3421052631579,172.9904
2103,153.4473684210527,167.01776
2104,171.51282051282047,145.52434
2105,148.1578947368421,144.73064
2106,146.21052631578954,140.18723
2107,161.78947368421046,141.364
2108,185.2894736842105,162.24168
2109,170.5526315789474,161.85097
2110,140.0,163.56598
2111,132.15789473684214,164.59132
2112,133.8157894736842,134.43619
2113,150.52631578947373,140.29362
2114,289.89743589743586,159.35602
2115,284.26315789473676,163.22714
2116,310.6842105263159,241.49957
2117,263.86842105263156,221.74791
2118,174.23076923076923,221.9976
2119,150.86842105263156,203.13148
2120,151.94736842105263,142.36159
2121,147.84210526315783,137.14145
2122,152.26315789473688,136.19077
2123,162.69230769230776,131.63731
2124,192.6842105263157,158.59344
2125,207.78947368421046,154.64116
2126,197.3421052631579,203.88684
2127,188.4102564102565,200.75742
2128,176.68421052631575,185.49162
2129,161.81578947368425,185.70644
2130,157.89473684210532,162.23158
2131,151.5,167.0076
2132,146.15789473684208,153.42488
2133,146.078947368421,157.69006
2134,142.4736842105263,148.97516
2135,150.6842105263158,153.41628
2136,169.43589743589746,154.46393
2137,141.0263157894736,159.1043
2138,142.57894736842107,139.91615
2139,161.78571428571425,145.29079
