,CO,Seq2Seq_LSTM_diff
0,213.1315789473684,218.81267
1,214.07894736842104,216.49483
2,219.28947368421058,215.33826
3,200.78947368421046,216.94247
4,198.38461538461536,200.25552
5,219.05263157894743,205.6009
6,236.42105263157904,255.38922
7,227.56410256410248,265.45554
8,224.92105263157893,227.37503
9,257.3333333333333,231.36165
10,272.52631578947364,272.6219
11,239.974358974359,279.59412
12,221.13157894736847,233.45064
13,228.4102564102565,236.09744
14,233.3947368421053,235.71367
15,220.56410256410257,238.2663
16,261.1578947368422,220.89224
17,232.28947368421052,224.71024
18,241.948717948718,232.07838
19,215.94736842105254,237.78632
20,230.38461538461536,213.35852
21,210.5263157894736,217.67325
22,210.41025641025635,209.26288
23,209.73684210526324,213.53778
24,223.9230769230769,211.79514
25,257.15789473684214,214.52095
26,220.2105263157895,268.364
27,204.87179487179486,274.6105
28,208.4210526315789,205.45284
29,204.2051282051283,209.10097
30,208.7105263157895,205.8427
31,208.48717948717945,208.9646
32,213.55263157894728,213.25522
33,263.578947368421,217.00478
34,298.1282051282052,289.89816
35,307.6052631578948,303.20575
36,231.6666666666666,304.32297
37,214.57894736842098,294.3033
38,208.78947368421055,214.86455
39,216.10526315789468,215.02144
40,208.66666666666666,232.5575
41,208.47368421052641,236.4527
42,208.6578947368422,208.38602
43,243.69230769230757,207.29977
44,248.34210526315795,251.48685
45,256.921052631579,230.01678
46,278.8157894736843,251.88754
47,326.2368421052631,241.43454
48,312.6315789473685,320.78543
49,288.57894736842104,314.5142
50,296.34210526315786,277.7894
51,294.21052631578937,273.0154
52,247.60526315789468,284.65063
53,227.73684210526324,274.2802
54,228.2631578947368,224.82271
55,261.07894736842115,227.81099
56,300.55263157894746,268.98877
57,314.23684210526307,267.06262
58,318.6923076923077,301.0846
59,307.1578947368421,285.13055
60,310.5526315789472,294.7177
61,363.60526315789457,283.86685
62,275.1538461538462,316.86987
63,228.13157894736833,271.77277
64,212.55263157894743,221.51878
65,203.9736842105264,218.7223
66,205.6842105263157,199.29237
67,203.9736842105264,194.41843
68,191.47368421052636,201.58606
69,187.89473684210535,199.29199
70,189.23076923076914,188.62067
71,189.08108108108118,190.63228
72,187.73684210526324,189.65097
73,178.1794871794872,189.73851
74,176.7631578947368,179.5505
75,178.89473684210532,184.267
76,187.71052631578948,184.10947
77,175.42105263157904,188.81268
78,170.35135135135138,177.1089
79,211.36842105263156,183.34935
80,210.10526315789465,236.44574
81,245.10526315789477,249.01569
82,261.73684210526324,253.4613
83,345.07894736842087,255.65082
84,252.05263157894734,344.7369
85,206.94736842105257,315.8518
86,198.3947368421052,199.84514
87,204.7368421052632,198.15959
88,206.08108108108104,201.11098
89,197.4736842105264,193.62433
90,219.07894736842113,190.58278
91,233.76315789473693,185.12355
92,217.1578947368422,220.94958
93,214.02631578947359,205.21753
94,201.52631578947364,207.5209
95,198.3684210526316,200.46071
96,190.7368421052631,200.82608
97,183.00000000000003,204.62846
98,183.59459459459458,185.20132
99,234.26315789473682,190.57321
100,240.02631578947376,255.46884
101,276.8421052631578,265.04178
102,288.0526315789472,276.83157
103,264.15789473684197,271.313
104,216.57894736842104,252.84021
105,201.28947368421055,245.65245
106,190.62162162162167,198.34872
107,263.7948717948719,197.16185
108,307.10810810810807,333.25165
109,310.9736842105262,346.4945
110,297.1315789473683,308.76617
111,252.05263157894734,294.44638
112,251.55263157894728,237.1965
113,232.578947368421,232.8456
114,226.86486486486484,226.24681
115,242.36842105263165,223.19894
116,218.921052631579,245.54294
117,224.94736842105266,240.08693
118,239.4736842105264,227.49736
119,239.76315789473676,225.80946
120,221.86842105263156,241.897
121,222.15789473684208,243.62228
122,213.44736842105266,227.55327
123,200.13157894736844,231.75642
124,202.2051282051283,197.23201
125,185.2631578947369,197.3139
126,194.578947368421,180.69281
127,253.97368421052647,180.2501
128,292.3421052631579,277.74652
129,261.0263157894736,284.99747
130,301.91891891891885,251.52307
131,276.41025641025635,245.57602
132,236.35135135135144,264.40088
133,210.49999999999994,256.01178
134,202.23684210526324,205.00392
135,216.28947368421044,202.78644
136,242.10526315789468,221.50389
137,229.84210526315798,219.51537
138,220.9210526315789,224.21584
139,225.49999999999997,220.45479
140,227.63157894736847,226.8115
141,233.76315789473693,226.78407
142,226.74358974358984,237.95692
143,233.78947368421055,239.26772
144,250.81578947368428,234.11748
145,269.4210526315789,234.80472
146,243.84210526315798,275.51974
147,213.8421052631578,281.16614
148,209.82051282051282,211.1023
149,216.89473684210523,215.92519
150,224.26315789473685,226.76942
151,256.4736842105263,230.34563
152,274.13157894736844,269.2392
153,277.57894736842104,274.82495
154,245.05263157894734,281.02417
155,242.1315789473684,280.6889
156,256.2307692307691,245.66841
157,234.68421052631584,247.82413
158,234.1052631578947,232.45787
159,269.58974358974353,235.39336
160,241.2105263157894,267.67868
161,224.89473684210526,259.7725
162,243.38461538461533,221.87424
163,259.657894736842,223.04575
164,242.89473684210517,262.95755
165,247.1794871794871,260.91898
166,222.00000000000006,247.34505
167,238.1025641025641,246.04515
168,268.2105263157896,240.5665
169,246.17948717948718,235.02853
170,204.5263157894737,240.34756
171,193.57894736842104,240.12814
172,195.1578947368422,192.6897
173,209.97435897435906,193.02669
174,215.2368421052632,216.20401
175,209.34210526315786,215.54088
176,229.84210526315798,208.49512
177,286.4615384615385,209.4848
178,305.5789473684211,290.85193
179,281.68421052631567,289.69025
180,244.65789473684202,273.30826
181,306.3333333333332,266.57828
182,311.42105263157885,322.21637
183,297.8157894736841,321.79706
184,251.47368421052641,283.6237
185,230.42105263157896,264.60413
186,218.2368421052632,230.79506
187,207.65789473684208,233.57066
188,201.8157894736842,200.39908
189,203.9736842105264,194.70773
190,232.2368421052632,198.49591
191,254.45945945945954,192.00795
192,276.0526315789473,234.85883
193,305.108108108108,209.09851
194,315.4999999999999,288.33627
195,280.81578947368433,266.51373
196,302.2631578947368,256.98483
197,273.7631578947368,240.48033
198,286.3783783783785,244.65652
199,265.9444444444445,224.24438
200,309.16216216216213,252.12854
201,304.1081081081082,243.1737
202,314.9166666666667,294.84937
203,289.81578947368416,283.59677
204,295.578947368421,289.36136
205,296.6842105263157,296.342
206,270.4473684210527,298.2303
207,235.76923076923075,300.7319
208,194.6052631578948,231.01004
209,190.07894736842113,234.83206
210,183.65789473684208,198.19913
211,176.52631578947367,202.11043
212,174.65789473684214,177.23415
213,174.41025641025644,180.21011
214,170.02631578947364,175.63153
215,172.92105263157893,177.77213
216,177.65789473684214,174.75658
217,177.44736842105257,175.94592
218,162.76315789473685,177.94957
219,179.83783783783775,178.98732
220,171.52631578947367,194.94972
221,171.23684210526315,200.04607
222,163.71052631578942,175.1038
223,211.89473684210532,180.96309
224,213.78947368421052,234.40205
225,278.8947368421053,247.45801
226,276.7567567567569,281.54938
227,240.86842105263167,277.49457
228,267.3157894736843,228.3024
229,278.5263157894738,222.4564
230,232.89473684210535,275.6075
231,204.23684210526315,262.15933
232,200.71052631578954,197.88884
233,189.8378378378378,195.2592
234,180.8157894736843,185.10588
235,175.3421052631579,183.19565
236,182.63157894736847,174.94818
237,179.91891891891888,176.35693
238,181.94736842105266,179.54228
239,214.92105263157896,180.64793
240,296.4210526315791,233.03664
241,309.5000000000001,235.48903
242,312.6315789473685,303.75677
243,312.07894736842104,289.3759
244,313.4210526315789,301.2564
245,262.83783783783775,280.70914
246,303.5526315789472,239.81015
247,316.7105263157895,229.41277
248,317.02631578947376,292.784
249,313.9473684210527,262.96817
250,310.9736842105262,286.72678
251,311.63157894736855,258.4464
252,313.4210526315789,311.23932
253,308.7368421052632,311.7295
254,272.3157894736842,307.88263
255,245.55263157894746,310.0298
256,227.1351351351351,242.28633
257,209.34210526315786,245.2962
258,202.7368421052632,209.63416
259,186.3947368421053,214.77663
260,173.7105263157895,187.34052
261,175.0526315789474,193.72794
262,185.42105263157896,182.89563
263,183.39473684210523,186.0098
264,185.4473684210526,183.60611
265,177.5526315789474,185.41296
266,187.60526315789468,175.75784
267,199.8421052631579,177.64342
268,200.65789473684214,206.10187
269,194.81578947368422,205.70161
270,217.078947368421,195.12822
271,200.55263157894743,196.6076
272,218.02631578947359,199.72816
273,224.99999999999994,204.20888
274,268.71052631578937,229.49371
275,262.32432432432427,231.58293
276,224.47368421052627,261.6108
277,279.4473684210528,260.99368
278,226.52631578947367,297.4705
279,218.72972972972974,302.82028
280,206.92105263157904,223.52179
281,229.0789473684211,226.25235
282,250.97368421052636,241.76807
283,234.68421052631584,243.2247
284,223.51351351351352,232.52553
285,227.6666666666666,234.3791
286,198.94736842105266,219.60905
287,186.21052631578945,207.01163
288,218.52631578947376,184.45253
289,210.36842105263167,184.75201
290,166.97368421052636,207.14919
291,148.6052631578948,206.36781
292,199.26315789473676,148.89043
293,242.6315789473685,152.75443
294,190.10526315789468,240.23775
295,200.65789473684214,223.02098
296,211.15789473684214,217.8288
297,176.5526315789473,217.12103
298,164.73684210526312,168.70573
299,162.5789473684211,168.63612
300,162.81578947368425,161.4978
301,164.28947368421055,159.53462
302,164.81578947368428,162.99103
303,164.71052631578945,160.96848
304,161.84210526315795,165.03809
305,156.78947368421052,166.13583
306,155.13157894736835,158.15186
307,164.02631578947367,161.74397
308,165.52631578947367,168.09865
309,171.8717948717948,170.28038
310,175.78947368421055,175.5517
311,182.0,179.71046
312,182.4473684210526,186.32043
313,180.55263157894743,189.80545
314,184.50000000000003,181.2868
315,186.3157894736842,182.87503
316,187.57894736842104,188.06308
317,191.4473684210526,188.70271
318,197.0263157894737,198.55481
319,205.28947368421046,200.71121
320,203.7894736842106,205.07498
321,193.40540540540542,202.16473
322,202.21052631578945,192.61258
323,256.55263157894734,197.10286
324,264.7105263157896,277.807
325,286.84210526315803,280.0935
326,240.81578947368416,283.8837
327,227.89473684210523,275.14868
328,210.18421052631578,230.64606
329,211.31578947368416,234.19922
330,242.921052631579,215.78188
331,229.68421052631584,217.49977
332,209.4864864864864,225.4752
333,210.78947368421044,224.01822
334,204.55263157894734,212.93666
335,190.70270270270274,213.42851
336,189.60526315789474,189.92442
337,191.42105263157904,192.29558
338,192.76315789473688,193.46046
339,194.28947368421058,195.0635
340,201.36842105263167,196.61998
341,198.86842105263165,201.05519
342,193.44736842105272,198.4617
343,269.4210526315789,200.74194
344,323.421052631579,289.61664
345,335.3513513513513,299.9307
346,317.4210526315789,330.43585
347,317.0789473684209,314.75253
348,319.9210526315789,307.58267
349,270.7894736842104,287.59714
350,341.7631578947369,253.39923
351,327.948717948718,245.58492
352,313.78947368421046,277.10092
353,266.2631578947368,251.90305
354,238.5526315789473,252.48376
355,220.42105263157904,247.38707
356,235.71052631578942,218.94017
357,228.44736842105272,220.73476
358,220.81578947368413,225.97874
359,225.40540540540542,225.58948
360,220.81578947368413,227.15369
361,203.86842105263162,228.9691
362,204.7894736842105,205.07799
363,209.5526315789474,212.51833
364,215.3421052631579,212.70139
365,285.49999999999994,215.21796
366,261.52631578947364,297.5421
367,229.3157894736843,303.21002
368,279.6842105263157,225.15215
369,283.89473684210526,229.2432
370,309.1578947368421,291.70956
371,349.02631578947364,288.16467
372,316.4594594594595,320.31815
373,253.63157894736838,282.38162
374,257.26315789473676,234.451
375,243.23684210526315,231.14433
376,237.15789473684217,235.04784
377,239.15789473684202,227.74255
378,247.7027027027026,235.24963
379,254.92105263157896,229.41873
380,279.5263157894736,247.8118
381,271.921052631579,240.76305
382,269.2631578947368,261.66074
383,252.26315789473693,253.77972
384,245.70270270270268,250.10403
385,244.28947368421046,253.48407
386,246.50000000000006,248.77017
387,234.23684210526304,255.06494
388,243.18421052631567,237.0094
389,302.1842105263157,244.7614
390,301.0789473684209,327.37885
391,326.73684210526307,343.20447
392,337.3684210526316,329.4616
393,340.4864864864864,323.94513
394,340.5526315789472,326.8172
395,332.8684210526316,308.92035
396,339.4473684210528,324.6561
397,331.94736842105266,316.56104
398,288.57894736842104,326.5258
399,270.07894736842104,320.44702
400,288.3513513513513,267.5139
401,301.2105263157895,268.3487
402,305.26315789473676,316.1265
403,300.55263157894746,318.94385
404,305.3421052631578,301.78094
405,296.97368421052636,307.6965
406,312.0526315789473,300.18317
407,303.7631578947369,306.84476
408,322.21052631578965,304.61316
409,277.7692307692307,309.37448
410,246.5263157894736,270.0828
411,273.97368421052636,275.07574
412,299.8684210526317,289.21323
413,315.3421052631578,289.73102
414,338.58974358974353,314.71765
415,330.4054054054053,311.97687
416,322.0263157894737,326.05457
417,289.7894736842106,322.3613
418,246.3846153846153,281.8464
419,243.36842105263167,282.89294
420,272.57894736842104,242.11012
421,276.0789473684209,240.13048
422,249.42105263157904,273.69278
423,221.49999999999994,270.13623
424,203.18918918918922,221.22171
425,181.6052631578947,228.21884
426,192.21052631578956,181.08438
427,179.15789473684214,187.72552
428,165.84210526315795,177.00572
429,162.73684210526312,180.27657
430,156.78378378378378,164.3555
431,152.73684210526312,167.45117
432,151.2631578947369,153.283
433,159.34210526315795,155.35165
434,161.8684210526316,161.04118
435,170.99999999999994,160.39423
436,156.5526315789474,174.32208
437,196.07894736842104,176.40034
438,246.5263157894736,220.64085
439,277.1842105263157,220.52545
440,253.28947368421046,273.6437
441,210.08108108108104,261.34937
442,173.6052631578948,195.92592
443,168.3947368421053,192.66267
444,165.78947368421058,169.28024
445,166.21052631578948,167.2509
446,163.65789473684214,164.8466
447,170.21052631578956,162.55186
448,168.6052631578947,170.35275
449,164.92105263157902,168.02844
450,166.23684210526312,160.86612
451,165.34210526315786,158.53899
452,167.36842105263165,165.03433
453,166.31578947368425,166.59776
454,184.0,167.83728
455,191.73684210526315,171.604
456,185.18421052631575,196.52975
457,179.52631578947364,197.31264
458,166.76315789473685,180.59962
459,153.13157894736838,184.9665
460,147.28947368421052,151.67416
461,142.97368421052636,153.36726
462,142.86842105263165,142.71217
463,145.4324324324324,144.00502
464,144.57894736842104,147.6463
465,146.10526315789468,149.27979
466,177.68421052631584,148.4647
467,209.26315789473682,151.5597
468,205.84210526315783,209.0139
469,209.70270270270265,204.41252
470,176.94736842105257,205.90363
471,155.89473684210523,199.21017
472,151.13157894736835,151.7123
473,158.4054054054054,151.522
474,159.52631578947367,201.0167
475,162.13157894736835,214.49278
476,158.3783783783784,173.28348
477,148.8974358974359,179.63884
478,148.67567567567565,148.89737
479,156.5526315789474,153.0246
480,152.73684210526312,159.41959
481,153.07894736842107,158.72983
482,173.34210526315786,154.24953
483,177.28947368421058,155.40384
484,183.05263157894734,184.67233
485,172.84210526315786,190.89929
486,181.30769230769238,171.72244
487,193.15789473684214,174.75793
488,266.1315789473684,198.39795
489,248.5526315789474,198.66975
490,290.657894736842,244.80598
491,278.39473684210526,236.282
492,313.3076923076923,270.80136
493,313.86842105263156,258.5651
494,318.51351351351354,307.49237
495,268.31578947368433,290.8787
496,217.78947368421058,249.5608
497,208.1842105263158,240.2197
498,201.42105263157887,202.82558
499,205.39473684210523,198.8118
500,195.84210526315792,203.40752
501,187.3421052631578,200.99931
502,174.10526315789477,187.80266
503,192.26315789473682,192.12148
504,195.0,213.49821
505,180.39473684210523,218.04814
506,178.21052631578948,179.94786
507,178.84210526315783,183.96686
508,170.57894736842098,182.0896
509,174.8684210526316,185.96191
510,238.54054054054063,190.83621
511,238.23684210526315,196.47607
512,260.78947368421046,244.31624
513,286.5526315789473,244.60933
514,213.0263157894737,284.818
515,176.73684210526312,272.57007
516,172.89189189189193,169.82193
517,167.60526315789468,166.72282
518,165.50000000000006,163.57043
519,167.84210526315795,160.65842
520,171.28947368421052,167.35675
521,178.44736842105257,166.43909
522,177.945945945946,180.12758
523,178.71052631578948,179.74765
524,179.6315789473684,178.67215
525,174.0,178.11139
526,166.13157894736847,175.11618
527,163.13157894736838,178.82738
528,161.3947368421052,167.08038
529,160.07894736842104,172.12323
530,154.86842105263156,163.16
531,158.65789473684208,166.58089
532,195.4594594594594,166.88342
533,167.15789473684217,170.34164
534,227.84210526315786,166.42813
535,279.8947368421052,172.03304
536,300.842105263158,280.51154
537,304.9736842105262,271.4503
538,307.44736842105254,295.9236
539,308.2631578947367,274.22382
540,308.5263157894736,291.06036
541,294.5526315789473,265.9161
542,216.76315789473693,283.94287
543,182.08108108108107,268.97012
544,178.15789473684208,178.71619
545,175.6052631578947,179.52563
546,182.64864864864862,173.90587
547,200.0789473684211,173.56197
548,201.7894736842105,206.43597
549,187.73684210526324,203.69539
550,180.89473684210517,184.1198
551,180.1842105263157,186.61154
552,188.57894736842104,182.29724
553,188.18421052631572,182.95059
554,187.63157894736838,186.94136
555,174.8684210526316,185.24628
556,176.71052631578954,170.61868
557,170.28947368421058,171.1754
558,248.57894736842098,166.04721
559,262.55263157894746,162.39626
560,245.34210526315786,263.54645
561,275.02631578947364,258.2601
562,215.99999999999997,278.713
563,176.52631578947367,270.521
564,167.81578947368425,167.45946
565,163.05128205128204,163.54051
566,159.56756756756752,159.806
567,154.65789473684214,157.648
568,152.52631578947373,153.67715
569,162.6315789473684,154.85034
570,163.7631578947368,170.69408
571,158.62162162162156,172.76318
572,148.81578947368428,156.91223
573,145.49999999999994,158.06908
574,147.86842105263162,146.66492
575,148.00000000000006,149.25111
576,153.89473684210523,150.60529
577,154.83783783783787,153.34865
578,150.44736842105263,157.18546
579,159.36842105263165,160.5943
580,203.49999999999991,191.9077
581,205.63157894736844,200.49152
582,184.26315789473693,204.53215
583,164.4210526315789,200.54726
584,162.421052631579,162.20093
585,165.97368421052633,164.98499
586,164.23684210526318,169.48288
587,161.0526315789473,170.88739
588,163.42105263157887,165.6949
589,176.84210526315792,170.5962
590,205.50000000000009,180.42496
591,210.84210526315786,173.54431
592,223.84210526315783,208.03874
593,188.25641025641033,204.41736
594,176.3947368421053,180.30843
595,179.57894736842104,182.94518
596,173.52631578947367,181.84572
597,166.89473684210523,182.37582
598,160.47368421052627,166.70099
599,154.2631578947369,168.81674
600,155.65789473684217,155.54951
601,153.49999999999994,159.44325
602,153.81578947368416,155.19708
603,155.99999999999994,158.14088
604,153.47368421052633,157.81508
605,152.60526315789474,159.93048
606,153.34210526315786,154.80394
607,153.92105263157902,158.34421
608,153.49999999999994,158.22067
609,159.8947368421052,163.09645
610,165.39473684210532,164.35121
611,185.15789473684208,168.90503
612,210.86842105263162,195.45995
613,223.97368421052636,189.71379
614,241.40540540540553,220.55266
615,220.8684210526316,212.64673
616,222.18421052631584,211.03636
617,200.66666666666666,208.06895
618,198.5263157894736,191.50374
619,189.15789473684214,191.07297
620,180.21621621621622,185.12001
621,169.71052631578954,184.9828
622,183.76315789473685,168.7984
623,187.1842105263158,170.83206
624,182.15789473684214,184.72571
625,197.81081081081078,180.81471
626,249.18421052631572,204.96127
627,225.18421052631578,204.55386
628,215.39473684210523,222.77374
629,213.5263157894736,222.42233
630,202.56410256410257,216.5096
631,191.6052631578947,217.82709
632,216.86842105263165,191.73293
633,250.6578947368422,194.1102
634,238.02631578947373,244.98125
635,298.8157894736843,233.60219
636,298.66666666666674,293.47336
637,309.02631578947364,275.4384
638,305.9210526315791,291.70316
639,300.4736842105264,264.52545
640,273.02631578947376,276.3566
641,220.57894736842107,251.23294
642,210.31578947368422,207.32295
643,196.54054054054055,202.93643
644,185.9473684210527,193.96129
645,180.68421052631572,195.19548
646,181.23684210526318,182.49435
647,182.05263157894743,186.26898
648,185.2894736842105,185.84277
649,190.05263157894728,188.60518
650,188.6052631578948,191.90382
651,176.36842105263165,192.50304
652,170.92105263157893,175.95522
653,172.9736842105264,180.2786
654,175.18421052631575,177.28203
655,194.1052631578947,181.19325
656,179.84210526315795,200.21562
657,239.86842105263162,204.50407
658,252.76315789473693,260.73218
659,272.73684210526307,271.2415
660,202.15789473684208,270.73364
661,169.68421052631578,261.2791
662,160.64864864864862,165.36928
663,156.3421052631579,165.03098
664,160.1315789473684,154.14648
665,163.0,152.00066
666,159.28947368421046,162.31052
667,161.24324324324334,160.7159
668,162.02564102564097,162.29648
669,159.36842105263165,162.66821
670,156.10526315789474,159.0485
671,154.6052631578947,159.36029
672,158.00000000000006,156.38617
673,164.48648648648648,159.26617
674,160.00000000000006,180.98547
675,243.86842105263162,187.03293
676,252.3421052631578,261.72928
677,276.7105263157894,255.67517
678,277.32432432432444,270.9578
679,303.3947368421054,253.51956
680,296.2894736842104,294.36273
681,300.05263157894746,267.42624
682,301.0263157894737,289.57324
683,299.43243243243234,268.91837
684,299.0263157894737,291.08093
685,266.2631578947368,272.4171
686,190.57894736842096,253.59964
687,175.027027027027,247.40945
688,172.4615384615384,186.94743
689,166.1081081081081,197.4816
690,163.34210526315783,163.89879
691,161.3157894736843,165.56502
692,161.42105263157902,162.24336
693,156.3421052631579,163.38867
694,164.60526315789474,154.80685
695,168.23684210526312,156.02814
696,177.5263157894737,163.10298
697,179.28947368421046,156.3402
698,178.71052631578948,179.26707
699,171.0526315789473,178.2519
700,161.9210526315789,171.30988
701,168.13157894736847,173.76147
702,173.7105263157895,175.36343
703,230.7368421052632,178.36017
704,250.3947368421052,246.83095
705,210.1282051282051,253.73093
706,175.52631578947364,202.62253
707,159.73684210526312,204.60405
708,157.84210526315795,156.89189
709,147.86842105263162,156.49988
710,143.0526315789474,145.12616
711,141.2894736842105,145.20949
712,152.42105263157896,142.03249
713,166.50000000000006,143.74796
714,162.31578947368425,171.48996
715,159.71052631578942,173.31023
716,162.6315789473684,159.3979
717,153.421052631579,160.27232
718,153.57894736842098,154.11372
719,148.3684210526316,157.75346
720,146.47368421052636,150.0274
721,141.9736842105263,153.60406
722,145.23684210526312,143.13014
723,151.10526315789468,145.96593
724,143.55263157894734,162.20766
725,202.15789473684208,166.72824
726,224.18421052631587,229.14218
727,221.35135135135138,228.74939
728,179.0526315789474,214.38452
729,174.8684210526316,205.12923
730,174.36842105263162,181.2702
731,161.84210526315795,183.33778
732,154.76315789473688,159.51608
733,152.13157894736835,159.61879
734,153.99999999999994,152.10677
735,154.28947368421055,152.22284
736,156.921052631579,154.3801
737,156.48717948717947,154.56183
738,160.6052631578948,156.70193
739,168.0526315789474,157.732
740,167.5526315789474,171.95155
741,166.13157894736847,174.41429
742,167.5526315789474,166.75642
743,166.31578947368425,169.03128
744,159.4736842105264,167.89183
745,161.81578947368425,170.8485
746,156.39473684210523,166.495
747,152.10256410256414,170.71936
748,148.2368421052631,154.26413
749,152.13157894736835,158.31685
750,150.6486486486486,156.29831
751,156.76923076923072,159.55121
752,160.05263157894734,161.2051
753,176.05263157894746,165.15327
754,243.1891891891892,215.65193
755,229.7631578947369,221.9388
756,264.9473684210526,220.84833
757,285.07894736842115,210.95866
758,238.3684210526316,278.4636
759,208.6578947368422,256.6123
760,191.0540540540541,200.16576
761,176.5526315789473,198.46793
762,174.55263157894737,173.16382
763,168.6052631578947,171.8089
764,166.1081081081081,166.95547
765,218.36842105263167,167.51843
766,202.60526315789465,246.15262
767,193.08108108108112,245.50296
768,186.34210526315786,191.94177
769,191.921052631579,193.24803
770,185.16216216216225,202.93512
771,177.26315789473688,201.31276
772,187.36842105263156,179.22449
773,190.9473684210526,182.93248
774,201.71052631578942,194.86658
775,209.2894736842105,198.75723
776,228.31578947368413,211.07043
777,246.00000000000003,204.56178
778,281.7368421052633,245.54231
779,232.36842105263153,243.97438
780,221.10256410256414,222.79285
781,205.97297297297294,225.13309
782,221.55263157894737,205.0667
783,224.18421052631587,207.47113
784,212.35897435897436,228.12648
785,204.84210526315795,230.59448
786,190.13157894736844,206.56223
787,200.18421052631584,211.24657
788,197.4210526315789,216.0879
789,188.50000000000009,218.55725
790,190.1282051282051,188.22054
791,186.3947368421053,191.92383
792,207.81578947368425,189.16982
793,192.5263157894736,194.56862
794,195.21052631578948,193.78545
795,194.5,200.32047
796,184.68421052631587,201.28566
797,192.23684210526315,206.76675
798,196.84210526315795,200.17126
799,268.6315789473683,205.96396
800,325.44736842105254,286.05548
801,338.92307692307685,291.12595
802,342.7894736842106,333.54523
803,282.2894736842106,315.21292
804,270.94736842105254,257.41443
805,242.921052631579,246.55417
806,219.71052631578956,233.33705
807,198.86842105263165,230.5778
808,204.36842105263153,195.22963
809,205.99999999999997,196.25085
810,176.10526315789474,206.56822
811,162.18421052631575,206.91727
812,158.21052631578942,171.53448
813,150.44736842105263,182.89815
814,143.47368421052627,152.88855
815,138.0,158.25677
816,140.71052631578954,140.49956
817,155.3783783783784,144.88142
818,166.53846153846155,162.78285
819,178.97368421052633,164.47163
820,274.47368421052624,182.3683
821,315.7435897435897,180.31822
822,322.6842105263159,316.0552
823,331.42105263157885,301.49826
824,312.39473684210515,309.0823
825,293.1315789473684,272.0276
826,273.28205128205127,275.45197
827,273.92105263157896,255.48206
828,254.34210526315786,264.97818
829,206.42105263157893,250.58786
830,196.9473684210527,198.78954
831,225.57894736842107,199.1059
832,203.92105263157887,256.7863
833,196.07894736842104,257.03287
834,181.3947368421052,196.02203
835,156.2631578947369,198.95142
836,152.68421052631575,158.98618
837,168.13157894736847,169.96191
838,184.2564102564103,177.75186
839,189.5,178.03711
840,184.73684210526312,188.24359
841,193.1842105263158,183.72984
842,167.86842105263165,190.43015
843,136.84210526315783,184.07684
844,132.74358974358972,132.25299
845,138.31578947368422,132.76637
846,251.55263157894728,146.50166
847,258.15789473684214,145.40965
848,275.921052631579,248.63974
849,261.07894736842115,229.31693
850,224.0789473684211,229.21202
851,215.79487179487177,202.63835
852,175.18421052631575,212.14665
853,152.63157894736838,203.75348
854,146.9473684210526,147.83331
855,140.41025641025638,146.80782
856,144.57894736842104,139.02379
857,151.84210526315792,140.86641
858,159.49999999999997,154.40901
859,167.921052631579,153.4251
860,167.5641025641026,169.31427
861,159.49999999999997,167.59557
862,149.05263157894743,158.56166
863,144.68421052631578,160.42787
864,157.07894736842098,146.48042
865,166.2631578947369,149.94
866,165.5526315789474,178.27202
867,192.97368421052641,183.9086
868,283.8421052631578,205.62613
869,301.2894736842105,200.03712
870,313.21052631578937,296.67075
871,304.2894736842106,277.21783
872,229.81578947368425,281.04276
873,180.0263157894736,256.50137
874,169.02702702702706,169.386
875,171.7631578947369,163.46324
876,165.10526315789474,167.08961
877,159.84210526315795,161.91043
878,150.52631578947373,158.67673
879,145.23684210526312,160.5823
880,153.3684210526316,151.01707
881,148.21052631578945,157.7665
882,147.3684210526316,149.02077
883,147.4736842105264,152.49748
884,146.68421052631584,148.90254
885,148.05263157894734,150.80032
886,144.81578947368425,151.57292
887,145.8947368421052,155.0585
888,148.47368421052627,150.38545
889,154.7368421052632,154.89407
890,156.23684210526318,158.64635
891,150.65789473684205,162.39047
892,149.6052631578948,152.77615
893,151.9736842105264,157.84117
894,141.10526315789477,155.77615
895,141.1538461538462,159.72038
896,140.2368421052632,145.37918
897,138.4473684210527,149.5404
898,145.65789473684208,140.69528
899,245.47368421052627,143.88962
900,212.0789473684211,264.58347
901,221.34210526315783,262.54962
902,172.36842105263156,217.43158
903,157.5384615384616,208.674
904,145.23684210526312,154.44312
905,142.23684210526318,153.1465
906,142.1842105263158,140.76196
907,153.39473684210526,139.74301
908,143.65789473684214,160.12419
909,128.73684210526318,160.1498
910,129.63157894736844,127.78793
911,127.21052631578951,132.22762
912,129.68421052631578,128.39748
913,126.92105263157896,130.3061
914,124.21052631578945,127.458084
915,127.1052631578948,128.92857
916,131.10256410256417,129.19301
917,129.7105263157895,131.2947
918,129.40540540540547,131.2897
919,139.60526315789477,134.05646
920,227.4615384615384,177.50975
921,275.7894736842105,187.44913
922,298.2631578947367,280.8143
923,311.5,269.37808
924,310.842105263158,290.86328
925,299.3243243243244,249.69122
926,255.41025641025635,239.8525
927,259.6052631578948,211.8665
928,170.44736842105263,250.35669
929,162.37837837837836,230.71095
930,157.5263157894737,166.94765
931,171.18421052631575,169.34671
932,163.18421052631572,172.4575
933,164.0526315789473,166.57347
934,152.52631578947373,163.08679
935,152.34210526315792,161.30614
936,170.28947368421058,153.63612
937,175.00000000000006,155.09836
938,158.02631578947373,175.50156
939,155.94736842105257,174.31863
940,162.3947368421052,158.47536
941,150.2631578947368,162.64006
942,144.71052631578945,151.00046
943,165.81578947368425,155.68909
944,247.73684210526324,223.76927
945,271.2631578947368,235.61055
946,291.578947368421,269.61533
947,181.00000000000003,260.3589
948,160.52631578947367,156.83722
949,153.0689655172413,147.45316
950,152.26315789473688,146.28577
951,146.39473684210532,140.62779
952,141.7368421052631,141.81764
953,141.71052631578948,140.09955
954,142.3421052631579,142.32451
955,146.83783783783787,143.27171
956,153.421052631579,149.67389
957,146.05263157894734,150.72835
958,142.63157894736847,144.26152
959,145.84210526315783,145.10037
960,153.84210526315792,151.33447
961,159.07894736842107,156.2125
962,163.23684210526318,163.15033
963,153.92105263157902,166.29474
964,206.6315789473684,154.30502
965,306.108108108108,158.4676
966,320.68421052631584,320.42645
967,328.5789473684211,314.8974
968,324.2631578947369,301.84268
969,294.3157894736841,264.18768
970,267.7105263157896,270.67953
971,259.657894736842,252.67761
972,215.05405405405403,248.01651
973,186.3947368421053,235.73708
974,175.9473684210527,185.583
975,187.68421052631575,190.28426
976,166.18421052631575,194.73483
977,151.2631578947369,193.34477
978,141.57894736842098,155.04373
979,144.9736842105263,164.80864
980,142.07894736842107,154.194
981,148.8108108108108,158.4636
982,160.81578947368422,154.07617
983,161.57894736842098,157.05772
984,176.078947368421,159.31282
985,183.00000000000003,157.77501
986,163.97368421052633,182.07982
987,163.1351351351352,179.2736
988,181.3947368421052,165.1443
989,267.421052631579,166.6972
990,270.921052631579,272.94052
991,186.34210526315786,264.92807
992,167.44736842105263,168.5864
993,171.54054054054052,165.68834
994,169.25641025641022,173.47388
995,169.13157894736838,171.99467
996,164.4736842105264,168.37059
997,166.78947368421055,166.92348
998,170.73684210526318,167.50024
999,170.49999999999994,167.35666
1000,168.31578947368425,170.94685
1001,175.8684210526316,171.62822
1002,168.71052631578942,177.28894
1003,165.3684210526316,177.24043
1004,162.60526315789468,169.63406
1005,159.26315789473688,175.5388
1006,161.44736842105266,162.34409
1007,166.4210526315789,167.1745
1008,169.92105263157902,174.90193
1009,160.02631578947367,180.78897
1010,231.7105263157894,161.04485
1011,286.102564102564,166.28078
1012,301.4473684210526,284.00082
1013,262.3421052631579,260.39154
1014,204.02631578947373,237.52351
1015,199.34210526315798,230.11348
1016,187.84210526315786,201.57724
1017,186.0526315789474,198.8039
1018,174.05405405405403,184.85016
1019,173.92105263157887,181.86891
1020,169.36842105263156,174.4974
1021,165.60526315789468,174.81665
1022,160.31578947368416,167.62082
1023,157.47368421052633,171.96439
1024,154.68421052631575,159.9858
1025,144.57894736842104,164.23378
1026,146.57894736842104,144.33069
1027,180.89473684210517,147.00073
1028,233.8421052631579,199.44887
1029,264.07894736842115,202.91034
1030,188.21052631578954,258.89203
1031,171.52631578947367,239.73996
1032,164.71052631578945,170.93935
1033,151.578947368421,169.2775
1034,158.78947368421046,147.36038
1035,179.7631578947369,145.21692
1036,182.94736842105266,183.28336
1037,161.42105263157902,173.87439
1038,150.55263157894743,156.0643
1039,147.84210526315783,158.12735
1040,153.34210526315786,150.44893
1041,150.6052631578947,153.68126
1042,196.921052631579,152.07352
1043,283.3947368421054,154.50044
1044,289.1052631578947,290.15872
1045,218.44736842105263,278.49545
1046,167.52631578947373,195.64928
1047,159.68421052631584,191.86589
1048,154.23684210526315,156.47647
1049,153.5263157894737,150.93759
1050,150.84210526315783,150.28244
1051,162.1052631578948,147.28502
1052,223.24324324324323,165.0039
1053,222.65789473684205,162.41112
1054,195.26315789473685,208.59909
1055,204.1842105263157,192.1023
1056,176.44736842105257,208.20976
1057,173.86842105263156,203.10078
1058,201.71052631578942,175.24178
1059,208.47368421052641,175.10822
1060,190.64864864864873,204.55937
1061,184.36842105263162,197.55167
1062,204.7368421052632,182.84456
1063,221.34210526315783,182.0383
1064,275.52631578947376,232.49278
1065,310.18421052631584,234.6686
1066,307.55263157894734,301.8207
1067,327.60526315789474,281.36435
1068,290.8684210526317,320.50677
1069,238.31578947368413,300.5363
1070,245.7837837837838,226.08397
1071,250.71052631578948,223.20244
1072,260.5263157894737,248.24675
1073,264.8684210526316,243.60576
1074,233.26315789473682,263.20966
1075,207.2631578947369,260.03598
1076,220.47368421052624,206.37816
1077,221.49999999999994,213.08287
1078,208.7368421052632,222.81456
1079,197.1315789473684,223.34695
1080,213.05263157894734,196.56924
1081,226.26315789473685,200.51672
1082,219.92105263157887,231.11548
1083,247.73684210526324,231.79271
1084,295.18421052631567,259.1187
1085,293.7105263157896,264.57663
1086,270.1052631578947,293.06824
1087,242.07894736842093,283.7487
1088,232.6315789473685,236.549
1089,304.05263157894734,238.48189
1090,322.5263157894736,347.40872
1091,331.63157894736855,353.71915
1092,335.1842105263159,325.1236
1093,322.94736842105266,311.7101
1094,306.05263157894734,313.45697
1095,270.9459459459459,308.13733
1096,227.94736842105272,260.04495
1097,211.6153846153846,254.7215
1098,217.78947368421058,208.13715
1099,241.55263157894728,206.85545
1100,237.44736842105252,245.24623
1101,256.31578947368433,239.09691
1102,247.07894736842115,257.71103
1103,248.65789473684217,252.988
1104,233.78947368421055,247.37997
1105,231.76315789473693,246.30116
1106,238.94594594594588,232.7958
1107,240.3157894736842,234.27162
1108,242.99999999999994,243.2978
1109,302.52631578947376,245.31393
1110,308.65789473684197,324.1327
1111,320.31578947368416,322.16394
1112,306.0540540540541,316.4472
1113,291.4473684210526,308.42252
1114,279.7631578947368,288.64325
1115,251.34210526315798,289.57693
1116,237.34210526315795,246.91196
1117,223.8947368421052,248.69707
1118,209.47368421052633,221.55359
1119,214.71052631578956,222.20457
1120,197.86842105263162,217.00383
1121,192.07894736842107,217.64679
1122,189.81578947368422,194.71207
1123,177.18421052631578,200.03133
1124,190.7368421052631,179.11084
1125,182.3157894736842,186.04266
1126,172.10526315789474,184.056
1127,155.47368421052636,188.7782
1128,154.7894736842105,156.40384
1129,151.10526315789468,162.93326
1130,147.84210526315783,152.7807
1131,145.8947368421052,156.00134
1132,146.0,147.0786
1133,146.99999999999997,149.30206
1134,255.05263157894734,149.59137
1135,223.55263157894734,150.96017
1136,267.10526315789474,204.13339
1137,243.2631578947369,191.9833
1138,205.50000000000009,221.14912
1139,176.92105263157887,208.19954
1140,159.31578947368416,170.95503
1141,155.5641025641025,168.37059
1142,155.86486486486496,152.36226
1143,156.13157894736835,149.69846
1144,175.36842105263165,154.76608
1145,170.94736842105257,153.85815
1146,140.5526315789473,169.00624
1147,134.8421052631579,168.00122
1148,136.1315789473684,140.04138
1149,137.97368421052636,144.80453
1150,142.07894736842107,139.75648
1151,156.31578947368422,141.18083
1152,171.7631578947369,162.21416
1153,230.92105263157902,164.46358
1154,285.3947368421053,234.41959
1155,299.1842105263157,226.03625
1156,274.8947368421053,290.92752
1157,219.44736842105254,262.8743
1158,181.94736842105266,197.39168
1159,160.86842105263153,190.11699
1160,149.13157894736835,156.10318
1161,144.94594594594594,152.6413
1162,145.94736842105263,143.46326
1163,152.92105263157896,142.93102
1164,150.8717948717949,155.66896
1165,142.35135135135133,154.22783
1166,138.39473684210523,141.6378
1167,131.42105263157893,144.77951
1168,128.05263157894737,132.53069
1169,115.05263157894734,136.52528
1170,106.84210526315793,114.0039
1171,102.55263157894737,116.65391
1172,99.52631578947364,103.260574
1173,98.07894736842103,105.38659
1174,101.47368421052632,99.0418
1175,101.42105263157897,100.964424
1176,101.2368421052632,102.18303
1177,100.28947368421049,103.17917
1178,105.15789473684214,100.75068
1179,102.7894736842105,101.85051
1180,104.55263157894738,104.05552
1181,106.36842105263155,106.51235
1182,106.65789473684215,108.25731
1183,104.34210526315792,109.89621
1184,103.6315789473684,105.89781
1185,104.55263157894738,108.90402
1186,170.68421052631584,106.756996
1187,237.1315789473684,109.3522
1188,236.13157894736844,256.6323
1189,242.43243243243242,260.0984
1190,180.23076923076925,224.19203
1191,148.0270270270271,194.70966
1192,135.7105263157895,142.17055
1193,132.5526315789474,139.58319
1194,134.34210526315795,130.03683
1195,149.7105263157895,127.23331
1196,153.84210526315792,145.9216
1197,158.51282051282047,135.8201
1198,146.92105263157896,158.32422
1199,144.35135135135135,156.24353
1200,154.0526315789473,144.98442
1201,158.68421052631575,146.25845
1202,182.21052631578945,162.24664
1203,234.63157894736844,163.6903
1204,266.89473684210515,235.43237
1205,295.7105263157895,221.70056
1206,236.36842105263165,290.57733
1207,263.2368421052633,267.97925
1208,280.0789473684211,275.12415
1209,303.7368421052632,262.23618
1210,283.0263157894737,299.3865
1211,267.43243243243245,276.36063
1212,276.7105263157894,259.0922
1213,269.65789473684214,250.72906
1214,214.3947368421053,264.3663
1215,176.23684210526324,260.58694
1216,259.3157894736843,176.54756
1217,308.28947368421063,184.74582
1218,313.76315789473693,297.39798
1219,312.4210526315789,270.93326
1220,311.55263157894734,293.0066
1221,276.42105263157896,269.50998
1222,198.8157894736842,261.5565
1223,167.5,254.81003
1224,170.72972972972974,166.00957
1225,160.31578947368416,168.9259
1226,158.39473684210523,155.63474
1227,166.21052631578948,155.93954
1228,166.3947368421053,172.44125
1229,160.76315789473682,172.11159
1230,219.73684210526307,160.01413
1231,246.3157894736841,162.11586
1232,301.34210526315786,240.84732
1233,240.84210526315795,222.48323
1234,216.10526315789468,215.31017
1235,185.18421052631575,208.26503
1236,214.47368421052641,179.87018
1237,217.52631578947376,178.88062
1238,176.86842105263153,212.10568
1239,183.1315789473684,206.8247
1240,159.13513513513516,188.48994
1241,157.46153846153845,187.92339
1242,154.7894736842105,164.61841
1243,150.578947368421,169.3605
1244,148.31578947368425,152.24359
1245,173.6052631578948,156.23315
1246,174.0263157894736,190.05077
1247,153.99999999999994,193.68231
1248,149.44736842105257,152.96652
1249,150.2105263157895,157.09364
1250,146.2368421052631,153.35025
1251,142.7894736842105,156.22249
1252,144.94594594594594,144.27678
1253,209.10526315789474,147.15242
1254,220.4615384615385,237.37202
1255,272.7567567567567,237.264
1256,221.86842105263156,271.96622
1257,214.2051282051283,255.26608
1258,207.94594594594602,214.98654
1259,236.47368421052641,209.95018
1260,245.73684210526307,250.39032
1261,257.5526315789474,239.27322
1262,189.8684210526315,250.45502
1263,182.79487179487185,228.69164
1264,183.18421052631575,184.31165
1265,209.0789473684211,183.35187
1266,212.13157894736838,225.59776
1267,209.10526315789474,225.99754
1268,211.2894736842105,210.19878
1269,221.13157894736847,211.95099
1270,231.97368421052627,226.79596
1271,216.78947368421055,226.06813
1272,189.31578947368425,209.1892
1273,154.81578947368422,205.59354
1274,140.10526315789468,148.64742
1275,150.55263157894743,146.96413
1276,158.31578947368416,152.32895
1277,196.84210526315795,148.53358
1278,303.3684210526317,204.10185
1279,306.57894736842115,184.95212
1280,313.64102564102575,289.1803
1281,239.3243243243243,259.4552
1282,245.47368421052627,212.26831
1283,177.57894736842096,202.71426
1284,170.99999999999994,163.61264
1285,185.73684210526318,158.06287
1286,173.421052631579,187.96075
1287,157.44736842105263,181.64742
1288,153.07692307692304,156.56715
1289,144.2894736842105,161.39903
1290,160.23684210526315,148.15567
1291,182.5,155.02394
1292,157.83783783783778,195.11874
1293,143.7368421052632,196.0833
1294,141.2894736842105,143.28946
1295,132.35897435897436,146.57854
1296,131.68421052631575,132.04391
1297,128.83783783783787,134.09193
1298,136.42105263157893,129.38829
1299,168.02631578947364,130.81409
1300,278.2631578947369,198.28287
1301,295.15789473684214,201.04385
1302,249.5263157894736,294.01218
1303,203.23684210526312,272.68408
1304,201.9736842105263,188.17969
1305,218.26315789473676,182.11832
1306,242.02564102564105,213.61452
1307,209.36842105263156,199.90787
1308,188.18421052631572,193.90991
1309,177.48648648648646,185.5753
1310,163.43589743589743,176.37268
1311,151.29729729729735,176.86598
1312,143.921052631579,154.49034
1313,145.51282051282047,161.00311
1314,144.9210526315789,149.70766
1315,140.4736842105264,151.88016
1316,139.39473684210526,141.40805
1317,141.4210526315789,144.81122
1318,152.31578947368416,143.15077
1319,155.5526315789474,144.69133
1320,152.3947368421052,159.99901
1321,153.4473684210527,163.84015
1322,155.28947368421046,155.13615
1323,147.18421052631575,157.88696
1324,150.44736842105263,148.76027
1325,173.81578947368422,153.41711
1326,162.86842105263156,182.66745
1327,203.3684210526315,188.21527
1328,166.35897435897434,214.15575
1329,167.2105263157895,220.14911
1330,259.6842105263158,194.87062
1331,277.6052631578947,201.5237
1332,257.5789473684211,273.3068
1333,274.54054054054046,257.67
1334,252.28205128205133,271.92514
1335,225.49999999999997,254.56116
1336,246.10526315789477,215.05675
1337,276.1842105263159,208.60664
1338,238.89473684210523,275.45905
1339,239.84210526315783,249.41266
1340,254.68421052631578,233.93422
1341,228.15789473684217,221.36758
1342,243.36842105263167,227.67546
1343,235.1578947368421,234.56407
1344,225.36842105263162,237.4924
1345,233.99999999999997,242.76784
1346,243.40540540540533,239.97948
1347,240.68421052631587,243.8084
1348,241.4736842105263,245.01643
1349,204.23684210526315,251.34055
1350,180.7105263157895,200.07985
1351,295.68421052631567,204.86191
1352,292.28947368421063,386.81982
1353,313.5675675675675,380.59048
1354,300.4210526315791,306.0688
1355,300.078947368421,289.078
1356,271.97368421052624,294.99603
1357,278.34210526315786,283.13715
1358,254.63157894736833,275.97705
1359,199.07894736842113,264.37686
1360,195.81578947368428,189.03108
1361,201.60526315789465,187.16496
1362,182.81578947368416,201.24455
1363,192.99999999999997,199.17729
1364,184.078947368421,198.81512
1365,199.02631578947359,199.75055
1366,235.97368421052627,209.64629
1367,195.63157894736835,211.98123
1368,156.1842105263158,189.6575
1369,142.13157894736835,193.08078
1370,168.59459459459455,141.84006
1371,186.1842105263157,143.56306
1372,219.05263157894743,187.27911
1373,204.60526315789468,182.07544
1374,238.842105263158,196.36577
1375,262.6052631578947,190.30121
1376,261.3684210526315,250.51187
1377,274.6578947368422,227.42155
1378,212.13157894736838,262.77148
1379,169.57894736842098,245.8121
1380,136.02631578947367,162.18233
1381,143.76315789473682,158.55272
1382,162.3947368421052,143.46844
1383,174.13157894736844,139.29608
1384,181.18918918918914,168.4966
1385,184.921052631579,159.5483
1386,151.65789473684217,179.5799
1387,132.4871794871795,171.22754
1388,136.8684210526316,133.26413
1389,141.99999999999994,139.45213
1390,129.10526315789477,142.35564
1391,138.07894736842098,140.66856
1392,153.02702702702706,141.39716
1393,163.97368421052633,141.4023
1394,243.2631578947369,167.89722
1395,295.657894736842,167.74687
1396,301.6578947368421,298.34592
1397,334.157894736842,283.05597
1398,297.3157894736842,313.30603
1399,205.81578947368425,266.13348
1400,199.40540540540542,185.3779
1401,204.76315789473682,176.71962
1402,190.42105263157904,200.98482
1403,174.78947368421055,193.69801
1404,170.65789473684205,171.60138
1405,166.47368421052633,173.12717
1406,175.71052631578942,169.24348
1407,164.73684210526312,173.71861
1408,145.1351351351351,164.44066
1409,141.81578947368428,169.18005
1410,130.97368421052627,147.05467
1411,123.94736842105257,152.0923
1412,117.8421052631579,125.96779
1413,114.65789473684211,130.0812
1414,116.05263157894737,116.27277
1415,119.2894736842105,119.161835
1416,115.81578947368425,121.12089
1417,113.92105263157893,122.71323
1418,116.02631578947368,114.57013
1419,115.63157894736847,116.040245
1420,113.68421052631575,116.918274
1421,135.1578947368421,118.96723
1422,215.3421052631579,170.07631
1423,224.65789473684214,177.39569
1424,195.2894736842105,220.10059
1425,138.05263157894743,203.20909
1426,124.28947368421058,126.868256
1427,121.50000000000006,123.69711
1428,120.94594594594595,117.95578
1429,123.52631578947367,114.05535
1430,123.89473684210523,121.99084
1431,116.05263157894737,119.74309
1432,117.39473684210525,114.343765
1433,125.18421052631581,115.45692
1434,122.23684210526318,129.43027
1435,116.97368421052633,130.20087
1436,113.60526315789477,116.643394
1437,117.97368421052636,118.30404
1438,117.44736842105264,125.56973
1439,116.60526315789477,129.1571
1440,118.44736842105257,118.40752
1441,125.61538461538467,121.21215
1442,123.84210526315792,128.94138
1443,122.55263157894734,131.09857
1444,117.8421052631579,123.854126
1445,117.21052631578945,126.40642
1446,113.65789473684212,119.976494
1447,112.00000000000004,123.29039
1448,113.21052631578944,113.88677
1449,116.3421052631579,116.59013
1450,112.76315789473686,120.388054
1451,109.47368421052632,123.39987
1452,101.8684210526316,110.69726
1453,98.47368421052629,113.48778
1454,104.81578947368419,98.86534
1455,109.10526315789471,100.1753
1456,108.15789473684207,113.0296
1457,105.71052631578945,115.24276
1458,109.31578947368422,106.71437
1459,118.13157894736837,109.14777
1460,125.78947368421055,122.74115
1461,123.31578947368419,124.03859
1462,137.578947368421,124.570465
1463,117.52631578947373,126.19182
1464,110.3513513513514,115.06708
1465,106.39473684210527,117.68742
1466,101.39473684210527,107.55507
1467,98.84210526315792,109.56857
1468,99.27027027027025,99.150406
1469,100.89743589743593,100.064285
1470,97.56756756756752,102.14332
1471,98.97368421052632,102.95288
1472,102.71052631578947,100.08446
1473,115.60526315789471,101.232635
1474,186.47368421052636,117.15429
1475,187.3947368421052,110.11659
1476,167.36842105263165,178.74683
1477,122.89473684210529,168.63803
1478,116.94736842105257,111.82325
1479,109.17948717948718,106.910706
1480,104.50000000000004,104.948685
1481,102.45945945945941,102.99841
1482,99.9210526315789,101.347534
1483,99.13157894736844,101.02076
1484,97.42105263157897,99.53311
1485,94.7368421052632,100.507126
1486,92.76315789473684,95.19894
1487,91.55263157894737,97.33618
1488,90.60526315789473,91.41163
1489,91.9487179487179,91.89628
1490,95.64864864864866,93.18225
1491,97.47368421052633,94.332436
1492,101.28205128205126,99.46856
1493,108.37837837837837,101.54101
1494,109.78947368421052,111.58986
1495,196.13157894736838,113.31743
1496,220.1025641025641,229.9488
1497,152.21621621621625,225.58372
1498,155.76315789473682,136.73578
1499,143.4210526315789,130.10925
1500,132.3157894736842,137.93794
1501,131.15789473684214,135.28047
1502,117.1842105263158,130.05742
1503,109.1842105263158,127.51976
1504,105.02631578947364,108.57427
1505,104.02631578947367,110.39532
1506,105.26315789473679,107.98864
1507,106.13513513513517,111.27109
1508,103.3157894736842,107.198265
1509,101.43589743589745,108.415245
1510,99.47368421052633,101.73394
1511,104.78947368421053,103.01276
1512,107.89473684210526,108.22533
1513,110.60526315789471,109.63015
1514,111.60526315789474,112.370766
1515,111.10526315789477,114.17392
1516,116.13157894736845,111.63501
1517,123.63157894736844,113.159546
1518,213.44736842105266,126.57239
1519,320.94871794871796,128.38664
1520,268.55263157894734,622.27167
1521,232.13157894736835,896.834
1522,218.8461538461538,210.69678
1523,205.4324324324324,195.0846
1524,198.076923076923,192.09512
1525,181.05263157894737,180.13547
1526,175.89473684210526,172.62386
1527,165.3157894736842,166.89258
1528,150.99999999999994,162.38326
1529,165.1315789473684,161.48062
1530,145.5526315789473,181.94992
1531,141.1842105263158,184.86609
1532,152.5526315789474,145.92274
1533,151.44736842105266,151.04059
1534,170.7631578947369,153.4812
1535,176.48717948717945,156.23463
1536,195.13157894736838,178.94128
1537,201.99999999999997,179.56564
1538,206.50000000000006,202.29114
1539,233.15789473684208,196.51732
1540,288.8684210526315,229.96054
1541,345.44736842105283,215.30351
1542,326.73684210526307,344.54898
1543,262.56410256410254,316.74454
1544,234.34210526315786,238.34901
1545,240.86842105263167,236.30197
1546,238.30769230769235,241.22685
1547,205.9736842105263,236.94975
1548,175.26315789473685,200.27481
1549,164.38461538461533,201.0083
1550,151.21621621621625,169.31485
1551,154.63157894736847,177.82172
1552,149.65789473684217,160.9515
1553,151.73684210526315,163.61717
1554,144.2894736842105,153.62172
1555,167.69230769230774,154.7344
1556,185.55263157894743,186.1764
1557,171.63157894736838,190.11996
1558,150.1578947368421,170.0529
1559,142.3947368421053,171.86223
1560,137.1578947368421,143.56554
1561,129.86842105263165,146.76462
1562,127.4210526315789,129.10402
1563,122.99999999999997,130.25302
1564,121.74358974358971,123.0919
1565,174.8421052631579,124.88899
1566,186.97368421052641,205.9409
1567,217.5526315789473,195.32599
1568,176.71052631578954,210.8328
1569,169.35897435897434,199.56764
1570,152.36842105263156,169.66808
1571,140.0,167.37851
1572,138.38461538461542,136.15794
1573,138.4473684210527,134.74384
1574,136.7631578947368,137.12733
1575,129.23684210526318,135.3717
1576,125.97435897435892,127.92255
1577,125.84210526315792,129.37364
1578,129.2894736842105,126.11746
1579,142.97368421052636,126.871475
1580,143.3846153846154,157.72058
1581,143.4473684210527,163.34288
1582,143.36842105263162,143.19786
1583,133.6923076923077,143.5093
1584,143.63157894736838,133.4192
1585,159.18421052631572,136.5766
1586,173.02631578947376,171.50835
1587,176.79487179487177,175.44585
1588,208.13157894736847,173.8895
1589,272.6842105263159,170.17651
1590,265.5263157894737,273.9152
1591,257.9736842105262,263.05255
1592,185.94871794871796,246.6897
1593,136.26315789473688,233.33044
1594,136.25641025641025,124.91266
1595,143.5263157894736,115.89775
1596,149.8947368421052,137.55794
1597,130.61538461538458,130.60445
1598,120.921052631579,126.21678
1599,115.60526315789471,128.88052
1600,115.3684210526316,120.97375
1601,145.1315789473684,126.5219
1602,155.39473684210523,169.18591
1603,131.76923076923077,176.34225
1604,129.0789473684211,127.36743
1605,124.36842105263156,128.31766
1606,128.69230769230765,125.002884
1607,128.6052631578947,126.48253
1608,144.2894736842105,128.09029
1609,168.34210526315792,127.7762
1610,144.68421052631578,176.39311
1611,176.56410256410263,179.92311
1612,169.0526315789473,188.85979
1613,162.9473684210527,194.25574
1614,157.07894736842098,160.99205
1615,187.10526315789465,159.63878
1616,227.53846153846158,200.76642
1617,206.8684210526316,203.7722
1618,244.26315789473693,204.8218
1619,279.2368421052631,202.29411
1620,278.79487179487165,273.5084
1621,184.23684210526324,250.20493
1622,156.1578947368421,165.55971
1623,143.3846153846154,160.50462
1624,168.86842105263153,137.09096
1625,173.15789473684208,132.43353
1626,139.82051282051285,166.83199
1627,131.7894736842105,159.84947
1628,120.71052631578954,135.42888
1629,122.23684210526318,139.73898
1630,132.3157894736842,131.25876
1631,128.39473684210523,134.991
1632,124.3947368421052,127.03186
1633,126.65789473684214,127.54318
1634,128.73684210526318,128.34206
1635,129.2972972972973,129.25027
1636,137.63157894736835,130.03807
1637,147.5526315789474,130.56406
1638,155.25641025641025,152.48009
1639,191.21052631578956,155.61476
1640,304.1842105263158,194.27075
1641,327.28947368421063,182.74077
1642,338.0263157894736,347.64493
1643,334.76315789473693,321.52472
1644,307.2368421052632,266.81458
1645,305.5263157894736,220.31328
1646,245.02631578947356,293.22214
1647,182.63157894736847,271.02475
1648,182.2631578947369,175.54062
1649,191.52631578947367,176.54633
1650,193.63157894736844,189.30414
1651,215.2631578947368,183.87674
1652,197.89473684210523,218.02335
1653,187.21052631578945,210.33006
1654,184.1578947368422,185.45285
1655,177.5263157894737,186.65334
1656,186.91891891891885,177.25914
1657,202.7368421052632,179.39096
1658,213.0263157894737,207.04819
1659,227.65789473684205,208.23203
1660,228.8684210526316,232.73285
1661,211.945945945946,235.96114
1662,278.1315789473684,206.36095
1663,278.7631578947369,207.1687
1664,302.6052631578947,274.75116
1665,322.0263157894737,260.17795
1666,295.50000000000006,315.14938
1667,247.8421052631578,295.14618
1668,223.76315789473688,234.16061
1669,216.3157894736843,232.53838
1670,190.3684210526316,214.74306
1671,198.23684210526312,211.8533
1672,184.36842105263162,200.01657
1673,201.23684210526324,197.8006
1674,197.86842105263162,211.81924
1675,202.0526315789474,212.59627
1676,212.56756756756764,202.85695
1677,214.94736842105272,203.68129
1678,210.3947368421052,211.6065
1679,206.47368421052627,207.91824
1680,207.31578947368416,207.23184
1681,211.39473684210523,210.32181
1682,236.55263157894728,213.00882
1683,319.7105263157896,214.0401
1684,320.0526315789474,323.97726
1685,332.9473684210526,309.6974
1686,313.9473684210527,320.3292
1687,273.5405405405405,301.62363
1688,258.79487179487165,259.64478
1689,252.76315789473693,257.2803
1690,269.3421052631579,249.85707
1691,289.842105263158,246.98325
1692,272.02631578947364,287.25085
1693,275.78378378378386,276.1687
1694,253.34210526315792,277.2908
1695,246.921052631579,277.7368
1696,228.3421052631579,249.913
1697,223.15789473684217,254.5553
1698,206.50000000000006,225.02708
1699,209.05263157894743,227.13844
1700,205.55263157894743,211.0401
1701,218.2894736842105,212.90942
1702,211.39473684210523,223.19423
1703,200.26315789473688,224.40242
1704,210.7631578947369,201.50986
1705,216.21052631578945,207.07948
1706,220.42105263157904,219.3663
1707,224.26315789473685,221.4783
1708,224.81578947368428,228.19304
1709,233.4736842105264,232.81871
1710,238.89473684210523,241.65564
1711,278.34210526315786,246.38576
1712,306.7631578947367,286.86935
1713,311.3421052631578,287.89465
1714,321.3684210526317,306.20053
1715,289.15789473684197,294.01776
1716,253.68421052631584,274.2715
1717,241.4736842105263,272.66495
1718,239.86842105263162,240.90195
1719,239.18421052631572,240.30904
1720,233.54054054054058,239.78825
1721,228.55263157894746,238.57959
1722,232.71052631578948,228.75441
1723,238.74358974358967,231.319
1724,230.3684210526316,241.49591
1725,215.94594594594597,241.63521
1726,219.31578947368413,216.66008
1727,208.86842105263165,223.26682
1728,216.36842105263167,211.6363
1729,219.97368421052636,218.89598
1730,227.36842105263165,225.48029
1731,224.027027027027,231.16638
1732,264.8421052631578,227.9947
1733,334.7105263157895,234.12616
1734,343.6315789473683,336.21747
1735,331.2368421052631,323.60468
1736,315.63157894736844,309.68533
1737,275.76315789473693,293.88876
1738,271.6842105263159,263.17358
1739,264.7894736842106,262.36807
1740,178.13157894736844,261.22928
1741,148.3684210526316,258.47314
1742,129.26315789473682,167.62602
1743,121.1842105263158,193.58482
1744,115.76315789473682,116.158264
1745,115.73684210526318,119.93494
1746,116.81578947368425,112.99413
1747,112.86842105263153,113.78191
1748,111.49999999999999,114.79334
1749,110.26315789473684,119.436134
1750,109.47368421052632,112.19158
1751,109.84210526315792,115.331764
1752,110.18421052631578,110.917656
1753,106.2894736842105,112.300804
1754,105.94736842105259,107.43027
1755,102.68421052631577,110.31488
1756,102.63157894736847,103.97866
1757,103.94871794871798,106.77441
1758,101.71052631578951,106.93084
1759,103.18421052631578,109.66367
1760,113.86486486486491,106.52152
1761,193.87179487179495,109.54181
1762,249.26315789473676,206.72173
1763,303.89473684210526,207.18742
1764,239.86842105263162,341.46277
1765,168.6052631578947,335.40076
1766,157.86842105263162,152.57399
1767,134.81578947368422,144.77225
1768,117.60526315789468,126.38603
1769,114.28947368421055,123.11174
1770,108.92105263157892,116.33436
1771,108.34210526315793,118.90993
1772,107.18421052631582,114.39307
1773,107.9230769230769,118.80264
1774,115.34210526315786,111.65268
1775,123.71052631578948,114.970535
1776,126.76315789473682,127.80159
1777,128.3421052631579,129.20442
1778,128.07894736842098,129.16418
1779,123.55263157894734,129.56471
1780,118.02631578947363,122.79599
1781,109.47368421052632,123.70999
1782,110.64102564102568,109.51282
1783,172.21052631578956,111.85921
1784,166.28947368421055,188.58372
1785,124.60526315789477,192.3402
1786,115.60526315789471,116.54711
1787,111.0526315789474,115.84161
1788,107.36842105263162,110.398155
1789,109.92105263157892,110.30617
1790,108.3947368421053,110.3693
1791,103.56410256410253,109.60986
1792,102.31578947368423,102.403114
1793,101.1315789473684,102.97944
1794,101.2368421052632,101.44756
1795,107.23684210526312,102.57248
1796,112.50000000000003,108.76959
1797,109.65789473684211,108.395706
1798,110.97368421052636,109.94453
1799,115.31578947368426,111.92869
1800,110.60526315789471,116.58463
1801,103.47368421052636,117.177826
1802,105.36842105263162,104.28803
1803,102.2631578947368,107.62652
1804,104.35897435897441,103.8952
1805,106.36842105263155,106.74189
1806,145.5526315789473,111.86831
1807,162.36842105263156,114.814606
1808,131.15789473684214,162.86264
1809,107.50000000000001,160.30801
1810,99.73684210526314,104.07147
1811,95.86842105263153,104.93556
1812,95.34210526315788,94.74165
1813,89.99999999999999,94.10024
1814,85.52631578947371,88.63338
1815,84.68421052631581,88.83706
1816,84.72972972972971,85.2233
1817,85.51282051282051,86.11966
1818,95.76315789473685,85.99561
1819,89.45945945945941,86.67444
1820,84.63157894736842,88.916855
1821,82.39473684210526,89.987915
1822,80.28947368421052,83.325645
1823,76.52631578947368,85.04517
1824,75.36842105263156,76.4689
1825,75.23684210526318,77.406845
1826,88.3684210526316,75.85526
1827,166.81578947368428,76.50107
1828,189.55263157894737,190.91217
1829,125.26315789473676,203.51308
1830,101.65789473684207,110.727974
1831,108.18918918918918,104.907646
1832,100.78947368421055,110.67204
1833,93.89473684210523,107.71957
1834,92.28947368421056,90.54173
1835,99.57894736842103,88.57883
1836,98.94736842105264,98.560455
1837,97.39473684210522,94.54129
1838,102.8918918918919,97.31761
1839,103.15789473684215,97.73713
1840,90.57894736842104,102.34255
1841,90.97368421052632,100.9271
1842,95.81578947368418,93.29956
1843,106.8947368421053,95.07557
1844,114.97368421052633,109.3048
1845,93.26315789473679,110.392876
1846,83.18421052631577,90.97422
1847,82.48648648648646,93.73
1848,83.64102564102566,83.278496
1849,83.51351351351349,83.475525
1850,83.10526315789477,83.55215
1851,87.81578947368423,83.34115
1852,89.28947368421049,89.07903
1853,91.10526315789475,88.30355
1854,93.21052631578952,90.66029
1855,94.89473684210529,88.95923
1856,95.5789473684211,95.62128
1857,90.4736842105263,95.70242
1858,89.18421052631581,90.489174
1859,102.59459459459461,92.45871
1860,155.38461538461533,106.4036
1861,135.21052631578948,108.58849
1862,119.94736842105262,132.82706
1863,122.34210526315783,130.36931
1864,121.63157894736848,124.90822
1865,109.31578947368422,124.121445
1866,110.2972972972973,105.73529
1867,116.15384615384616,104.92504
1868,104.35135135135134,116.51299
1869,101.68421052631578,113.049934
1870,106.86842105263163,101.61492
1871,102.44736842105266,102.07012
1872,99.87179487179485,102.11218
1873,110.15789473684207,103.542694
1874,112.92105263157893,113.875336
1875,130.86842105263162,114.96766
1876,236.7894736842106,135.53014
1877,317.0526315789474,138.17102
1878,218.63157894736833,483.89236
1879,162.18421052631575,610.4951
1880,170.51282051282058,153.08467
1881,182.13157894736844,149.07622
1882,178.3589743589743,173.09549
1883,135.7105263157895,160.88084
1884,124.63157894736844,127.402985
1885,107.64102564102559,127.75853
1886,113.63157894736841,109.905334
1887,108.78947368421056,117.95046
1888,103.60526315789471,108.74781
1889,95.0789473684211,111.77645
1890,114.47368421052637,95.26212
1891,101.47368421052632,98.44301
1892,110.5128205128205,100.56662
1893,100.71052631578952,102.979706
1894,102.3421052631579,99.81176
1895,102.99999999999997,101.27693
1896,100.28947368421049,103.77459
1897,97.00000000000001,104.947685
1898,93.6578947368421,97.58779
1899,96.48717948717946,99.043106
1900,102.10526315789473,101.78321
1901,109.42105263157896,104.06696
1902,121.34210526315788,116.49512
1903,123.25641025641028,118.4316
1904,128.97368421052633,123.09204
1905,215.7105263157895,121.54543
1906,333.58974358974365,244.73148
1907,355.9736842105264,239.91658
1908,348.05263157894717,426.65576
1909,341.05128205128204,313.89108
1910,300.0,206.30888
1911,216.44736842105257,153.3969
1912,163.0,193.90067
1913,156.52631578947364,183.45302
1914,159.21052631578954,160.49677
1915,143.9736842105263,164.54253
1916,138.66666666666666,139.64513
1917,137.94736842105266,144.6498
1918,140.26315789473682,141.4771
1919,135.1578947368421,146.6778
1920,129.68421052631578,137.7969
1921,128.68421052631575,143.28738
1922,125.02631578947373,130.94893
1923,118.71052631578951,134.39287
1924,113.82051282051285,119.02171
1925,105.3157894736842,120.88399
1926,100.76315789473686,103.9069
1927,102.92307692307696,105.10826
1928,104.28947368421048,103.75559
1929,169.42105263157893,104.025505
1930,286.78947368421046,205.07468
1931,293.26315789473676,196.82056
1932,245.13157894736838,304.45413
1933,170.68421052631584,266.065
1934,160.3947368421052,152.97963
1935,137.2368421052632,145.69313
1936,139.7179487179487,129.27136
1937,156.21052631578945,126.5327
1938,152.05263157894743,154.3038
1939,127.36842105263156,144.732
1940,114.39473684210525,124.87808
1941,116.17948717948717,130.59167
1942,113.50000000000003,130.95932
1943,118.92105263157897,136.13022
1944,121.1842105263158,121.87701
1945,122.07894736842101,122.93184
1946,125.89473684210532,122.45517
1947,129.3684210526316,122.836655
1948,134.28947368421055,130.01646
1949,120.81578947368423,129.98378
1950,125.69230769230762,119.7293
1951,235.9473684210527,122.504166
1952,315.421052631579,268.55417
1953,316.82051282051293,271.71542
1954,320.28947368421046,310.30673
1955,303.15789473684197,257.24042
1956,183.92105263157887,239.92633
1957,137.13157894736844,204.64503
1958,122.57894736842107,131.25894
1959,120.17948717948724,126.48372
1960,117.68421052631584,117.33876
1961,120.23684210526321,115.805084
1962,123.68421052631578,120.81696
1963,120.28947368421056,123.084274
1964,122.30769230769229,121.61667
1965,124.10526315789474,125.261505
1966,140.10526315789468,125.42151
1967,132.94736842105266,125.99271
1968,125.31578947368428,133.10768
1969,127.94736842105263,134.71872
1970,207.71052631578948,134.11017
1971,286.66666666666663,137.47643
1972,318.6052631578948,317.51328
1973,336.6842105263158,319.9715
1974,320.7368421052631,284.59396
1975,293.92105263157885,217.57397
1976,260.1578947368422,265.68552
1977,230.97368421052636,244.24153
1978,192.8205128205129,217.49265
1979,182.94736842105266,205.30638
1980,191.81578947368416,182.30722
1981,172.10526315789474,182.58606
1982,165.2631578947369,169.00465
1983,164.3157894736842,173.87517
1984,168.6052631578947,173.46472
1985,163.23684210526318,178.71709
1986,152.3947368421052,163.70836
1987,146.50000000000003,166.94847
1988,150.63157894736844,147.27223
1989,189.51282051282047,150.51787
1990,255.26315789473693,223.103
1991,184.65789473684214,233.04382
1992,140.4736842105264,172.87343
1993,130.55263157894737,173.64459
1994,131.1282051282052,127.264694
1995,128.8421052631579,124.12399
1996,122.34210526315783,125.550064
1997,213.78947368421052,123.52124
1998,156.73684210526315,291.05243
1999,147.35897435897442,323.4636
2000,170.84210526315795,150.5319
2001,155.71052631578945,149.9821
2002,165.07894736842098,147.86052
2003,122.3947368421052,142.90001
2004,116.44736842105262,113.84223
2005,109.6315789473684,113.33119
2006,109.71794871794874,108.045395
2007,109.07894736842108,108.18198
2008,104.94736842105259,108.977745
2009,100.6842105263158,109.45759
2010,99.05263157894733,99.845
2011,99.55263157894734,100.37496
2012,113.34210526315788,99.541855
2013,232.60526315789468,99.58635
2014,285.7179487179486,273.07623
2015,308.2631578947367,301.7997
2016,319.5135135135135,329.89648
2017,277.4210526315791,279.59302
2018,206.58974358974362,228.57193
2019,154.10526315789474,194.3587
2020,242.39473684210515,142.6247
2021,265.78947368421063,137.54211
2022,203.3684210526315,216.38791
2023,164.57894736842113,177.19048
2024,153.23684210526318,160.98407
2025,150.02631578947364,164.42018
2026,174.58974358974356,154.82045
2027,229.52631578947378,159.18674
2028,314.1052631578947,249.89372
2029,334.078947368421,227.06209
2030,303.1315789473683,320.55365
2031,296.02631578947376,282.90204
2032,320.65789473684214,274.55527
2033,324.9210526315791,251.69272
2034,290.9230769230769,301.24774
2035,257.60526315789474,272.25452
2036,240.49999999999991,245.8162
2037,221.05128205128196,234.878
2038,222.8684210526316,217.54924
2039,292.00000000000006,217.49596
2040,293.8684210526317,325.5421
2041,262.66666666666674,320.15073
2042,275.5789473684211,256.99362
2043,297.47368421052624,261.56912
2044,311.7948717948717,302.5768
2045,326.9736842105264,291.03262
2046,331.55263157894746,317.2613
2047,323.7894736842104,299.4948
2048,310.10526315789485,309.012
2049,246.3846153846153,298.9934
2050,167.6842105263158,233.78943
2051,154.9736842105263,229.87729
2052,154.6052631578947,166.98096
2053,162.6315789473684,179.35417
2054,180.7105263157895,154.71724
2055,183.18421052631575,146.07742
2056,191.20512820512818,177.34952
2057,171.9736842105263,170.86662
2058,166.2631578947369,165.09534
2059,156.6052631578947,165.74484
2060,152.5526315789474,156.3693
2061,151.79487179487177,159.14713
2062,158.28947368421052,153.71461
2063,141.99999999999994,155.51154
2064,128.36842105263156,140.20045
2065,129.76315789473685,142.50597
2066,137.28947368421055,132.04088
2067,140.0526315789474,133.91516
2068,149.5641025641025,141.30638
2069,160.5,142.32112
2070,198.0263157894737,161.7371
2071,301.1842105263158,161.74316
2072,311.02564102564105,325.32684
2073,259.76315789473676,328.9707
2074,207.5526315789474,230.38194
2075,196.44736842105263,213.66669
2076,191.84210526315783,193.37956
2077,206.81578947368416,189.09464
2078,210.28947368421055,205.02527
2079,189.17948717948715,195.54768
2080,201.99999999999997,183.53308
2081,168.921052631579,184.01503
2082,183.76315789473685,166.91943
2083,154.02631578947373,174.75562
2084,147.12820512820517,153.12001
2085,154.6052631578947,159.93887
2086,158.31578947368416,158.6729
2087,156.21052631578945,159.99657
2088,162.421052631579,156.91916
2089,143.94736842105263,158.47395
2090,145.05263157894734,142.01321
2091,164.18421052631578,145.1036
2092,174.8421052631579,188.38277
2093,189.6410256410257,195.3518
2094,180.0263157894736,193.46114
2095,312.26315789473676,192.83374
2096,320.1315789473685,360.22583
2097,323.34210526315775,350.69806
2098,324.3947368421052,290.10944
2099,283.33333333333337,259.7407
2100,211.39473684210523,254.65982
2101,181.7631578947369,243.85358
2102,175.3421052631579,176.9388
2103,153.4473684210527,173.082
2104,171.51282051282047,149.24438
2105,148.1578947368421,151.08514
2106,146.21052631578954,145.06009
2107,161.78947368421046,150.70294
2108,185.2894736842105,171.82883
2109,170.5526315789474,172.75021
2110,140.0,163.59058
2111,132.15789473684214,161.0732
2112,133.8157894736842,134.27669
2113,150.52631578947373,138.50241
2114,289.89743589743586,165.75648
2115,284.26315789473676,168.1979
2116,310.6842105263159,274.1809
2117,263.86842105263156,246.15297
2118,174.23076923076923,231.06201
2119,150.86842105263156,215.07404
2120,151.94736842105263,143.95862
2121,147.84210526315783,137.14929
2122,152.26315789473688,141.09854
2123,162.69230769230776,136.8565
2124,192.6842105263157,163.42883
2125,207.78947368421046,159.25836
2126,197.3421052631579,205.96092
2127,188.4102564102565,194.79897
2128,176.68421052631575,184.21873
2129,161.81578947368425,180.34354
2130,157.89473684210532,160.07019
2131,151.5,161.75406
2132,146.15789473684208,151.23503
2133,146.078947368421,152.12495
2134,142.4736842105263,146.84848
2135,150.6842105263158,147.7643
2136,169.43589743589746,154.12625
2137,141.0263157894736,154.83647
2138,142.57894736842107,137.0636
2139,161.78571428571425,140.11884
